pct_pop,cum_bad,cum_good,ks,p
0.00016666666666666666,0.0,0.00021399529210357372,0.00021399529210357372,0.6439780507102802
0.0003333333333333333,0.0,0.00042799058420714745,0.00042799058420714745,0.6439780507102802
0.0005,0.0007535795026375283,0.00042799058420714745,0.0003255889184303808,0.6439780507102802
0.0006666666666666666,0.0015071590052750565,0.00042799058420714745,0.001079168421067909,0.6439780507102802
0.0008333333333333334,0.002260738507912585,0.00042799058420714745,0.0018327479237054372,0.6439780507102802
0.001,0.002260738507912585,0.0006419858763107211,0.0016187526316018637,0.6439780507102802
0.0011666666666666668,0.003014318010550113,0.0006419858763107211,0.0023723321342393917,0.6439780507102802
0.0013333333333333333,0.003014318010550113,0.0008559811684142949,0.002158336842135818,0.6439780507102802
0.0015,0.0037678975131876413,0.0008559811684142949,0.0029119163447733467,0.6439780507102802
0.0016666666666666668,0.00452147701582517,0.0008559811684142949,0.0036654958474108745,0.6439780507102802
0.0018333333333333333,0.0052750565184626974,0.0008559811684142949,0.004419075350048402,0.6439780507102802
0.002,0.006028636021100226,0.0008559811684142949,0.005172654852685931,0.6439780507102802
0.0021666666666666666,0.006782215523737754,0.0008559811684142949,0.005926234355323459,0.6439780507102802
0.0023333333333333335,0.007535795026375283,0.0008559811684142949,0.006679813857960988,0.6439780507102802
0.0025,0.007535795026375283,0.0010699764605178687,0.006465818565857414,0.6439780507102802
0.0026666666666666666,0.008289374529012811,0.0010699764605178687,0.0072193980684949425,0.6439780507102802
0.0028333333333333335,0.00904295403165034,0.0010699764605178687,0.00797297757113247,0.6439780507102802
0.003,0.009796533534287867,0.0010699764605178687,0.008726557073769998,0.6439780507102802
0.0031666666666666666,0.009796533534287867,0.0012839717526214422,0.008512561781666424,0.6439780507102802
0.0033333333333333335,0.010550113036925395,0.0012839717526214422,0.009266141284303952,0.6439780507102802
0.0035,0.011303692539562924,0.0012839717526214422,0.010019720786941482,0.6439780507102802
0.0036666666666666666,0.012057272042200452,0.0012839717526214422,0.01077330028957901,0.6439780507102802
0.003833333333333333,0.01281085154483798,0.0012839717526214422,0.011526879792216537,0.6439780507102802
0.004,0.01281085154483798,0.001497967044725016,0.011312884500112964,0.6439780507102802
0.004166666666666667,0.013564431047475508,0.001497967044725016,0.012066464002750492,0.6439780507102802
0.004333333333333333,0.013564431047475508,0.0017119623368285898,0.011852468710646918,0.6439780507102802
0.0045,0.014318010550113038,0.0017119623368285898,0.012606048213284447,0.6439780507102802
0.004666666666666667,0.015071590052750565,0.0017119623368285898,0.013359627715921975,0.6439780507102802
0.004833333333333334,0.015071590052750565,0.0019259576289321636,0.013145632423818401,0.6439780507102802
0.005,0.015825169555388093,0.0019259576289321636,0.01389921192645593,0.6439780507102802
0.005166666666666667,0.016578749058025623,0.0019259576289321636,0.014652791429093459,0.6439780507102802
0.005333333333333333,0.01733232856066315,0.0019259576289321636,0.015406370931730985,0.6439780507102802
0.0055,0.01808590806330068,0.0019259576289321636,0.016159950434368516,0.6439780507102802
0.005666666666666667,0.018839487565938208,0.0019259576289321636,0.016913529937006046,0.6439780507102802
0.005833333333333334,0.019593067068575734,0.0019259576289321636,0.017667109439643572,0.6439780507102802
0.006,0.020346646571213264,0.0019259576289321636,0.0184206889422811,0.6439780507102802
0.006166666666666667,0.02110022607385079,0.0019259576289321636,0.019174268444918628,0.6439780507102802
0.006333333333333333,0.02185380557648832,0.0019259576289321636,0.019927847947556157,0.6439780507102802
0.0065,0.02260738507912585,0.0019259576289321636,0.020681427450193687,0.6439780507102802
0.006666666666666667,0.023360964581763375,0.0019259576289321636,0.021435006952831213,0.6439780507102802
0.006833333333333334,0.023360964581763375,0.0021399529210357373,0.021221011660727637,0.6439780507102802
0.007,0.024114544084400905,0.0021399529210357373,0.021974591163365167,0.6439780507102802
0.007166666666666667,0.024868123587038434,0.0021399529210357373,0.022728170666002696,0.6439780507102802
0.007333333333333333,0.02562170308967596,0.0021399529210357373,0.023481750168640222,0.6439780507102802
0.0075,0.02637528259231349,0.0021399529210357373,0.024235329671277752,0.6439780507102802
0.007666666666666666,0.027128862094951016,0.0021399529210357373,0.024988909173915278,0.6439780507102802
0.007833333333333333,0.027128862094951016,0.002353948213139311,0.024774913881811706,0.6439780507102802
0.008,0.027882441597588545,0.002353948213139311,0.025528493384449236,0.6439780507102802
0.008166666666666666,0.028636021100226075,0.002353948213139311,0.026282072887086765,0.6439780507102802
0.008333333333333333,0.0293896006028636,0.002353948213139311,0.02703565238972429,0.6439780507102802
0.0085,0.03014318010550113,0.002353948213139311,0.02778923189236182,0.6439780507102802
0.008666666666666666,0.03089675960813866,0.002353948213139311,0.02854281139499935,0.6439780507102802
0.008833333333333334,0.031650339110776186,0.002353948213139311,0.029296390897636877,0.6439780507102802
0.009,0.031650339110776186,0.0025679435052428845,0.0290823956055333,0.6439780507102802
0.009166666666666667,0.03240391861341371,0.0025679435052428845,0.029835975108170827,0.6439780507102802
0.009333333333333334,0.03240391861341371,0.0027819387973464582,0.029621979816067255,0.6439780507102802
0.0095,0.033157498116051246,0.0027819387973464582,0.030375559318704788,0.6439780507102802
0.009666666666666667,0.03391107761868877,0.0027819387973464582,0.031129138821342314,0.6439780507102802
0.009833333333333333,0.0346646571213263,0.0027819387973464582,0.03188271832397984,0.6439780507102802
0.01,0.03541823662396383,0.0027819387973464582,0.03263629782661737,0.6439780507102802
0.010166666666666666,0.03541823662396383,0.002995934089450032,0.0324223025345138,0.6439780507102802
0.010333333333333333,0.03617181612660136,0.002995934089450032,0.03317588203715133,0.6439780507102802
0.0105,0.03692539562923888,0.002995934089450032,0.033929461539788854,0.6439780507102802
0.010666666666666666,0.037678975131876416,0.002995934089450032,0.03468304104242639,0.6439780507102802
0.010833333333333334,0.03843255463451394,0.002995934089450032,0.03543662054506391,0.6439780507102802
0.011,0.03918613413715147,0.002995934089450032,0.03619020004770144,0.6439780507102802
0.011166666666666667,0.039939713639788994,0.002995934089450032,0.036943779550338965,0.6439780507102802
0.011333333333333334,0.04069329314242653,0.002995934089450032,0.0376973590529765,0.6439780507102802
0.0115,0.04144687264506405,0.002995934089450032,0.038450938555614024,0.6439780507102802
0.011666666666666667,0.04220045214770158,0.002995934089450032,0.03920451805825155,0.6439780507102802
0.011833333333333333,0.04295403165033911,0.002995934089450032,0.03995809756088908,0.6439780507102802
0.012,0.04370761115297664,0.002995934089450032,0.04071167706352661,0.6439780507102802
0.012166666666666666,0.044461190655614165,0.002995934089450032,0.041465256566164135,0.6439780507102802
0.012333333333333333,0.0452147701582517,0.002995934089450032,0.04221883606880167,0.6439780507102802
0.0125,0.045968349660889224,0.002995934089450032,0.042972415571439194,0.6439780507102802
0.012666666666666666,0.04672192916352675,0.002995934089450032,0.04372599507407672,0.6439780507102802
0.012833333333333334,0.04747550866616428,0.002995934089450032,0.044479574576714254,0.6439780507102802
0.013,0.04747550866616428,0.003209929381553606,0.044265579284610675,0.6439780507102802
0.013166666666666667,0.04822908816880181,0.003209929381553606,0.0450191587872482,0.6439780507102802
0.013333333333333334,0.04822908816880181,0.0034239246736571796,0.04480516349514463,0.6439780507102802
0.0135,0.048982667671439335,0.0034239246736571796,0.045558742997782155,0.6439780507102802
0.013666666666666667,0.04973624717407687,0.0034239246736571796,0.04631232250041969,0.6439780507102802
0.013833333333333333,0.050489826676714394,0.0034239246736571796,0.047065902003057214,0.6439780507102802
0.014,0.05124340617935192,0.0034239246736571796,0.04781948150569474,0.6439780507102802
0.014166666666666666,0.05124340617935192,0.0036379199657607534,0.04760548621359117,0.6439780507102802
0.014333333333333333,0.05199698568198945,0.0036379199657607534,0.048359065716228694,0.6439780507102802
0.0145,0.05275056518462698,0.0036379199657607534,0.04911264521886623,0.6439780507102802
0.014666666666666666,0.053504144687264506,0.0036379199657607534,0.04986622472150375,0.6439780507102802
0.014833333333333334,0.05425772418990203,0.0036379199657607534,0.05061980422414128,0.6439780507102802
0.015,0.055011303692539565,0.0036379199657607534,0.05137338372677881,0.6439780507102802
0.015166666666666667,0.055011303692539565,0.003851915257864327,0.05115938843467524,0.6439780507102802
0.015333333333333332,0.05576488319517709,0.003851915257864327,0.051912967937312766,0.6439780507102802
0.0155,0.05651846269781462,0.003851915257864327,0.05266654743995029,0.6439780507102802
0.015666666666666666,0.05727204220045215,0.003851915257864327,0.053420126942587826,0.6439780507102802
0.015833333333333335,0.058025621703089676,0.003851915257864327,0.05417370644522535,0.6439780507102802
0.016,0.058025621703089676,0.004065910549967901,0.05395971115312177,0.6439780507102802
0.016166666666666666,0.058025621703089676,0.004279905842071475,0.0537457158610182,0.6439780507102802
0.01633333333333333,0.0587792012057272,0.004279905842071475,0.05449929536365573,0.6439780507102802
0.0165,0.059532780708364735,0.004279905842071475,0.05525287486629326,0.6439780507102802
0.016666666666666666,0.059532780708364735,0.0044939011341750485,0.05503887957418969,0.6439780507102802
0.016833333333333332,0.06028636021100226,0.0044939011341750485,0.055792459076827214,0.6439780507102802
0.017,0.06103993971363979,0.0044939011341750485,0.05654603857946474,0.6439780507102802
0.017166666666666667,0.06179351921627732,0.0044939011341750485,0.05729961808210227,0.6439780507102802
0.017333333333333333,0.06254709871891484,0.0044939011341750485,0.05805319758473979,0.6439780507102802
0.0175,0.06330067822155237,0.0044939011341750485,0.058806777087377325,0.6439780507102802
0.017666666666666667,0.06330067822155237,0.004707896426278622,0.05859278179527375,0.6439780507102802
0.017833333333333333,0.06330067822155237,0.004921891718382195,0.058378786503170174,0.6439780507102802
0.018,0.0640542577241899,0.004921891718382195,0.05913236600580771,0.6439780507102802
0.018166666666666668,0.06480783722682742,0.004921891718382195,0.059885945508445226,0.6439780507102802
0.018333333333333333,0.06556141672946496,0.004921891718382195,0.06063952501108276,0.6439780507102802
0.0185,0.06631499623210249,0.004921891718382195,0.06139310451372029,0.6439780507102802
0.018666666666666668,0.06706857573474001,0.004921891718382195,0.06214668401635781,0.6439780507102802
0.018833333333333334,0.06782215523737754,0.004921891718382195,0.06290026351899534,0.6439780507102802
0.019,0.06782215523737754,0.005135887010485769,0.06268626822689177,0.6439780507102802
0.019166666666666665,0.06857573474001508,0.005135887010485769,0.0634398477295293,0.6439780507102802
0.019333333333333334,0.0693293142426526,0.005135887010485769,0.06419342723216682,0.6439780507102802
0.0195,0.07008289374529013,0.005135887010485769,0.06494700673480436,0.6439780507102802
0.019666666666666666,0.07083647324792766,0.005135887010485769,0.06570058623744189,0.6439780507102802
0.019833333333333335,0.07159005275056518,0.005135887010485769,0.06645416574007941,0.6439780507102802
0.02,0.07234363225320271,0.005135887010485769,0.06720774524271694,0.6439780507102802
0.020166666666666666,0.07309721175584025,0.005135887010485769,0.06796132474535448,0.6439780507102802
0.02033333333333333,0.07385079125847777,0.005135887010485769,0.068714904247992,0.6439780507102802
0.0205,0.0746043707611153,0.005135887010485769,0.06946848375062953,0.6439780507102802
0.020666666666666667,0.07535795026375283,0.005135887010485769,0.07022206325326706,0.6439780507102802
0.020833333333333332,0.07611152976639035,0.005135887010485769,0.07097564275590458,0.6439780507102802
0.021,0.07686510926902788,0.005135887010485769,0.07172922225854211,0.6439780507102802
0.021166666666666667,0.07761868877166542,0.005135887010485769,0.07248280176117965,0.6439780507102802
0.021333333333333333,0.07837226827430294,0.005135887010485769,0.07323638126381717,0.6439780507102802
0.0215,0.07912584777694047,0.005135887010485769,0.0739899607664547,0.6439780507102802
0.021666666666666667,0.07912584777694047,0.005349882302589343,0.07377596547435113,0.6439780507102802
0.021833333333333333,0.07987942727957799,0.005349882302589343,0.07452954497698865,0.6439780507102802
0.022,0.08063300678221552,0.005349882302589343,0.07528312447962618,0.6439780507102802
0.022166666666666668,0.08138658628485305,0.005349882302589343,0.07603670398226371,0.6439780507102802
0.022333333333333334,0.08214016578749057,0.005349882302589343,0.07679028348490123,0.6439780507102802
0.0225,0.08214016578749057,0.0055638775946929165,0.07657628819279766,0.6439780507102802
0.02266666666666667,0.0828937452901281,0.0055638775946929165,0.07732986769543519,0.6439780507102802
0.022833333333333334,0.08364732479276564,0.0055638775946929165,0.07808344719807273,0.6416175834652935
0.023,0.08440090429540316,0.0055638775946929165,0.07883702670071024,0.6416175834652935
0.023166666666666665,0.08440090429540316,0.00577787288679649,0.07862303140860667,0.6416175834652935
0.023333333333333334,0.08515448379804069,0.00577787288679649,0.0793766109112442,0.6416175834652935
0.0235,0.08590806330067823,0.00577787288679649,0.08013019041388174,0.6416175834652935
0.023666666666666666,0.08666164280331574,0.00577787288679649,0.08088376991651926,0.6416175834652935
0.023833333333333335,0.08741522230595328,0.00577787288679649,0.08163734941915679,0.6416175834652935
0.024,0.08816880180859081,0.00577787288679649,0.08239092892179432,0.6416175834652935
0.024166666666666666,0.08892238131122833,0.00577787288679649,0.08314450842443184,0.6416175834652935
0.024333333333333332,0.08967596081386586,0.00577787288679649,0.08389808792706938,0.6416175834652935
0.0245,0.0904295403165034,0.00577787288679649,0.08465166742970691,0.6416175834652935
0.024666666666666667,0.09118311981914091,0.00577787288679649,0.08540524693234443,0.6416175834652935
0.024833333333333332,0.09118311981914091,0.005991868178900064,0.08519125164024086,0.6390244892884188
0.025,0.09193669932177845,0.005991868178900064,0.08594483114287839,0.6390244892884188
0.025166666666666667,0.09193669932177845,0.006205863471003638,0.08573083585077482,0.6390244892884188
0.025333333333333333,0.09269027882441598,0.006205863471003638,0.08648441535341234,0.6390244892884188
0.0255,0.0934438583270535,0.006205863471003638,0.08723799485604986,0.6390244892884188
0.025666666666666667,0.09419743782969103,0.006205863471003638,0.0879915743586874,0.6390244892884188
0.025833333333333333,0.09495101733232857,0.006205863471003638,0.08874515386132492,0.6390244892884188
0.026,0.09570459683496609,0.006205863471003638,0.08949873336396244,0.6390244892884188
0.026166666666666668,0.09570459683496609,0.006419858763107212,0.08928473807185887,0.6382212108506874
0.026333333333333334,0.09645817633760362,0.006419858763107212,0.0900383175744964,0.6382212108506874
0.0265,0.09721175584024115,0.006419858763107212,0.09079189707713393,0.6382212108506874
0.02666666666666667,0.09796533534287867,0.006419858763107212,0.09154547657977145,0.6382212108506874
0.026833333333333334,0.09796533534287867,0.006633854055210785,0.09133148128766788,0.6382212108506874
0.027,0.0987189148455162,0.006633854055210785,0.09208506079030541,0.6382212108506874
0.027166666666666665,0.09947249434815374,0.006633854055210785,0.09283864029294295,0.63633037788163
0.027333333333333334,0.10022607385079126,0.006633854055210785,0.09359221979558047,0.63633037788163
0.0275,0.10097965335342879,0.006633854055210785,0.094345799298218,0.6339449059432766
0.027666666666666666,0.10173323285606632,0.006633854055210785,0.09509937880085553,0.6339449059432766
0.027833333333333335,0.10173323285606632,0.006847849347314359,0.09488538350875196,0.6339449059432766
0.028,0.10173323285606632,0.007061844639417933,0.09467138821664839,0.6339449059432766
0.028166666666666666,0.10248681235870384,0.007061844639417933,0.09542496771928591,0.6320641632499191
0.028333333333333332,0.10324039186134137,0.007061844639417933,0.09617854722192344,0.6316084255282401
0.0285,0.10324039186134137,0.007275839931521507,0.09596455192981987,0.6293946530422091
0.028666666666666667,0.10324039186134137,0.0074898352236250805,0.0957505566377163,0.6293946530422091
0.028833333333333332,0.1039939713639789,0.0074898352236250805,0.09650413614035382,0.6293946530422091
0.029,0.10474755086661643,0.0074898352236250805,0.09725771564299135,0.6293946530422091
0.029166666666666667,0.10474755086661643,0.007703830515728654,0.09704372035088778,0.6293946530422091
0.029333333333333333,0.10474755086661643,0.007917825807832228,0.0968297250587842,0.6292082355155603
0.0295,0.10550113036925396,0.007917825807832228,0.09758330456142172,0.6288244498011241
0.029666666666666668,0.10625470987189148,0.007917825807832228,0.09833688406405924,0.6288244498011241
0.029833333333333333,0.10700828937452901,0.007917825807832228,0.09909046356669679,0.6288244498011241
0.03,0.10776186887716654,0.007917825807832228,0.09984404306933431,0.6288244498011241
0.030166666666666668,0.10776186887716654,0.008131821099935802,0.09963004777723074,0.6288244498011241
0.030333333333333334,0.10851544837980406,0.008131821099935802,0.10038362727986826,0.6288244498011241
0.0305,0.1092690278824416,0.008131821099935802,0.10113720678250579,0.6288244498011241
0.030666666666666665,0.11002260738507913,0.008131821099935802,0.10189078628514332,0.6288244498011241
0.030833333333333334,0.11077618688771665,0.008131821099935802,0.10264436578778084,0.6288244498011241
0.031,0.11152976639035418,0.008131821099935802,0.10339794529041837,0.6288244498011241
0.031166666666666665,0.11228334589299171,0.008131821099935802,0.10415152479305591,0.6288244498011241
0.03133333333333333,0.11228334589299171,0.008345816392039376,0.10393752950095234,0.6288244498011241
0.0315,0.11303692539562923,0.008345816392039376,0.10469110900358986,0.6288244498011241
0.03166666666666667,0.11379050489826677,0.008345816392039376,0.10544468850622739,0.6288244498011241
0.03183333333333333,0.11379050489826677,0.00855981168414295,0.10523069321412382,0.6288244498011241
0.032,0.1145440844009043,0.00855981168414295,0.10598427271676135,0.6288244498011241
0.03216666666666667,0.11529766390354182,0.00855981168414295,0.10673785221939887,0.6288244498011241
0.03233333333333333,0.11605124340617935,0.00855981168414295,0.1074914317220364,0.6269877525144834
0.0325,0.11605124340617935,0.008773806976246523,0.10727743642993283,0.6261873028747879
0.03266666666666666,0.11680482290881689,0.008773806976246523,0.10803101593257036,0.6241034994105602
0.03283333333333333,0.11680482290881689,0.008987802268350097,0.10781702064046679,0.6241034994105602
0.033,0.1175584024114544,0.008987802268350097,0.10857060014310431,0.6241034994105602
0.033166666666666664,0.11831198191409194,0.008987802268350097,0.10932417964574184,0.6241034994105602
0.03333333333333333,0.11906556141672947,0.008987802268350097,0.11007775914837938,0.6241034994105602
0.0335,0.11981914091936699,0.008987802268350097,0.1108313386510169,0.6241034994105602
0.033666666666666664,0.11981914091936699,0.00920179756045367,0.11061734335891332,0.6241034994105602
0.03383333333333333,0.12057272042200452,0.00920179756045367,0.11137092286155086,0.6241034994105602
0.034,0.12132629992464206,0.00920179756045367,0.11212450236418839,0.6241034994105602
0.034166666666666665,0.12207987942727958,0.00920179756045367,0.11287808186682591,0.6241034994105602
0.034333333333333334,0.12283345892991711,0.00920179756045367,0.11363166136946344,0.6241034994105602
0.0345,0.12358703843255464,0.00920179756045367,0.11438524087210097,0.6241034994105602
0.034666666666666665,0.12434061793519216,0.00920179756045367,0.1151388203747385,0.6241034994105602
0.034833333333333334,0.12509419743782968,0.00920179756045367,0.11589239987737601,0.6241034994105602
0.035,0.12584777694046723,0.00920179756045367,0.11664597938001356,0.6241034994105602
0.035166666666666666,0.12660135644310475,0.00920179756045367,0.11739955888265108,0.6241034994105602
0.035333333333333335,0.12735493594574226,0.00920179756045367,0.1181531383852886,0.6241034994105602
0.0355,0.1281085154483798,0.00920179756045367,0.11890671788792614,0.6241034994105602
0.035666666666666666,0.1281085154483798,0.009415792852557245,0.11869272259582257,0.6241034994105602
0.035833333333333335,0.12886209495101733,0.009415792852557245,0.11944630209846009,0.6241034994105602
0.036,0.12886209495101733,0.009629788144660818,0.11923230680635652,0.6241034994105602
0.036166666666666666,0.12961567445365485,0.009629788144660818,0.11998588630899404,0.6241034994105602
0.036333333333333336,0.1303692539562924,0.009629788144660818,0.12073946581163159,0.6241034994105602
0.0365,0.13112283345892992,0.009629788144660818,0.1214930453142691,0.6241034994105602
0.03666666666666667,0.13112283345892992,0.00984378343676439,0.12127905002216552,0.6241034994105602
0.036833333333333336,0.13187641296156744,0.00984378343676439,0.12203262952480304,0.6241034994105602
0.037,0.13262999246420498,0.00984378343676439,0.12278620902744058,0.6241034994105602
0.03716666666666667,0.1333835719668425,0.00984378343676439,0.1235397885300781,0.6241034994105602
0.037333333333333336,0.13413715146948002,0.00984378343676439,0.12429336803271562,0.6241034994105602
0.0375,0.13413715146948002,0.010057778728867964,0.12407937274061205,0.6241034994105602
0.03766666666666667,0.13413715146948002,0.010271774020971538,0.12386537744850848,0.6241034994105602
0.03783333333333333,0.13489073097211757,0.010271774020971538,0.12461895695114603,0.6241034994105602
0.038,0.1356443104747551,0.010271774020971538,0.12537253645378355,0.6241034994105602
0.03816666666666667,0.1363978899773926,0.010271774020971538,0.12612611595642106,0.6241034994105602
0.03833333333333333,0.13715146948003015,0.010271774020971538,0.1268796954590586,0.6241034994105602
0.0385,0.13790504898266767,0.010271774020971538,0.12763327496169613,0.6241034994105602
0.03866666666666667,0.1386586284853052,0.010271774020971538,0.12838685446433365,0.6241034994105602
0.03883333333333333,0.13941220798794274,0.010271774020971538,0.1291404339669712,0.6241034994105602
0.039,0.14016578749058026,0.010271774020971538,0.12989401346960872,0.6241034994105602
0.03916666666666667,0.14091936699321778,0.010271774020971538,0.13064759297224623,0.6241034994105602
0.03933333333333333,0.14167294649585532,0.010271774020971538,0.13140117247488378,0.623770895030237
0.0395,0.14242652599849284,0.010271774020971538,0.1321547519775213,0.623770895030237
0.03966666666666667,0.14318010550113036,0.010271774020971538,0.13290833148015882,0.623770895030237
0.03983333333333333,0.1439336850037679,0.010271774020971538,0.13366191098279637,0.623770895030237
0.04,0.14468726450640543,0.010271774020971538,0.13441549048543389,0.623770895030237
0.04016666666666667,0.14468726450640543,0.010485769313075112,0.13420149519333033,0.623770895030237
0.04033333333333333,0.14544084400904295,0.010485769313075112,0.13495507469596785,0.623770895030237
0.0405,0.1461944235116805,0.010485769313075112,0.1357086541986054,0.623770895030237
0.04066666666666666,0.1461944235116805,0.010699764605178685,0.1354946589065018,0.623770895030237
0.04083333333333333,0.1461944235116805,0.01091375989728226,0.13528066361439822,0.6183622279117279
0.041,0.1461944235116805,0.011127755189385833,0.13506666832229466,0.6168457725072345
0.041166666666666664,0.146948003014318,0.011127755189385833,0.13582024782493218,0.6168457725072345
0.04133333333333333,0.146948003014318,0.011341750481489407,0.1356062525328286,0.6168457725072345
0.0415,0.14770158251695553,0.011341750481489407,0.13635983203546612,0.6168457725072345
0.041666666666666664,0.14845516201959308,0.011341750481489407,0.13711341153810366,0.6168457725072345
0.041833333333333333,0.1492087415222306,0.011341750481489407,0.13786699104074118,0.6168457725072345
0.042,0.1492087415222306,0.01155574577359298,0.13765299574863762,0.6168457725072345
0.042166666666666665,0.14996232102486812,0.01155574577359298,0.13840657525127514,0.6168457725072345
0.042333333333333334,0.14996232102486812,0.011769741065696554,0.13819257995917156,0.6168457725072345
0.0425,0.15071590052750566,0.011769741065696554,0.1389461594618091,0.6168457725072345
0.042666666666666665,0.15146948003014318,0.011769741065696554,0.13969973896444662,0.6168457725072345
0.042833333333333334,0.1522230595327807,0.011769741065696554,0.14045331846708414,0.6168457725072345
0.043,0.15297663903541825,0.011769741065696554,0.1412068979697217,0.6168457725072345
0.043166666666666666,0.15373021853805577,0.011769741065696554,0.1419604774723592,0.6168457725072345
0.043333333333333335,0.1544837980406933,0.011769741065696554,0.14271405697499673,0.6168457725072345
0.0435,0.15523737754333083,0.011769741065696554,0.14346763647763427,0.6168457725072345
0.043666666666666666,0.15523737754333083,0.011983736357800128,0.14325364118553072,0.6168457725072345
0.043833333333333335,0.15523737754333083,0.012197731649903702,0.14303964589342713,0.6168457725072345
0.044,0.15523737754333083,0.012411726942007276,0.14282565060132357,0.6168457725072345
0.04416666666666667,0.15599095704596835,0.012411726942007276,0.14357923010396106,0.6168457725072345
0.044333333333333336,0.15674453654860587,0.012411726942007276,0.1443328096065986,0.6168457725072345
0.0445,0.15674453654860587,0.01262572223411085,0.14411881431449503,0.6168457725072345
0.04466666666666667,0.15749811605124342,0.01262572223411085,0.14487239381713257,0.6168457725072345
0.044833333333333336,0.15825169555388094,0.01262572223411085,0.1456259733197701,0.6168457725072345
0.045,0.15900527505651846,0.01262572223411085,0.1463795528224076,0.6168457725072345
0.04516666666666667,0.15975885455915598,0.01262572223411085,0.14713313232504513,0.6168457725072345
0.04533333333333334,0.15975885455915598,0.012839717526214423,0.14691913703294154,0.6168457725072345
0.0455,0.16051243406179352,0.012839717526214423,0.1476727165355791,0.6168457725072345
0.04566666666666667,0.16126601356443104,0.012839717526214423,0.1484262960382166,0.6168457725072345
0.04583333333333333,0.16201959306706856,0.012839717526214423,0.14917987554085413,0.6168457725072345
0.046,0.1627731725697061,0.012839717526214423,0.14993345504349168,0.6168457725072345
0.04616666666666667,0.16352675207234363,0.012839717526214423,0.1506870345461292,0.6168457725072345
0.04633333333333333,0.16428033157498115,0.012839717526214423,0.15144061404876671,0.6168457725072345
0.0465,0.16428033157498115,0.013053712818317997,0.15122661875666316,0.6168457725072345
0.04666666666666667,0.1650339110776187,0.013053712818317997,0.1519801982593007,0.6168457725072345
0.04683333333333333,0.1657874905802562,0.013053712818317997,0.15273377776193822,0.6168457725072345
0.047,0.16654107008289373,0.013053712818317997,0.15348735726457574,0.6168457725072345
0.04716666666666667,0.16729464958553128,0.013053712818317997,0.1542409367672133,0.6168457725072345
0.04733333333333333,0.1680482290881688,0.013053712818317997,0.1549945162698508,0.6168457725072345
0.0475,0.16880180859080632,0.013053712818317997,0.15574809577248833,0.6168457725072345
0.04766666666666667,0.16955538809344387,0.013053712818317997,0.15650167527512587,0.6168457725072345
0.04783333333333333,0.17030896759608138,0.013053712818317997,0.1572552547777634,0.6168457725072345
0.048,0.17030896759608138,0.01326770811042157,0.1570412594856598,0.6168457725072345
0.04816666666666667,0.17030896759608138,0.013481703402525145,0.15682726419355625,0.6168457725072345
0.04833333333333333,0.17030896759608138,0.013695698694628718,0.15661326890145266,0.6168457725072345
0.0485,0.17030896759608138,0.013909693986732292,0.1563992736093491,0.6168457725072345
0.048666666666666664,0.17030896759608138,0.014123689278835866,0.15618527831724552,0.6168457725072345
0.04883333333333333,0.1710625470987189,0.014123689278835866,0.15693885781988304,0.6168457725072345
0.049,0.17181612660135645,0.014123689278835866,0.15769243732252058,0.6162593152608005
0.049166666666666664,0.17181612660135645,0.01433768457093944,0.157478442030417,0.6162593152608005
0.04933333333333333,0.17256970610399397,0.01433768457093944,0.15823202153305452,0.6162593152608005
0.0495,0.1733232856066315,0.01433768457093944,0.15898560103569204,0.6162593152608005
0.049666666666666665,0.1733232856066315,0.014551679863043013,0.15877160574358848,0.6162593152608005
0.049833333333333334,0.1733232856066315,0.014765675155146587,0.1585576104514849,0.6162593152608005
0.05,0.17407686510926904,0.014765675155146587,0.15931118995412244,0.6162593152608005
0.050166666666666665,0.17407686510926904,0.014979670447250161,0.15909719466201888,0.6162593152608005
0.050333333333333334,0.17407686510926904,0.015193665739353735,0.1588831993699153,0.6162593152608005
0.0505,0.17483044461190655,0.015193665739353735,0.15963677887255281,0.6162593152608005
0.050666666666666665,0.17483044461190655,0.015407661031457309,0.15942278358044926,0.6162593152608005
0.050833333333333335,0.17483044461190655,0.015621656323560882,0.15920878828834567,0.6162593152608005
0.051,0.17558402411454407,0.015621656323560882,0.1599623677909832,0.6162593152608005
0.051166666666666666,0.17633760361718162,0.015621656323560882,0.16071594729362074,0.6162593152608005
0.051333333333333335,0.17709118311981914,0.015621656323560882,0.16146952679625826,0.6162593152608005
0.0515,0.17784476262245666,0.015621656323560882,0.16222310629889578,0.6162593152608005
0.051666666666666666,0.1785983421250942,0.015621656323560882,0.16297668580153332,0.6162593152608005
0.051833333333333335,0.17935192162773173,0.015621656323560882,0.16373026530417084,0.6162593152608005
0.052,0.18010550113036924,0.015621656323560882,0.16448384480680836,0.6162593152608005
0.05216666666666667,0.1808590806330068,0.015621656323560882,0.1652374243094459,0.6162593152608005
0.052333333333333336,0.1808590806330068,0.015835651615664456,0.16502342901734235,0.6162593152608005
0.0525,0.1808590806330068,0.016049646907768028,0.16480943372523876,0.6162593152608005
0.05266666666666667,0.1808590806330068,0.016263642199871604,0.16459543843313518,0.6162593152608005
0.052833333333333336,0.1808590806330068,0.016477637491975176,0.16438144314103162,0.6162593152608005
0.053,0.1816126601356443,0.016477637491975176,0.16513502264366914,0.6162593152608005
0.05316666666666667,0.18236623963828183,0.016477637491975176,0.16588860214630666,0.6162593152608005
0.05333333333333334,0.18311981914091938,0.016477637491975176,0.1666421816489442,0.6162593152608005
0.0535,0.18311981914091938,0.01669163278407875,0.16642818635684062,0.6162593152608005
0.05366666666666667,0.18311981914091938,0.016905628076182323,0.16621419106473706,0.6162593152608005
0.05383333333333333,0.1838733986435569,0.016905628076182323,0.16696777056737458,0.6162593152608005
0.054,0.18462697814619441,0.016905628076182323,0.1677213500700121,0.6162593152608005
0.05416666666666667,0.18462697814619441,0.0171196233682859,0.1675073547779085,0.6162593152608005
0.05433333333333333,0.18538055764883196,0.0171196233682859,0.16826093428054606,0.6162593152608005
0.0545,0.18613413715146948,0.0171196233682859,0.16901451378318358,0.6162593152608005
0.05466666666666667,0.18613413715146948,0.01733361866038947,0.16880051849108002,0.6162593152608005
0.05483333333333333,0.18613413715146948,0.017547613952493046,0.16858652319897643,0.6162593152608005
0.055,0.18613413715146948,0.01776160924459662,0.16837252790687285,0.6162593152608005
0.05516666666666667,0.186887716654107,0.01776160924459662,0.1691261074095104,0.6162593152608005
0.05533333333333333,0.18764129615674455,0.01776160924459662,0.16987968691214794,0.6162593152608005
0.0555,0.18764129615674455,0.017975604536700194,0.16966569162004436,0.6162593152608005
0.05566666666666667,0.18839487565938207,0.017975604536700194,0.17041927112268188,0.6162593152608005
0.05583333333333333,0.18914845516201959,0.017975604536700194,0.1711728506253194,0.6162593152608005
0.056,0.18914845516201959,0.018189599828803766,0.1709588553332158,0.6162593152608005
0.05616666666666666,0.18990203466465713,0.018189599828803766,0.17171243483585336,0.6162593152608005
0.05633333333333333,0.19065561416729465,0.018189599828803766,0.17246601433849088,0.6162593152608005
0.0565,0.19140919366993217,0.018189599828803766,0.1732195938411284,0.6162593152608005
0.056666666666666664,0.19140919366993217,0.01840359512090734,0.17300559854902484,0.6162593152608005
0.05683333333333333,0.19216277317256972,0.01840359512090734,0.17375917805166238,0.6162593152608005
0.057,0.19291635267520724,0.01840359512090734,0.1745127575542999,0.6162593152608005
0.057166666666666664,0.19366993217784476,0.01840359512090734,0.17526633705693742,0.6162593152608005
0.05733333333333333,0.19366993217784476,0.018617590413010913,0.17505234176483384,0.6162593152608005
0.0575,0.19366993217784476,0.01883158570511449,0.17483834647273028,0.6162593152608005
0.057666666666666665,0.1944235116804823,0.01883158570511449,0.17559192597536782,0.6162593152608005
0.057833333333333334,0.19517709118311982,0.01883158570511449,0.17634550547800534,0.6162593152608005
0.058,0.19593067068575734,0.01883158570511449,0.17709908498064286,0.6162593152608005
0.058166666666666665,0.1966842501883949,0.01883158570511449,0.1778526644832804,0.6162593152608005
0.058333333333333334,0.1966842501883949,0.01904558099721806,0.17763866919117682,0.6162593152608005
0.0585,0.1974378296910324,0.01904558099721806,0.17839224869381434,0.6162593152608005
0.058666666666666666,0.19819140919366993,0.01904558099721806,0.17914582819645186,0.6162593152608005
0.058833333333333335,0.19894498869630747,0.01904558099721806,0.1798994076990894,0.6162593152608005
0.059,0.199698568198945,0.01904558099721806,0.18065298720172693,0.6162593152608005
0.059166666666666666,0.2004521477015825,0.01904558099721806,0.18140656670436445,0.6162593152608005
0.059333333333333335,0.20120572720422006,0.01904558099721806,0.182160146207002,0.6162593152608005
0.0595,0.20120572720422006,0.019259576289321637,0.1819461509148984,0.6162593152608005
0.059666666666666666,0.20195930670685758,0.019259576289321637,0.18269973041753595,0.6162593152608005
0.059833333333333336,0.2027128862094951,0.019259576289321637,0.18345330992017345,0.6162593152608005
0.06,0.2027128862094951,0.01947357158142521,0.1832393146280699,0.6162593152608005
0.06016666666666667,0.20346646571213264,0.01947357158142521,0.18399289413070744,0.6162593152608005
0.060333333333333336,0.20346646571213264,0.01968756687352878,0.18377889883860388,0.6162593152608005
0.0605,0.20422004521477016,0.01968756687352878,0.18453247834124137,0.6162593152608005
0.06066666666666667,0.20422004521477016,0.019901562165632356,0.1843184830491378,0.6162593152608005
0.060833333333333336,0.20497362471740768,0.019901562165632356,0.18507206255177533,0.6162593152608005
0.061,0.2057272042200452,0.019901562165632356,0.18582564205441285,0.6162593152608005
0.06116666666666667,0.20648078372268275,0.019901562165632356,0.1865792215570504,0.6162593152608005
0.06133333333333333,0.20723436322532027,0.019901562165632356,0.18733280105968791,0.6162593152608005
0.0615,0.20723436322532027,0.020115557457735928,0.18711880576758433,0.6159236932171936
0.06166666666666667,0.20723436322532027,0.020329552749839504,0.18690481047548077,0.6159236932171936
0.06183333333333333,0.2079879427279578,0.020329552749839504,0.1876583899781183,0.6159236932171936
0.062,0.2079879427279578,0.020543548041943076,0.1874443946860147,0.6159236932171936
0.06216666666666667,0.2079879427279578,0.02075754333404665,0.18723039939391115,0.6159236932171936
0.06233333333333333,0.20874152223059533,0.02075754333404665,0.1879839788965487,0.6159236932171936
0.0625,0.20949510173323285,0.02075754333404665,0.1887375583991862,0.6159236932171936
0.06266666666666666,0.21024868123587037,0.02075754333404665,0.18949113790182373,0.6159236932171936
0.06283333333333334,0.21100226073850792,0.02075754333404665,0.19024471740446128,0.6159236932171936
0.063,0.21175584024114544,0.02075754333404665,0.1909982969070988,0.6159236932171936
0.06316666666666666,0.21175584024114544,0.020971538626150223,0.1907843016149952,0.6159236932171936
0.06333333333333334,0.21175584024114544,0.0211855339182538,0.19057030632289162,0.6159236932171936
0.0635,0.21250941974378296,0.0211855339182538,0.19132388582552917,0.6159236932171936
0.06366666666666666,0.2132629992464205,0.0211855339182538,0.19207746532816672,0.6159236932171936
0.06383333333333334,0.2132629992464205,0.02139952921035737,0.19186347003606313,0.6159236932171936
0.064,0.21401657874905802,0.02139952921035737,0.19261704953870065,0.6159236932171936
0.06416666666666666,0.21477015825169554,0.02139952921035737,0.19337062904133817,0.6159236932171936
0.06433333333333334,0.2155237377543331,0.02139952921035737,0.19412420854397572,0.6159236932171936
0.0645,0.2162773172569706,0.02139952921035737,0.19487778804661324,0.6159236932171936
0.06466666666666666,0.21703089675960813,0.02139952921035737,0.19563136754925076,0.6159236932171936
0.06483333333333334,0.21778447626224567,0.02139952921035737,0.1963849470518883,0.6159236932171936
0.065,0.2185380557648832,0.02139952921035737,0.19713852655452582,0.6159236932171936
0.06516666666666666,0.2192916352675207,0.02139952921035737,0.19789210605716334,0.6159236932171936
0.06533333333333333,0.2192916352675207,0.021613524502460946,0.19767811076505976,0.6159236932171936
0.0655,0.22004521477015826,0.021613524502460946,0.1984316902676973,0.6159236932171936
0.06566666666666666,0.22004521477015826,0.02182751979456452,0.19821769497559374,0.6159236932171936
0.06583333333333333,0.22079879427279578,0.02182751979456452,0.19897127447823126,0.6159236932171936
0.066,0.2215523737754333,0.02182751979456452,0.19972485398086878,0.6159236932171936
0.06616666666666667,0.22230595327807084,0.02182751979456452,0.20047843348350633,0.6159236932171936
0.06633333333333333,0.22305953278070836,0.02182751979456452,0.20123201298614385,0.6159236932171936
0.0665,0.22381311228334588,0.02182751979456452,0.20198559248878137,0.6159236932171936
0.06666666666666667,0.22456669178598343,0.02182751979456452,0.20273917199141891,0.6159236932171936
0.06683333333333333,0.22532027128862095,0.02182751979456452,0.20349275149405643,0.6159236932171936
0.067,0.22532027128862095,0.022041515086668094,0.20327875620195285,0.6147969824073141
0.06716666666666667,0.22607385079125847,0.022041515086668094,0.20403233570459037,0.6147969824073141
0.06733333333333333,0.22682743029389602,0.022041515086668094,0.20478591520722791,0.6147969824073141
0.0675,0.22758100979653353,0.022041515086668094,0.20553949470986543,0.6147969824073141
0.06766666666666667,0.22758100979653353,0.022255510378771666,0.20532549941776188,0.6147969824073141
0.06783333333333333,0.22833458929917105,0.022255510378771666,0.2060790789203994,0.6147969824073141
0.068,0.2290881688018086,0.022255510378771666,0.20683265842303694,0.6147969824073141
0.06816666666666667,0.22984174830444612,0.022255510378771666,0.20758623792567446,0.6147969824073141
0.06833333333333333,0.23059532780708364,0.022255510378771666,0.20833981742831198,0.6147969824073141
0.0685,0.23134890730972119,0.022255510378771666,0.20909339693094953,0.6147969824073141
0.06866666666666667,0.2321024868123587,0.022255510378771666,0.20984697643358705,0.6147969824073141
0.06883333333333333,0.2321024868123587,0.02246950567087524,0.20963298114148346,0.6147969824073141
0.069,0.23285606631499622,0.02246950567087524,0.21038656064412098,0.6147969824073141
0.06916666666666667,0.23360964581763377,0.02246950567087524,0.21114014014675853,0.6147969824073141
0.06933333333333333,0.23360964581763377,0.022683500962978814,0.21092614485465497,0.6144031252287089
0.0695,0.23360964581763377,0.02289749625508239,0.21071214956255138,0.6123488694138111
0.06966666666666667,0.2343632253202713,0.02289749625508239,0.2114657290651889,0.6123488694138111
0.06983333333333333,0.2343632253202713,0.02311149154718596,0.21125173377308532,0.6123488694138111
0.07,0.2351168048229088,0.02311149154718596,0.21200531327572286,0.6123488694138111
0.07016666666666667,0.2351168048229088,0.023325486839289537,0.21179131798361928,0.6114222416638246
0.07033333333333333,0.23587038432554636,0.023325486839289537,0.21254489748625682,0.6114222416638246
0.0705,0.23662396382818388,0.023325486839289537,0.21329847698889434,0.6108913723964365
0.07066666666666667,0.2373775433308214,0.023325486839289537,0.21405205649153186,0.6108913723964365
0.07083333333333333,0.23813112283345894,0.023325486839289537,0.2148056359941694,0.6108913723964365
0.071,0.23888470233609646,0.023325486839289537,0.21555921549680693,0.6108913723964365
0.07116666666666667,0.23888470233609646,0.02353948213139311,0.21534522020470334,0.6088294760266973
0.07133333333333333,0.23963828183873398,0.02353948213139311,0.21609879970734086,0.6068717333228304
0.0715,0.23963828183873398,0.023753477423496684,0.2158848044152373,0.6068717333228304
0.07166666666666667,0.24039186134137153,0.023753477423496684,0.21663838391787485,0.6068717333228304
0.07183333333333333,0.24114544084400905,0.023753477423496684,0.21739196342051237,0.6068717333228304
0.072,0.24189902034664656,0.023753477423496684,0.2181455429231499,0.6068717333228304
0.07216666666666667,0.24189902034664656,0.023967472715600256,0.2179315476310463,0.6068717333228304
0.07233333333333333,0.2426525998492841,0.023967472715600256,0.21868512713368385,0.6068717333228304
0.0725,0.24340617935192163,0.023967472715600256,0.21943870663632137,0.6068717333228304
0.07266666666666667,0.24415975885455915,0.023967472715600256,0.2201922861389589,0.6068717333228304
0.07283333333333333,0.2449133383571967,0.023967472715600256,0.22094586564159643,0.6068717333228304
0.073,0.24566691785983422,0.023967472715600256,0.22169944514423395,0.6068717333228304
0.07316666666666667,0.24642049736247174,0.023967472715600256,0.22245302464687147,0.6068717333228304
0.07333333333333333,0.24717407686510928,0.023967472715600256,0.22320660414950902,0.6068717333228304
0.0735,0.2479276563677468,0.023967472715600256,0.22396018365214654,0.6068717333228304
0.07366666666666667,0.24868123587038432,0.023967472715600256,0.22471376315478406,0.6068717333228304
0.07383333333333333,0.24868123587038432,0.02418146800770383,0.2244997678626805,0.6068717333228304
0.074,0.24868123587038432,0.024395463299807404,0.2242857725705769,0.6068717333228304
0.07416666666666667,0.24943481537302187,0.024395463299807404,0.22503935207321446,0.6068717333228304
0.07433333333333333,0.24943481537302187,0.02460945859191098,0.22482535678111087,0.6068717333228304
0.0745,0.25018839487565936,0.02460945859191098,0.22557893628374837,0.6068717333228304
0.07466666666666667,0.2509419743782969,0.02460945859191098,0.2263325157863859,0.6068717333228304
0.07483333333333334,0.25169555388093445,0.02460945859191098,0.22708609528902346,0.6068717333228304
0.075,0.25169555388093445,0.02482345388401455,0.2268720999969199,0.6067738762177892
0.07516666666666667,0.25244913338357194,0.02482345388401455,0.2276256794995574,0.6067738762177892
0.07533333333333334,0.2532027128862095,0.02482345388401455,0.22837925900219494,0.6067738762177892
0.0755,0.25395629238884704,0.02482345388401455,0.2291328385048325,0.6062349868202744
0.07566666666666666,0.25395629238884704,0.025037449176118127,0.2289188432127289,0.6062349868202744
0.07583333333333334,0.25470987189148453,0.025037449176118127,0.2296724227153664,0.6062349868202744
0.076,0.2554634513941221,0.025037449176118127,0.23042600221800394,0.6062349868202744
0.07616666666666666,0.2562170308967596,0.025037449176118127,0.23117958172064149,0.6062349868202744
0.07633333333333334,0.2569706103993971,0.025037449176118127,0.23193316122327898,0.6062349868202744
0.0765,0.25772418990203466,0.025037449176118127,0.23268674072591652,0.6062349868202744
0.07666666666666666,0.2584777694046722,0.025037449176118127,0.23344032022855407,0.6062349868202744
0.07683333333333334,0.2592313489073097,0.025037449176118127,0.23419389973119156,0.6062349868202744
0.077,0.25998492840994725,0.025037449176118127,0.2349474792338291,0.6062349868202744
0.07716666666666666,0.2607385079125848,0.025037449176118127,0.23570105873646666,0.6058958125851961
0.07733333333333334,0.2614920874152223,0.025037449176118127,0.23645463823910415,0.6058958125851961
0.0775,0.2614920874152223,0.0252514444682217,0.2362406429470006,0.6058958125851961
0.07766666666666666,0.2614920874152223,0.025465439760325274,0.236026647654897,0.6058958125851961
0.07783333333333334,0.26224566691785983,0.025465439760325274,0.23678022715753455,0.6058958125851961
0.078,0.2629992464204974,0.025465439760325274,0.2375338066601721,0.6044034580412238
0.07816666666666666,0.2629992464204974,0.025679435052428846,0.23731981136806854,0.6044034580412238
0.07833333333333334,0.2629992464204974,0.025893430344532422,0.23710581607596495,0.6044034580412238
0.0785,0.2629992464204974,0.026107425636635994,0.2368918207838614,0.6044034580412238
0.07866666666666666,0.26375282592313487,0.026107425636635994,0.2376454002864989,0.6044034580412238
0.07883333333333334,0.26375282592313487,0.026321420928739566,0.2374314049943953,0.6044034580412238
0.079,0.26375282592313487,0.02653541622084314,0.23721740970229171,0.6044034580412238
0.07916666666666666,0.2645064054257724,0.02653541622084314,0.23797098920492926,0.6044034580412238
0.07933333333333334,0.2645064054257724,0.026749411512946714,0.2377569939128257,0.6044034580412238
0.0795,0.2645064054257724,0.02696340680505029,0.23754299862072212,0.6044034580412238
0.07966666666666666,0.26525998492840996,0.02696340680505029,0.23829657812335966,0.6044034580412238
0.07983333333333334,0.26525998492840996,0.02717740209715386,0.2380825828312561,0.6044034580412238
0.08,0.26601356443104746,0.02717740209715386,0.2388361623338936,0.6044034580412238
0.08016666666666666,0.266767143933685,0.02717740209715386,0.23958974183653114,0.6044034580412238
0.08033333333333334,0.266767143933685,0.027391397389257437,0.23937574654442756,0.6044034580412238
0.0805,0.26752072343632255,0.027391397389257437,0.2401293260470651,0.6044034580412238
0.08066666666666666,0.26827430293896004,0.027391397389257437,0.2408829055497026,0.6044034580412238
0.08083333333333333,0.26827430293896004,0.02760539268136101,0.24066891025759904,0.6044034580412238
0.081,0.26827430293896004,0.027819387973464584,0.24045491496549545,0.6044034580412238
0.08116666666666666,0.2690278824415976,0.027819387973464584,0.241208494468133,0.6044034580412238
0.08133333333333333,0.2690278824415976,0.028033383265568156,0.24099449917602944,0.6044034580412238
0.0815,0.26978146194423513,0.028033383265568156,0.241748078678667,0.6044034580412238
0.08166666666666667,0.2705350414468726,0.028033383265568156,0.24250165818130448,0.6044034580412238
0.08183333333333333,0.2712886209495102,0.028033383265568156,0.24325523768394203,0.6044034580412238
0.082,0.2720422004521477,0.028033383265568156,0.24400881718657957,0.6044034580412238
0.08216666666666667,0.2720422004521477,0.028247378557671732,0.243794821894476,0.6044034580412238
0.08233333333333333,0.2720422004521477,0.028461373849775304,0.2435808266023724,0.6044034580412238
0.0825,0.2727957799547852,0.028461373849775304,0.2443344061050099,0.6044034580412238
0.08266666666666667,0.27354935945742276,0.028461373849775304,0.24508798560764744,0.6044034580412238
0.08283333333333333,0.27354935945742276,0.02867536914187888,0.24487399031554388,0.6044034580412238
0.083,0.27354935945742276,0.02888936443398245,0.2446599950234403,0.6044034580412238
0.08316666666666667,0.2743029389600603,0.02888936443398245,0.24541357452607784,0.6044034580412238
0.08333333333333333,0.2743029389600603,0.029103359726086027,0.24519957923397429,0.6044034580412238
0.0835,0.2750565184626978,0.029103359726086027,0.24595315873661178,0.6044034580412238
0.08366666666666667,0.27581009796533534,0.029103359726086027,0.24670673823924932,0.6019876151570646
0.08383333333333333,0.27581009796533534,0.0293173550181896,0.24649274294714574,0.6019876151570646
0.084,0.27581009796533534,0.029531350310293174,0.24627874765504218,0.6019876151570646
0.08416666666666667,0.2765636774679729,0.029531350310293174,0.24703232715767973,0.6019876151570646
0.08433333333333333,0.2765636774679729,0.029745345602396746,0.24681833186557614,0.6019876151570646
0.0845,0.2773172569706104,0.029745345602396746,0.24757191136821363,0.6019876151570646
0.08466666666666667,0.27807083647324793,0.029745345602396746,0.24832549087085118,0.6017807580539685
0.08483333333333333,0.2788244159758855,0.029745345602396746,0.24907907037348873,0.6017807580539685
0.085,0.2788244159758855,0.029959340894500322,0.24886507508138517,0.6017807580539685
0.08516666666666667,0.2788244159758855,0.030173336186603894,0.24865107978928158,0.6017807580539685
0.08533333333333333,0.2788244159758855,0.03038733147870747,0.248437084497178,0.5997002363030393
0.0855,0.27957799547852297,0.03038733147870747,0.2491906639998155,0.5997002363030393
0.08566666666666667,0.2803315749811605,0.03038733147870747,0.24994424350245303,0.5997002363030393
0.08583333333333333,0.28108515448379806,0.03038733147870747,0.2506978230050906,0.5997002363030393
0.086,0.28108515448379806,0.03060132677081104,0.250483827712987,0.5987843572520319
0.08616666666666667,0.28183873398643555,0.03060132677081104,0.2512374072156245,0.5987843572520319
0.08633333333333333,0.28183873398643555,0.030815322062914617,0.25102341192352096,0.5987843572520319
0.0865,0.2825923134890731,0.030815322062914617,0.2517769914261585,0.5987843572520319
0.08666666666666667,0.2825923134890731,0.03102931735501819,0.2515629961340549,0.5987843572520319
0.08683333333333333,0.28334589299171065,0.03102931735501819,0.25231657563669246,0.5987843572520319
0.087,0.28334589299171065,0.031243312647121765,0.2521025803445889,0.5987843572520319
0.08716666666666667,0.28409947249434814,0.031243312647121765,0.25285615984722637,0.5987843572520319
0.08733333333333333,0.2848530519969857,0.031243312647121765,0.2536097393498639,0.5987843572520319
0.0875,0.28560663149962323,0.031243312647121765,0.25436331885250146,0.5987843572520319
0.08766666666666667,0.28560663149962323,0.03145730793922534,0.2541493235603979,0.5987843572520319
0.08783333333333333,0.28560663149962323,0.03167130323132891,0.25393532826829435,0.5987843572520319
0.088,0.2863602110022607,0.03167130323132891,0.2546889077709318,0.5987843572520319
0.08816666666666667,0.28711379050489827,0.03167130323132891,0.25544248727356933,0.5987843572520319
0.08833333333333333,0.28711379050489827,0.031885298523432484,0.2552284919814658,0.5987843572520319
0.0885,0.2878673700075358,0.031885298523432484,0.25598207148410335,0.5987843572520319
0.08866666666666667,0.2886209495101733,0.031885298523432484,0.25673565098674084,0.5987843572520319
0.08883333333333333,0.2886209495101733,0.032099293815536056,0.25652165569463725,0.5987843572520319
0.089,0.2886209495101733,0.032313289107639635,0.25630766040253367,0.5987843572520319
0.08916666666666667,0.2886209495101733,0.03252728439974321,0.2560936651104301,0.5987843572520319
0.08933333333333333,0.2886209495101733,0.03274127969184678,0.25587966981832655,0.5987843572520319
0.0895,0.2886209495101733,0.03295527498395035,0.25566567452622296,0.5987843572520319
0.08966666666666667,0.2886209495101733,0.033169270276053923,0.2554516792341194,0.5987843572520319
0.08983333333333333,0.28937452901281085,0.033169270276053923,0.2562052587367569,0.5987843572520319
0.09,0.28937452901281085,0.0333832655681575,0.25599126344465334,0.5987843572520319
0.09016666666666667,0.2901281085154484,0.0333832655681575,0.2567448429472909,0.5987843572520319
0.09033333333333333,0.2908816880180859,0.0333832655681575,0.2574984224499284,0.5987843572520319
0.0905,0.29163526752072344,0.0333832655681575,0.2582520019525659,0.5987843572520319
0.09066666666666667,0.292388847023361,0.0333832655681575,0.25900558145520347,0.5987843572520319
0.09083333333333334,0.292388847023361,0.033597260860261074,0.25879158616309994,0.5987843572520319
0.091,0.2931424265259985,0.033597260860261074,0.2595451656657374,0.5987843572520319
0.09116666666666666,0.293896006028636,0.033597260860261074,0.2602987451683749,0.5987843572520319
0.09133333333333334,0.2946495855312736,0.033597260860261074,0.26105232467101247,0.5987843572520319
0.0915,0.2946495855312736,0.03381125615236465,0.26083832937890894,0.5987843572520319
0.09166666666666666,0.29540316503391106,0.03381125615236465,0.26159190888154643,0.5987843572520319
0.09183333333333334,0.29540316503391106,0.03402525144446822,0.26137791358944285,0.5987843572520319
0.092,0.29540316503391106,0.0342392467365718,0.26116391829733926,0.5987843572520319
0.09216666666666666,0.29540316503391106,0.03445324202867537,0.2609499230052357,0.5987843572520319
0.09233333333333334,0.29540316503391106,0.03466723732077894,0.26073592771313214,0.5987843572520319
0.0925,0.2961567445365486,0.03466723732077894,0.2614895072157697,0.5987843572520319
0.09266666666666666,0.29691032403918616,0.03466723732077894,0.26224308671840724,0.5987843572520319
0.09283333333333334,0.29766390354182365,0.03466723732077894,0.26299666622104473,0.5987843572520319
0.093,0.2984174830444612,0.03466723732077894,0.2637502457236823,0.5987843572520319
0.09316666666666666,0.2984174830444612,0.034881232612882514,0.2635362504315787,0.5987843572520319
0.09333333333333334,0.29917106254709874,0.034881232612882514,0.26428982993421624,0.5987843572520319
0.0935,0.29992464204973623,0.034881232612882514,0.2650434094368537,0.5987843572520319
0.09366666666666666,0.29992464204973623,0.03509522790498609,0.26482941414475014,0.5987843572520319
0.09383333333333334,0.3006782215523738,0.03509522790498609,0.2655829936473877,0.5987843572520319
0.094,0.3006782215523738,0.035309223197089665,0.2653689983552841,0.5987843572520319
0.09416666666666666,0.3006782215523738,0.03552321848919324,0.2651550030631805,0.5987843572520319
0.09433333333333334,0.30143180105501133,0.03552321848919324,0.26590858256581806,0.5987843572520319
0.0945,0.30143180105501133,0.03573721378129681,0.26569458727371453,0.5987843572520319
0.09466666666666666,0.30143180105501133,0.03595120907340039,0.26548059198161095,0.5987843572520319
0.09483333333333334,0.3021853805576488,0.03595120907340039,0.26623417148424844,0.5987843572520319
0.095,0.30293896006028637,0.03595120907340039,0.266987750986886,0.5987843572520319
0.09516666666666666,0.30293896006028637,0.03616520436550396,0.2667737556947824,0.5987843572520319
0.09533333333333334,0.3036925395629239,0.03616520436550396,0.26752733519741995,0.5987843572520319
0.0955,0.3036925395629239,0.03637919965760753,0.26731333990531636,0.5987843572520319
0.09566666666666666,0.3036925395629239,0.036593194949711104,0.26709934461321283,0.5987843572520319
0.09583333333333334,0.3044461190655614,0.036593194949711104,0.2678529241158503,0.5987843572520319
0.096,0.30519969856819895,0.036593194949711104,0.26860650361848787,0.5987843572520319
0.09616666666666666,0.30519969856819895,0.03680719024181468,0.2683925083263843,0.5987843572520319
0.09633333333333334,0.30519969856819895,0.037021185533918255,0.2681785130342807,0.5987843572520319
0.0965,0.3059532780708365,0.037021185533918255,0.26893209253691824,0.5987843572520319
0.09666666666666666,0.306706857573474,0.037021185533918255,0.26968567203955573,0.5987843572520319
0.09683333333333333,0.306706857573474,0.03723518082602183,0.26947167674745215,0.5967524061748837
0.097,0.30746043707611154,0.03723518082602183,0.2702252562500897,0.5967524061748837
0.09716666666666667,0.30746043707611154,0.0374491761181254,0.2700112609579861,0.5967524061748837
0.09733333333333333,0.3082140165787491,0.0374491761181254,0.27076484046062366,0.5967524061748837
0.0975,0.3082140165787491,0.03766317141022898,0.2705508451685201,0.5942606540637252
0.09766666666666667,0.3082140165787491,0.03787716670233255,0.27033684987641654,0.5942606540637252
0.09783333333333333,0.3082140165787491,0.03809116199443612,0.27012285458431295,0.5942606540637252
0.098,0.3082140165787491,0.038305157286539694,0.26990885929220937,0.5942606540637252
0.09816666666666667,0.3089675960813866,0.038305157286539694,0.27066243879484686,0.5938631910406652
0.09833333333333333,0.3089675960813866,0.03851915257864327,0.27044844350274333,0.5938631910406652
0.0985,0.3097211755840241,0.03851915257864327,0.2712020230053809,0.5938631910406652
0.09866666666666667,0.31047475508666167,0.03851915257864327,0.2719556025080184,0.5938631910406652
0.09883333333333333,0.31122833458929916,0.03851915257864327,0.27270918201065586,0.5915591328150994
0.099,0.31122833458929916,0.038733147870746845,0.27249518671855233,0.5915591328150994
0.09916666666666667,0.3119819140919367,0.038733147870746845,0.2732487662211899,0.5885904390168483
0.09933333333333333,0.31273549359457425,0.038733147870746845,0.2740023457238274,0.5865498337610923
0.0995,0.31348907309721175,0.038733147870746845,0.2747559252264649,0.5764159301089352
0.09966666666666667,0.3142426525998493,0.038733147870746845,0.27550950472910246,0.5764159301089352
0.09983333333333333,0.3142426525998493,0.03894714316285042,0.2752955094369989,0.5725905935718785
0.1,0.3142426525998493,0.03916113845495399,0.2750815141448953,0.5702500375225872
0.10016666666666667,0.3142426525998493,0.03937513374705756,0.2748675188527917,0.5632281380797518
0.10033333333333333,0.31499623210248684,0.03937513374705756,0.27562109835542925,0.5611582597741771
0.1005,0.31574981160512433,0.03937513374705756,0.2763746778580668,0.5580776507136809
0.10066666666666667,0.3165033911077619,0.03937513374705756,0.27712825736070434,0.5518485922421044
0.10083333333333333,0.3172569706103994,0.03937513374705756,0.2778818368633419,0.5475467792511608
0.101,0.3180105501130369,0.03937513374705756,0.2786354163659793,0.5475467792511608
0.10116666666666667,0.31876412961567446,0.03937513374705756,0.2793889958686169,0.5459273071395313
0.10133333333333333,0.31951770911831195,0.03937513374705756,0.2801425753712544,0.5452905301010813
0.1015,0.31951770911831195,0.03958912903916114,0.27992858007915083,0.5349945193536301
0.10166666666666667,0.3202712886209495,0.03958912903916114,0.2806821595817884,0.5167459912757303
0.10183333333333333,0.32102486812358705,0.03958912903916114,0.28143573908442593,0.5167459912757303
0.102,0.32102486812358705,0.03980312433126471,0.28122174379232234,0.5167459912757303
0.10216666666666667,0.32177844762622454,0.03980312433126471,0.28197532329495983,0.5160137955953786
0.10233333333333333,0.3225320271288621,0.03980312433126471,0.2827289027975974,0.5136337571896173
0.1025,0.3225320271288621,0.040017119623368284,0.2825149075054938,0.5136337571896173
0.10266666666666667,0.32328560663149963,0.040017119623368284,0.28326848700813134,0.5136337571896173
0.10283333333333333,0.32328560663149963,0.040231114915471856,0.28305449171602776,0.5136337571896173
0.103,0.3240391861341371,0.040231114915471856,0.28380807121866525,0.5136337571896173
0.10316666666666667,0.3240391861341371,0.040445110207575435,0.2835940759265617,0.5136337571896173
0.10333333333333333,0.32479276563677467,0.040445110207575435,0.28434765542919926,0.5136337571896173
0.1035,0.3255463451394122,0.040445110207575435,0.2851012349318368,0.5136337571896173
0.10366666666666667,0.3255463451394122,0.04065910549967901,0.2848872396397332,0.5136337571896173
0.10383333333333333,0.3255463451394122,0.04087310079178258,0.28467324434762964,0.5136337571896173
0.104,0.3262999246420497,0.04087310079178258,0.28542682385026713,0.5136337571896173
0.10416666666666667,0.32705350414468726,0.04087310079178258,0.2861804033529047,0.5136337571896173
0.10433333333333333,0.3278070836473248,0.04087310079178258,0.2869339828555422,0.5136337571896173
0.1045,0.3285606631499623,0.04087310079178258,0.2876875623581797,0.5136337571896173
0.10466666666666667,0.3285606631499623,0.04108709608388615,0.28747356706607613,0.5136337571896173
0.10483333333333333,0.3285606631499623,0.04130109137598973,0.28725957177397254,0.5136337571896173
0.105,0.32931424265259984,0.04130109137598973,0.2880131512766101,0.5136337571896173
0.10516666666666667,0.32931424265259984,0.0415150866680933,0.28779915598450656,0.5136337571896173
0.10533333333333333,0.32931424265259984,0.041729081960196875,0.287585160692403,0.5136337571896173
0.1055,0.32931424265259984,0.04194307725230045,0.2873711654002994,0.5136337571896173
0.10566666666666667,0.3300678221552374,0.04194307725230045,0.28812474490293694,0.5136337571896173
0.10583333333333333,0.3308214016578749,0.04194307725230045,0.2888783244055744,0.5136337571896173
0.106,0.3315749811605124,0.04194307725230045,0.289631903908212,0.5136337571896173
0.10616666666666667,0.3315749811605124,0.042157072544404026,0.2894179086161084,0.5136337571896173
0.10633333333333334,0.3315749811605124,0.0423710678365076,0.28920391332400486,0.5136337571896173
0.1065,0.33232856066315,0.0423710678365076,0.2899574928266424,0.5136337571896173
0.10666666666666667,0.33232856066315,0.04258506312861117,0.2897434975345388,0.5136337571896173
0.10683333333333334,0.33308214016578747,0.04258506312861117,0.2904970770371763,0.5136337571896173
0.107,0.33308214016578747,0.04279905842071474,0.2902830817450727,0.5136337571896173
0.10716666666666666,0.333835719668425,0.04279905842071474,0.29103666124771027,0.5136337571896173
0.10733333333333334,0.33458929917106256,0.04279905842071474,0.2917902407503478,0.5136337571896173
0.1075,0.33534287867370005,0.04279905842071474,0.2925438202529853,0.5136337571896173
0.10766666666666666,0.33534287867370005,0.04301305371281832,0.2923298249608817,0.5136337571896173
0.10783333333333334,0.3360964581763376,0.04301305371281832,0.29308340446351927,0.5136337571896173
0.108,0.3360964581763376,0.04322704900492189,0.2928694091714157,0.5136337571896173
0.10816666666666666,0.3360964581763376,0.043441044297025465,0.29265541387931215,0.5136337571896173
0.10833333333333334,0.33685003767897514,0.043441044297025465,0.2934089933819497,0.5136337571896173
0.1085,0.33760361718161264,0.043441044297025465,0.2941625728845872,0.5136337571896173
0.10866666666666666,0.3383571966842502,0.043441044297025465,0.29491615238722474,0.5136337571896173
0.10883333333333334,0.3383571966842502,0.04365503958912904,0.29470215709512115,0.5136337571896173
0.109,0.33911077618688773,0.04365503958912904,0.2954557365977587,0.5136337571896173
0.10916666666666666,0.33911077618688773,0.043869034881232616,0.2952417413056551,0.5136337571896173
0.10933333333333334,0.3398643556895252,0.043869034881232616,0.2959953208082926,0.5136337571896173
0.1095,0.3398643556895252,0.04408303017333619,0.295781325516189,0.5136337571896173
0.10966666666666666,0.3398643556895252,0.04429702546543976,0.29556733022408543,0.5136337571896173
0.10983333333333334,0.34061793519216277,0.04429702546543976,0.296320909726723,0.5136337571896173
0.11,0.3413715146948003,0.04429702546543976,0.2970744892293605,0.5136337571896173
0.11016666666666666,0.3421250941974378,0.04429702546543976,0.2978280687319981,0.5136337571896173
0.11033333333333334,0.34287867370007535,0.04429702546543976,0.2985816482346356,0.5136337571896173
0.1105,0.3436322532027129,0.04429702546543976,0.29933522773727317,0.5136337571896173
0.11066666666666666,0.3436322532027129,0.04451102075754333,0.2991212324451696,0.5136337571896173
0.11083333333333334,0.3443858327053504,0.04451102075754333,0.2998748119478071,0.5136337571896173
0.111,0.34513941220798794,0.04451102075754333,0.3006283914504446,0.5136337571896173
0.11116666666666666,0.3458929917106255,0.04451102075754333,0.30138197095308217,0.5136337571896173
0.11133333333333334,0.3458929917106255,0.04472501604964691,0.3011679756609786,0.5049465506246682
0.1115,0.346646571213263,0.04472501604964691,0.3019215551636161,0.5049465506246682
0.11166666666666666,0.346646571213263,0.04493901134175048,0.3017075598715125,0.5049465506246682
0.11183333333333334,0.346646571213263,0.045153006633854055,0.3014935645794089,0.5041705444664795
0.112,0.3474001507159005,0.045153006633854055,0.30224714408204645,0.5041705444664795
0.11216666666666666,0.3474001507159005,0.04536700192595763,0.3020331487899429,0.5041705444664795
0.11233333333333333,0.34815373021853807,0.04536700192595763,0.30278672829258046,0.5041705444664795
0.1125,0.34890730972117556,0.04536700192595763,0.30354030779521796,0.5041705444664795
0.11266666666666666,0.34890730972117556,0.045580997218061206,0.30332631250311437,0.5041705444664795
0.11283333333333333,0.34890730972117556,0.04579499251016478,0.3031123172110108,0.5041705444664795
0.113,0.34890730972117556,0.04600898780226835,0.3028983219189072,0.5041705444664795
0.11316666666666667,0.3496608892238131,0.04600898780226835,0.30365190142154475,0.5041705444664795
0.11333333333333333,0.3496608892238131,0.04622298309437192,0.3034379061294412,0.5041705444664795
0.1135,0.3496608892238131,0.046436978386475494,0.30322391083733763,0.5009159742060667
0.11366666666666667,0.35041446872645066,0.046436978386475494,0.3039774903399752,0.5009159742060667
0.11383333333333333,0.35116804822908815,0.046436978386475494,0.30473106984261267,0.5009159742060667
0.114,0.35116804822908815,0.04665097367857907,0.3045170745505091,0.5009159742060667
0.11416666666666667,0.3519216277317257,0.04665097367857907,0.30527065405314663,0.5009159742060667
0.11433333333333333,0.35267520723436324,0.04665097367857907,0.3060242335557842,0.5009159742060667
0.1145,0.35342878673700073,0.04665097367857907,0.30677781305842167,0.5009159742060667
0.11466666666666667,0.35342878673700073,0.046864968970682645,0.3065638177663181,0.5009159742060667
0.11483333333333333,0.3541823662396383,0.046864968970682645,0.3073173972689556,0.5009159742060667
0.115,0.3549359457422758,0.046864968970682645,0.3080709767715932,0.5009159742060667
0.11516666666666667,0.3556895252449133,0.046864968970682645,0.30882455627423067,0.5009159742060667
0.11533333333333333,0.3556895252449133,0.04707896426278622,0.3086105609821271,0.5009159742060667
0.1155,0.3556895252449133,0.04729295955488979,0.30839656569002355,0.5009159742060667
0.11566666666666667,0.35644310474755087,0.04729295955488979,0.3091501451926611,0.5009159742060667
0.11583333333333333,0.35644310474755087,0.04750695484699337,0.3089361499005575,0.5009159742060667
0.116,0.3571966842501884,0.04750695484699337,0.30968972940319506,0.5009159742060667
0.11616666666666667,0.3571966842501884,0.04772095013909694,0.30947573411109147,0.5009159742060667
0.11633333333333333,0.3571966842501884,0.04793494543120051,0.3092617388189879,0.5009159742060667
0.1165,0.3571966842501884,0.048148940723304084,0.30904774352688436,0.5009159742060667
0.11666666666666667,0.3571966842501884,0.04836293601540766,0.30883374823478077,0.5009159742060667
0.11683333333333333,0.3571966842501884,0.048576931307511236,0.3086197529426772,0.5009159742060667
0.117,0.3571966842501884,0.04879092659961481,0.3084057576505736,0.5009159742060667
0.11716666666666667,0.3579502637528259,0.04879092659961481,0.3091593371532111,0.5009159742060667
0.11733333333333333,0.35870384325546345,0.04879092659961481,0.30991291665584864,0.5009159742060667
0.1175,0.35870384325546345,0.04900492189171838,0.30969892136374505,0.5009159742060667
0.11766666666666667,0.359457422758101,0.04900492189171838,0.3104525008663826,0.5009159742060667
0.11783333333333333,0.3602110022607385,0.04900492189171838,0.3112060803690201,0.5009159742060667
0.118,0.36096458176337604,0.04900492189171838,0.31195965987165764,0.5004740736112403
0.11816666666666667,0.3617181612660136,0.04900492189171838,0.3127132393742952,0.49845422634469405
0.11833333333333333,0.3617181612660136,0.04921891718382196,0.31249924408219165,0.4980540336597241
0.1185,0.3624717407686511,0.04921891718382196,0.3132528235848291,0.4971004518581384
0.11866666666666667,0.3632253202712886,0.04921891718382196,0.31400640308746663,0.4965929055552812
0.11883333333333333,0.36397889977392617,0.04921891718382196,0.3147599825901042,0.4964782249201832
0.119,0.36473247927656366,0.04921891718382196,0.31551356209274173,0.4964782249201832
0.11916666666666667,0.3654860587792012,0.04921891718382196,0.3162671415953793,0.4954855065788018
0.11933333333333333,0.36623963828183875,0.04921891718382196,0.3170207210980168,0.4944255630064097
0.1195,0.36623963828183875,0.04943291247592553,0.31680672580591324,0.4944255630064097
0.11966666666666667,0.36699321778447624,0.04943291247592553,0.3175603053085507,0.4942068461564587
0.11983333333333333,0.3677467972871138,0.04943291247592553,0.3183138848111883,0.4914582602008342
0.12,0.36850037678975134,0.04943291247592553,0.3190674643138258,0.4914582602008342
0.12016666666666667,0.36850037678975134,0.0496469077680291,0.31885346902172224,0.4914582602008342
0.12033333333333333,0.36925395629238883,0.0496469077680291,0.3196070485243597,0.4914582602008342
0.1205,0.36925395629238883,0.049860903060132675,0.31939305323225614,0.4914582602008342
0.12066666666666667,0.3700075357950264,0.049860903060132675,0.3201466327348937,0.4914582602008342
0.12083333333333333,0.3700075357950264,0.050074898352236254,0.3199326374427901,0.4898724508841164
0.121,0.3700075357950264,0.050288893644339826,0.31971864215068657,0.4853511032412026
0.12116666666666667,0.3700075357950264,0.0505028889364434,0.319504646858583,0.4853511032412026
0.12133333333333333,0.3700075357950264,0.05071688422854697,0.3192906515664794,0.48510069964720126
0.1215,0.3700075357950264,0.05093087952065055,0.3190766562743758,0.4845123678849649
0.12166666666666667,0.3700075357950264,0.05114487481275412,0.31886266098227223,0.4831643753825449
0.12183333333333334,0.3700075357950264,0.05135887010485769,0.3186486656901687,0.47887755261475407
0.122,0.3707611152976639,0.05135887010485769,0.31940224519280624,0.4787435682684075
0.12216666666666667,0.3715146948003014,0.05135887010485769,0.32015582469544374,0.4787435682684075
0.12233333333333334,0.3715146948003014,0.051572865396961265,0.31994182940334015,0.4787435682684075
0.1225,0.3715146948003014,0.051786860689064844,0.31972783411123656,0.4787435682684075
0.12266666666666666,0.37226827430293896,0.051786860689064844,0.3204814136138741,0.4787435682684075
0.12283333333333334,0.37226827430293896,0.052000855981168416,0.3202674183217705,0.4787435682684075
0.123,0.37226827430293896,0.05221485127327199,0.320053423029667,0.4787435682684075
0.12316666666666666,0.37226827430293896,0.05242884656537556,0.3198394277375634,0.4787435682684075
0.12333333333333334,0.37226827430293896,0.05264284185747913,0.3196254324454598,0.4787435682684075
0.1235,0.37226827430293896,0.05285683714958271,0.31941143715335624,0.4787435682684075
0.12366666666666666,0.3730218538055765,0.05285683714958271,0.3201650166559938,0.4787435682684075
0.12383333333333334,0.3730218538055765,0.05307083244168628,0.3199510213638902,0.4787435682684075
0.124,0.3730218538055765,0.053284827733789855,0.31973702607178667,0.4787435682684075
0.12416666666666666,0.3730218538055765,0.05349882302589343,0.3195230307796831,0.4787435682684075
0.12433333333333334,0.373775433308214,0.05349882302589343,0.3202766102823206,0.4787435682684075
0.1245,0.37452901281085155,0.05349882302589343,0.3210301897849581,0.4787435682684075
0.12466666666666666,0.37452901281085155,0.053712818317997006,0.32081619449285453,0.4787435682684075
0.12483333333333334,0.37452901281085155,0.05392681361010058,0.32060219920075095,0.478040152441239
0.125,0.37452901281085155,0.05414080890220415,0.3203882039086474,0.4773981501789644
0.12516666666666668,0.37452901281085155,0.05435480419430772,0.32017420861654383,0.4773981501789644
0.12533333333333332,0.37452901281085155,0.0545687994864113,0.31996021332444025,0.4773981501789644
0.1255,0.37452901281085155,0.05478279477851487,0.31974621803233666,0.4773981501789644
0.12566666666666668,0.37452901281085155,0.054996790070618445,0.3195322227402331,0.47623311035623006
0.12583333333333332,0.3752825923134891,0.054996790070618445,0.3202858022428706,0.475045303723781
0.126,0.3760361718161266,0.054996790070618445,0.32103938174550817,0.47360060678767696
0.12616666666666668,0.3760361718161266,0.05521078536272202,0.3208253864534046,0.47360060678767696
0.12633333333333333,0.3760361718161266,0.055424780654825596,0.320611391161301,0.47360060678767696
0.1265,0.3760361718161266,0.05563877594692917,0.3203973958691974,0.4701681023437955
0.12666666666666668,0.37678975131876413,0.05563877594692917,0.32115097537183496,0.4701012116297851
0.12683333333333333,0.37678975131876413,0.05585277123903274,0.32093698007973137,0.4701012116297851
0.127,0.3775433308214017,0.05585277123903274,0.3216905595823689,0.46933043001714325
0.12716666666666668,0.3775433308214017,0.05606676653113631,0.3214765642902654,0.46933043001714325
0.12733333333333333,0.3775433308214017,0.05628076182323989,0.3212625689981618,0.46933043001714325
0.1275,0.3775433308214017,0.056494757115343464,0.3210485737060582,0.46933043001714325
0.12766666666666668,0.3775433308214017,0.056708752407447036,0.32083457841395463,0.46933043001714325
0.12783333333333333,0.37829691032403917,0.056708752407447036,0.3215881579165921,0.46933043001714325
0.128,0.3790504898266767,0.056708752407447036,0.32234173741922967,0.46933043001714325
0.12816666666666668,0.37980406932931426,0.056708752407447036,0.3230953169218672,0.46933043001714325
0.12833333333333333,0.38055764883195176,0.056708752407447036,0.3238488964245047,0.46933043001714325
0.1285,0.3813112283345893,0.056708752407447036,0.32460247592714225,0.46933043001714325
0.12866666666666668,0.38206480783722685,0.056708752407447036,0.3253560554297798,0.46933043001714325
0.12883333333333333,0.38281838733986434,0.056708752407447036,0.3261096349324173,0.46933043001714325
0.129,0.38281838733986434,0.05692274769955061,0.32589563964031376,0.46933043001714325
0.12916666666666668,0.3835719668425019,0.05692274769955061,0.3266492191429513,0.46933043001714325
0.12933333333333333,0.3835719668425019,0.05713674299165419,0.3264352238508477,0.46933043001714325
0.1295,0.3835719668425019,0.05735073828375776,0.32622122855874414,0.4690403466648155
0.12966666666666668,0.38432554634513943,0.05735073828375776,0.3269748080613817,0.4670736020056788
0.12983333333333333,0.38432554634513943,0.05756473357586133,0.3267608127692781,0.46609994164330626
0.13,0.3850791258477769,0.05756473357586133,0.3275143922719156,0.4632620693349671
0.13016666666666668,0.3850791258477769,0.0577787288679649,0.327300396979812,0.46098037343478593
0.13033333333333333,0.3850791258477769,0.05799272416006848,0.3270864016877084,0.46070797424334503
0.1305,0.3850791258477769,0.058206719452172054,0.3268724063956049,0.46070797424334503
0.13066666666666665,0.3850791258477769,0.058420714744275626,0.3266584111035013,0.46070797424334503
0.13083333333333333,0.3858327053504145,0.058420714744275626,0.32741199060613885,0.45966064478821433
0.131,0.3858327053504145,0.0586347100363792,0.32719799531403526,0.4591394499022406
0.13116666666666665,0.386586284853052,0.0586347100363792,0.3279515748166728,0.4591394499022406
0.13133333333333333,0.3873398643556895,0.0586347100363792,0.3287051543193103,0.4591158544524997
0.1315,0.38809344385832706,0.0586347100363792,0.32945873382194785,0.45710564064702186
0.13166666666666665,0.3888470233609646,0.0586347100363792,0.3302123133245854,0.45710564064702186
0.13183333333333333,0.3896006028636021,0.0586347100363792,0.3309658928272229,0.45710564064702186
0.132,0.3896006028636021,0.05884870532848277,0.33075189753511935,0.45710564064702186
0.13216666666666665,0.39035418236623964,0.05884870532848277,0.3315054770377569,0.45710564064702186
0.13233333333333333,0.3911077618688772,0.05884870532848277,0.33225905654039445,0.45710564064702186
0.1325,0.3918613413715147,0.05884870532848277,0.3330126360430319,0.45710564064702186
0.13266666666666665,0.3918613413715147,0.05906270062058635,0.33279864075092835,0.45710564064702186
0.13283333333333333,0.3918613413715147,0.05927669591268992,0.33258464545882477,0.45710564064702186
0.133,0.39261492087415223,0.05927669591268992,0.3333382249614623,0.45710564064702186
0.13316666666666666,0.3933685003767898,0.05927669591268992,0.33409180446409986,0.45710564064702186
0.13333333333333333,0.39412207987942727,0.05927669591268992,0.33484538396673735,0.45710564064702186
0.1335,0.39412207987942727,0.05949069120479349,0.33463138867463377,0.45710564064702186
0.13366666666666666,0.3948756593820648,0.05949069120479349,0.3353849681772713,0.45673204010380813
0.13383333333333333,0.39562923888470236,0.05949069120479349,0.33613854767990886,0.45673204010380813
0.134,0.39638281838733985,0.05949069120479349,0.33689212718254635,0.45673204010380813
0.13416666666666666,0.39638281838733985,0.059704686496897065,0.33667813189044277,0.45673204010380813
0.13433333333333333,0.39638281838733985,0.059918681789000644,0.3364641365983392,0.45673204010380813
0.1345,0.3971363978899774,0.059918681789000644,0.3372177161009767,0.4564435201750206
0.13466666666666666,0.39788997739261495,0.059918681789000644,0.3379712956036143,0.4564435201750206
0.13483333333333333,0.39864355689525244,0.059918681789000644,0.3387248751062518,0.4564435201750206
0.135,0.39939713639789,0.059918681789000644,0.33947845460888937,0.4564435201750206
0.13516666666666666,0.40015071590052753,0.059918681789000644,0.3402320341115269,0.4539062910326634
0.13533333333333333,0.40015071590052753,0.060132677081104216,0.34001803881942333,0.4539062910326634
0.1355,0.40015071590052753,0.06034667237320779,0.33980404352731974,0.4539062910326634
0.13566666666666666,0.40015071590052753,0.06056066766531136,0.33959004823521616,0.45269967306436026
0.13583333333333333,0.400904295403165,0.06056066766531136,0.34034362773785365,0.45269967306436026
0.136,0.40165787490580257,0.06056066766531136,0.3410972072404912,0.45269967306436026
0.13616666666666666,0.40165787490580257,0.06077466295741494,0.3408832119483876,0.4517759536560846
0.13633333333333333,0.4024114544084401,0.06077466295741494,0.34163679145102516,0.45069849086090064
0.1365,0.4024114544084401,0.06098865824951851,0.3414227961589216,0.45069849086090064
0.13666666666666666,0.4024114544084401,0.06120265354162208,0.34120880086681804,0.44995153300294416
0.13683333333333333,0.4024114544084401,0.061416648833725655,0.34099480557471445,0.44779879535227324
0.137,0.4024114544084401,0.061630644125829234,0.34078081028261087,0.4477786385395066
0.13716666666666666,0.4024114544084401,0.061844639417932806,0.34056681499050734,0.4477786385395066
0.13733333333333334,0.4024114544084401,0.06205863471003638,0.34035281969840375,0.4471198145855296
0.1375,0.4031650339110776,0.06205863471003638,0.34110639920104124,0.4471198145855296
0.13766666666666666,0.4031650339110776,0.06227263000213995,0.34089240390893766,0.44687198523160887
0.13783333333333334,0.40391861341371516,0.06227263000213995,0.3416459834115752,0.44682304373327736
0.138,0.40391861341371516,0.06248662529424353,0.3414319881194716,0.4468077422858497
0.13816666666666666,0.40391861341371516,0.0627006205863471,0.3412179928273681,0.44460200932918603
0.13833333333333334,0.4046721929163527,0.0627006205863471,0.34197157233000564,0.44460200932918603
0.1385,0.4054257724189902,0.0627006205863471,0.34272515183264307,0.44460200932918603
0.13866666666666666,0.40617935192162774,0.0627006205863471,0.3434787313352806,0.44460200932918603
0.13883333333333334,0.40617935192162774,0.06291461587845068,0.3432647360431771,0.44460200932918603
0.139,0.40617935192162774,0.06312861117055425,0.3430507407510735,0.44285965903400615
0.13916666666666666,0.40617935192162774,0.06334260646265782,0.3428367454589699,0.44285965903400615
0.13933333333333334,0.40617935192162774,0.0635566017547614,0.34262275016686633,0.44285965903400615
0.1395,0.40617935192162774,0.06377059704686497,0.34240875487476274,0.44285965903400615
0.13966666666666666,0.40617935192162774,0.06398459233896854,0.3421947595826592,0.44285965903400615
0.13983333333333334,0.4069329314242653,0.06398459233896854,0.34294833908529676,0.44285965903400615
0.14,0.4069329314242653,0.06419858763107211,0.3427343437931932,0.44285965903400615
0.14016666666666666,0.4076865109269028,0.06419858763107211,0.34348792329583067,0.4414050296935278
0.14033333333333334,0.4076865109269028,0.06441258292317568,0.3432739280037271,0.4409452865024343
0.1405,0.4076865109269028,0.06462657821527927,0.3430599327116235,0.4405819562444128
0.14066666666666666,0.4076865109269028,0.06484057350738284,0.34284593741951996,0.4400646410191874
0.14083333333333334,0.4076865109269028,0.06505456879948641,0.3426319421274164,0.4392903447311608
0.141,0.4076865109269028,0.06526856409158999,0.3424179468353128,0.4391995122987029
0.14116666666666666,0.4076865109269028,0.06548255938369356,0.3422039515432092,0.4391995122987029
0.14133333333333334,0.4084400904295403,0.06548255938369356,0.34295753104584675,0.4391995122987029
0.1415,0.4084400904295403,0.06569655467579713,0.34274353575374317,0.4390437259431017
0.14166666666666666,0.4084400904295403,0.0659105499679007,0.34252954046163964,0.4390437259431017
0.14183333333333334,0.4084400904295403,0.06612454526000427,0.34231554516953605,0.4390437259431017
0.142,0.4084400904295403,0.06633854055210785,0.34210154987743246,0.4390437259431017
0.14216666666666666,0.4091936699321778,0.06633854055210785,0.34285512938006996,0.4382434963019256
0.14233333333333334,0.40994724943481536,0.06633854055210785,0.3436087088827075,0.4382434963019256
0.1425,0.40994724943481536,0.06655253584421143,0.3433947135906039,0.4377834439805102
0.14266666666666666,0.4107008289374529,0.06655253584421143,0.34414829309324146,0.43534385677198817
0.14283333333333334,0.4114544084400904,0.06655253584421143,0.34490187259587896,0.43534385677198817
0.143,0.4114544084400904,0.066766531136315,0.34468787730377537,0.43534385677198817
0.14316666666666666,0.4114544084400904,0.06698052642841858,0.34447388201167184,0.4343759176878829
0.14333333333333334,0.41220798794272795,0.06698052642841858,0.3452274615143094,0.43361220446887605
0.1435,0.41220798794272795,0.06719452172052215,0.3450134662222058,0.43330277596705424
0.14366666666666666,0.4129615674453655,0.06719452172052215,0.34576704572484335,0.43273896323212874
0.14383333333333334,0.4129615674453655,0.06740851701262572,0.34555305043273976,0.4327139121085185
0.144,0.4129615674453655,0.0676225123047293,0.34533905514063623,0.43270880601254996
0.14416666666666667,0.4129615674453655,0.06783650759683287,0.34512505984853264,0.43218852991011164
0.14433333333333334,0.413715146948003,0.06783650759683287,0.34587863935117014,0.43218852991011164
0.1445,0.413715146948003,0.06805050288893644,0.34566464405906655,0.43218852991011164
0.14466666666666667,0.413715146948003,0.06826449818104002,0.34545064876696296,0.42982064210324533
0.14483333333333334,0.413715146948003,0.0684784934731436,0.3452366534748594,0.428574313610739
0.145,0.413715146948003,0.06869248876524717,0.3450226581827558,0.42755823461851283
0.14516666666666667,0.41446872645064053,0.06869248876524717,0.34577623768539334,0.42755823461851283
0.14533333333333334,0.41446872645064053,0.06890648405735074,0.3455622423932898,0.4249624602790641
0.1455,0.41446872645064053,0.06912047934945431,0.3453482471011862,0.4249174549522327
0.14566666666666667,0.41446872645064053,0.06933447464155788,0.34513425180908264,0.42466313149761437
0.14583333333333334,0.41446872645064053,0.06954846993366146,0.3449202565169791,0.4242309083659316
0.146,0.41446872645064053,0.06976246522576503,0.3447062612248755,0.4242309083659316
0.14616666666666667,0.4152223059532781,0.06976246522576503,0.34545984072751307,0.4231711707356118
0.14633333333333334,0.4152223059532781,0.06997646051786861,0.3452458454354095,0.4231711707356118
0.1465,0.4159758854559156,0.06997646051786861,0.345999424938047,0.42313035729296883
0.14666666666666667,0.4167294649585531,0.06997646051786861,0.3467530044406845,0.42313035729296883
0.14683333333333334,0.41748304446119067,0.06997646051786861,0.34750658394332207,0.42313035729296883
0.147,0.41823662396382816,0.06997646051786861,0.34826016344595956,0.42313035729296883
0.14716666666666667,0.4189902034664657,0.06997646051786861,0.3490137429485971,0.42295120195297803
0.14733333333333334,0.4189902034664657,0.07019045580997219,0.3487997476564935,0.42295120195297803
0.1475,0.41974378296910325,0.07019045580997219,0.34955332715913107,0.42295120195297803
0.14766666666666667,0.41974378296910325,0.07040445110207576,0.3493393318670275,0.42295120195297803
0.14783333333333334,0.42049736247174074,0.07040445110207576,0.35009291136966497,0.42295120195297803
0.148,0.42049736247174074,0.07061844639417933,0.3498789160775614,0.42295120195297803
0.14816666666666667,0.42049736247174074,0.0708324416862829,0.34966492078545786,0.42295120195297803
0.14833333333333334,0.42049736247174074,0.07104643697838647,0.34945092549335427,0.42295120195297803
0.1485,0.4212509419743783,0.07104643697838647,0.3502045049959918,0.42053793632369585
0.14866666666666667,0.4212509419743783,0.07126043227049005,0.34999050970388823,0.4177073527653334
0.14883333333333335,0.4212509419743783,0.07147442756259362,0.3497765144117847,0.41760661002988914
0.149,0.42200452147701584,0.07147442756259362,0.35053009391442225,0.41760661002988914
0.14916666666666667,0.42200452147701584,0.0716884228546972,0.3503160986223186,0.41590608878563734
0.14933333333333335,0.42200452147701584,0.07190241814680078,0.3501021033302151,0.41532592738111407
0.1495,0.42200452147701584,0.07211641343890435,0.3498881080381115,0.41451226450814344
0.14966666666666667,0.42200452147701584,0.07233040873100792,0.3496741127460079,0.4140632784933101
0.14983333333333335,0.42200452147701584,0.07254440402311149,0.3494601174539044,0.4140632784933101
0.15,0.42200452147701584,0.07275839931521506,0.3492461221618008,0.4140632784933101
0.15016666666666667,0.42200452147701584,0.07297239460731864,0.3490321268696972,0.4138450621545798
0.15033333333333335,0.42200452147701584,0.07318638989942221,0.3488181315775936,0.4138450621545798
0.1505,0.42200452147701584,0.07340038519152578,0.34860413628549003,0.4130095684543525
0.15066666666666667,0.42200452147701584,0.07361438048362937,0.3483901409933865,0.4130095684543525
0.15083333333333335,0.42275810097965333,0.07361438048362937,0.34914372049602393,0.4130095684543525
0.151,0.4235116804822909,0.07361438048362937,0.3498972999986615,0.4130095684543525
0.15116666666666667,0.4235116804822909,0.07382837577573294,0.34968330470655795,0.4130095684543525
0.15133333333333332,0.4242652599849284,0.07382837577573294,0.3504368842091955,0.4130095684543525
0.1515,0.4242652599849284,0.07404237106783651,0.3502228889170919,0.4130095684543525
0.15166666666666667,0.4250188394875659,0.07404237106783651,0.3509764684197294,0.4130095684543525
0.15183333333333332,0.4250188394875659,0.07425636635994008,0.3507624731276258,0.4130095684543525
0.152,0.4250188394875659,0.07447036165204365,0.35054847783552223,0.4130095684543525
0.15216666666666667,0.42577241899020346,0.07447036165204365,0.3513020573381598,0.4130095684543525
0.15233333333333332,0.42577241899020346,0.07468435694414723,0.35108806204605625,0.4130095684543525
0.1525,0.426525998492841,0.07468435694414723,0.3518416415486938,0.4130095684543525
0.15266666666666667,0.4272795779954785,0.07468435694414723,0.3525952210513313,0.4130095684543525
0.15283333333333332,0.42803315749811605,0.07468435694414723,0.35334880055396883,0.41298599807552083
0.153,0.4287867370007536,0.07468435694414723,0.3541023800566064,0.4091180567818207
0.15316666666666667,0.4287867370007536,0.0748983522362508,0.3538883847645028,0.40892457453379455
0.15333333333333332,0.4287867370007536,0.07511234752835437,0.3536743894723992,0.4088891141238854
0.1535,0.4295403165033911,0.07511234752835437,0.3544279689750367,0.4088891141238854
0.15366666666666667,0.4295403165033911,0.07532634282045796,0.3542139736829331,0.40866562922795513
0.15383333333333332,0.4295403165033911,0.07554033811256153,0.35399997839082953,0.40814967376633376
0.154,0.43029389600602863,0.07554033811256153,0.3547535578934671,0.4072768809360657
0.15416666666666667,0.4310474755086662,0.07554033811256153,0.3555071373961046,0.4059941537165251
0.15433333333333332,0.43180105501130367,0.07554033811256153,0.35626071689874217,0.4059941537165251
0.1545,0.4325546345139412,0.07554033811256153,0.3570142964013797,0.4059941537165251
0.15466666666666667,0.4325546345139412,0.0757543334046651,0.35680030110927613,0.4058521131228927
0.15483333333333332,0.43330821401657876,0.0757543334046651,0.3575538806119137,0.4058521131228927
0.155,0.43406179351921625,0.0757543334046651,0.35830746011455117,0.4058521131228927
0.15516666666666667,0.43406179351921625,0.07596832869676867,0.3580934648224476,0.40582471515521373
0.15533333333333332,0.43406179351921625,0.07618232398887224,0.357879469530344,0.40582471515521373
0.1555,0.43406179351921625,0.07639631928097582,0.35766547423824047,0.40534206178005494
0.15566666666666668,0.43406179351921625,0.07661031457307939,0.3574514789461369,0.40529785664550655
0.15583333333333332,0.43406179351921625,0.07682430986518296,0.3572374836540333,0.40529785664550655
0.156,0.43406179351921625,0.07703830515728655,0.3570234883619297,0.4052349917088512
0.15616666666666668,0.43406179351921625,0.07725230044939012,0.3568094930698261,0.4051936248450008
0.15633333333333332,0.43406179351921625,0.07746629574149369,0.3565954977777226,0.40444044129069795
0.1565,0.4348153730218538,0.07746629574149369,0.35734907728036014,0.40357741835964633
0.15666666666666668,0.43556895252449135,0.07746629574149369,0.3581026567829977,0.40357741835964633
0.15683333333333332,0.43556895252449135,0.07768029103359726,0.3578886614908941,0.40308855849204656
0.157,0.43556895252449135,0.07789428632570083,0.3576746661987905,0.40151170478499537
0.15716666666666668,0.43556895252449135,0.0781082816178044,0.35746067090668693,0.40151170478499537
0.15733333333333333,0.43556895252449135,0.07832227690990798,0.35724667561458334,0.40151170478499537
0.1575,0.43632253202712884,0.07832227690990798,0.3580002551172209,0.39966994851539944
0.15766666666666668,0.4370761115297664,0.07832227690990798,0.35875383461985844,0.39953362396821224
0.15783333333333333,0.43782969103240393,0.07832227690990798,0.359507414122496,0.39953362396821224
0.158,0.4385832705350414,0.07832227690990798,0.3602609936251334,0.39904139215753204
0.15816666666666668,0.43933685003767897,0.07832227690990798,0.36101457312777097,0.39719362602895075
0.15833333333333333,0.4400904295403165,0.07832227690990798,0.3617681526304085,0.39719362602895075
0.1585,0.4400904295403165,0.07853627220201155,0.361554157338305,0.39719362602895075
0.15866666666666668,0.4400904295403165,0.07875026749411512,0.3613401620462014,0.3963899756518893
0.15883333333333333,0.4400904295403165,0.07896426278621871,0.3611261667540978,0.3961150296413736
0.159,0.440844009042954,0.07896426278621871,0.3618797462567353,0.39511814218445496
0.15916666666666668,0.440844009042954,0.07917825807832228,0.3616657509646317,0.3941320559601791
0.15933333333333333,0.44159758854559156,0.07917825807832228,0.36241933046726926,0.3941320559601791
0.1595,0.44159758854559156,0.07939225337042585,0.36220533517516573,0.3941320559601791
0.15966666666666668,0.4423511680482291,0.07939225337042585,0.3629589146778033,0.3923113229833435
0.15983333333333333,0.4423511680482291,0.07960624866252942,0.3627449193856997,0.39217388064021425
0.16,0.4423511680482291,0.079820243954633,0.3625309240935961,0.39217388064021425
0.16016666666666668,0.4423511680482291,0.08003423924673657,0.3623169288014925,0.39217388064021425
0.16033333333333333,0.4423511680482291,0.08024823453884014,0.36210293350938894,0.39217388064021425
0.1605,0.4423511680482291,0.08046222983094371,0.3618889382172854,0.39217388064021425
0.16066666666666668,0.4423511680482291,0.0806762251230473,0.3616749429251818,0.39217388064021425
0.16083333333333333,0.4423511680482291,0.08089022041515087,0.36146094763307823,0.39213952272869446
0.161,0.4431047475508666,0.08089022041515087,0.3622145271357157,0.39160596848660073
0.16116666666666668,0.4431047475508666,0.08110421570725444,0.36200053184361214,0.39160596848660073
0.16133333333333333,0.44385832705350414,0.08110421570725444,0.3627541113462497,0.39160596848660073
0.1615,0.44385832705350414,0.08131821099935801,0.36254011605414616,0.39160596848660073
0.16166666666666665,0.4446119065561417,0.08131821099935801,0.3632936955567837,0.39160596848660073
0.16183333333333333,0.4453654860587792,0.08131821099935801,0.36404727505942114,0.39160596848660073
0.162,0.4461190655614167,0.08131821099935801,0.3648008545620587,0.39160596848660073
0.16216666666666665,0.4461190655614167,0.08153220629146159,0.36458685926995515,0.39160596848660073
0.16233333333333333,0.4461190655614167,0.08174620158356516,0.36437286397785157,0.39077325092382076
0.1625,0.4468726450640543,0.08174620158356516,0.3651264434804891,0.3907607653831865
0.16266666666666665,0.44762622456669177,0.08174620158356516,0.3658800229831266,0.39064977354982533
0.16283333333333333,0.44762622456669177,0.08196019687566873,0.365666027691023,0.39064977354982533
0.163,0.4483798040693293,0.08196019687566873,0.36641960719366057,0.39064977354982533
0.16316666666666665,0.44913338357196686,0.08196019687566873,0.3671731866962981,0.386909725408955
0.16333333333333333,0.44913338357196686,0.0821741921677723,0.36695919140419453,0.386909725408955
0.1635,0.44988696307460435,0.0821741921677723,0.3677127709068321,0.3868949142955697
0.16366666666666665,0.44988696307460435,0.08238818745987589,0.36749877561472843,0.3868949142955697
0.16383333333333333,0.4506405425772419,0.08238818745987589,0.368252355117366,0.3868949142955697
0.164,0.45139412207987945,0.08238818745987589,0.36900593462000353,0.38667434030707454
0.16416666666666666,0.45139412207987945,0.08260218275197946,0.3687919393279,0.38594238339032066
0.16433333333333333,0.45139412207987945,0.08281617804408303,0.3685779440357964,0.38594238339032066
0.1645,0.45214770158251694,0.08281617804408303,0.3693315235384339,0.38594238339032066
0.16466666666666666,0.4529012810851545,0.08281617804408303,0.37008510304107145,0.38594238339032066
0.16483333333333333,0.45365486058779203,0.08281617804408303,0.370838682543709,0.385886716389287
0.165,0.4544084400904295,0.08281617804408303,0.3715922620463465,0.385886716389287
0.16516666666666666,0.45516201959306707,0.08281617804408303,0.37234584154898404,0.385886716389287
0.16533333333333333,0.45516201959306707,0.0830301733361866,0.37213184625688045,0.385886716389287
0.1655,0.45516201959306707,0.08324416862829018,0.3719178509647769,0.385886716389287
0.16566666666666666,0.4559155990957046,0.08324416862829018,0.37267143046741447,0.385886716389287
0.16583333333333333,0.4559155990957046,0.08345816392039375,0.3724574351753109,0.385886716389287
0.166,0.4559155990957046,0.08367215921249732,0.3722434398832073,0.38529213245249677
0.16616666666666666,0.4566691785983421,0.08367215921249732,0.3729970193858448,0.38522421406204915
0.16633333333333333,0.4566691785983421,0.0838861545046009,0.3727830240937412,0.38522421406204915
0.1665,0.45742275810097965,0.0838861545046009,0.37353660359637875,0.38522421406204915
0.16666666666666666,0.4581763376036172,0.0838861545046009,0.3742901830990163,0.38522421406204915
0.16683333333333333,0.4589299171062547,0.0838861545046009,0.3750437626016538,0.38522421406204915
0.167,0.45968349660889224,0.0838861545046009,0.37579734210429133,0.38522421406204915
0.16716666666666666,0.4604370761115298,0.0838861545046009,0.3765509216069289,0.38522421406204915
0.16733333333333333,0.4604370761115298,0.08410014979670448,0.3763369263148253,0.38522421406204915
0.1675,0.4611906556141673,0.08410014979670448,0.3770905058174628,0.38522421406204915
0.16766666666666666,0.4619442351168048,0.08410014979670448,0.37784408532010033,0.38522421406204915
0.16783333333333333,0.46269781461944237,0.08410014979670448,0.3785976648227379,0.38522421406204915
0.168,0.46269781461944237,0.08431414508880805,0.3783836695306343,0.38522421406204915
0.16816666666666666,0.46345139412207986,0.08431414508880805,0.37913724903327184,0.38522421406204915
0.16833333333333333,0.4642049736247174,0.08431414508880805,0.3798908285359094,0.38522421406204915
0.1685,0.46495855312735496,0.08431414508880805,0.38064440803854693,0.38522421406204915
0.16866666666666666,0.46495855312735496,0.08452814038091162,0.38043041274644335,0.38522421406204915
0.16883333333333334,0.46571213262999245,0.08452814038091162,0.38118399224908084,0.38522421406204915
0.169,0.46571213262999245,0.0847421356730152,0.38096999695697725,0.38522421406204915
0.16916666666666666,0.46646571213263,0.0847421356730152,0.3817235764596148,0.38522421406204915
0.16933333333333334,0.46721929163526754,0.0847421356730152,0.38247715596225235,0.38522421406204915
0.1695,0.46721929163526754,0.08495613096511877,0.38226316067014876,0.38237501000074425
0.16966666666666666,0.46721929163526754,0.08517012625722234,0.38204916537804523,0.38237501000074425
0.16983333333333334,0.46721929163526754,0.08538412154932591,0.38183517008594164,0.38237501000074425
0.17,0.46721929163526754,0.08559811684142948,0.38162117479383806,0.38237501000074425
0.17016666666666666,0.46721929163526754,0.08581211213353306,0.3814071795017345,0.38237501000074425
0.17033333333333334,0.46721929163526754,0.08602610742563664,0.3811931842096309,0.38237501000074425
0.1705,0.46721929163526754,0.08624010271774021,0.38097918891752736,0.38202647887161245
0.17066666666666666,0.46797287113790503,0.08624010271774021,0.3817327684201648,0.38164990487742717
0.17083333333333334,0.46797287113790503,0.08645409800984379,0.38151877312806126,0.38164990487742717
0.171,0.46797287113790503,0.08666809330194736,0.3813047778359577,0.38164990487742717
0.17116666666666666,0.46797287113790503,0.08688208859405093,0.3810907825438541,0.3781478328009076
0.17133333333333334,0.46797287113790503,0.0870960838861545,0.38087678725175056,0.3781478328009076
0.1715,0.4687264506405426,0.0870960838861545,0.3816303667543881,0.37777999419406133
0.17166666666666666,0.4694800301431801,0.0870960838861545,0.38238394625702565,0.37777999419406133
0.17183333333333334,0.4702336096458176,0.0870960838861545,0.3831375257596631,0.3757362268081506
0.172,0.47098718914845517,0.0870960838861545,0.38389110526230064,0.37569059510066355
0.17216666666666666,0.47098718914845517,0.08731007917825807,0.3836771099701971,0.3752649866858771
0.17233333333333334,0.47098718914845517,0.08752407447036165,0.3834631146780935,0.3736580999571491
0.1725,0.47098718914845517,0.08773806976246523,0.38324911938598993,0.3735967828270688
0.17266666666666666,0.4717407686510927,0.08773806976246523,0.3840026988886275,0.3731973068499747
0.17283333333333334,0.4717407686510927,0.0879520650545688,0.3837887035965239,0.3731629014298301
0.173,0.4717407686510927,0.08816606034667238,0.3835747083044203,0.3702187450181141
0.17316666666666666,0.4717407686510927,0.08838005563877595,0.3833607130123168,0.3701148123582861
0.17333333333333334,0.4717407686510927,0.08859405093087952,0.3831467177202132,0.3647008524557959
0.1735,0.4717407686510927,0.08880804622298309,0.3829327224281096,0.36451809043801675
0.17366666666666666,0.4717407686510927,0.08902204151508666,0.3827187271360061,0.36451809043801675
0.17383333333333334,0.4724943481537302,0.08902204151508666,0.3834723066386435,0.36451809043801675
0.174,0.4724943481537302,0.08923603680719024,0.38325831134654,0.36451809043801675
0.17416666666666666,0.4724943481537302,0.08945003209929382,0.3830443160544364,0.36451809043801675
0.17433333333333334,0.47324792765636775,0.08945003209929382,0.38379789555707394,0.36451809043801675
0.1745,0.4740015071590053,0.08945003209929382,0.3845514750597115,0.36451809043801675
0.17466666666666666,0.4747550866616428,0.08945003209929382,0.385305054562349,0.36451809043801675
0.17483333333333334,0.4747550866616428,0.0896640273913974,0.3850910592702454,0.36451809043801675
0.175,0.4747550866616428,0.08987802268350097,0.3848770639781418,0.36451809043801675
0.17516666666666666,0.4747550866616428,0.09009201797560454,0.3846630686860383,0.36451809043801675
0.17533333333333334,0.4747550866616428,0.09030601326770811,0.3844490733939347,0.36451809043801675
0.1755,0.4747550866616428,0.09052000855981168,0.3842350781018311,0.36451809043801675
0.17566666666666667,0.47550866616428034,0.09052000855981168,0.38498865760446865,0.364274771925807
0.17583333333333334,0.4762622456669179,0.09052000855981168,0.3857422371071062,0.364274771925807
0.176,0.4770158251695554,0.09052000855981168,0.3864958166097437,0.364274771925807
0.17616666666666667,0.4777694046721929,0.09052000855981168,0.38724939611238124,0.357928655508474
0.17633333333333334,0.4777694046721929,0.09073400385191525,0.38703540082027765,0.357928655508474
0.1765,0.47852298417483047,0.09073400385191525,0.3877889803229152,0.357928655508474
0.17666666666666667,0.47927656367746796,0.09073400385191525,0.3885425598255527,0.357928655508474
0.17683333333333334,0.47927656367746796,0.09094799914401883,0.3883285645334491,0.35740055677849875
0.177,0.47927656367746796,0.09116199443612241,0.3881145692413456,0.3565331450901477
0.17716666666666667,0.47927656367746796,0.09137598972822598,0.387900573949242,0.35631395826233536
0.17733333333333334,0.47927656367746796,0.09158998502032956,0.3876865786571384,0.3557152507668144
0.1775,0.47927656367746796,0.09180398031243313,0.3874725833650348,0.3556245314983461
0.17766666666666667,0.47927656367746796,0.0920179756045367,0.38725858807293123,0.3556245314983461
0.17783333333333334,0.4800301431801055,0.0920179756045367,0.3880121675755688,0.3556245314983461
0.178,0.4800301431801055,0.09223197089664027,0.38779817228346525,0.3556245314983461
0.17816666666666667,0.48078372268274305,0.09223197089664027,0.3885517517861028,0.3556245314983461
0.17833333333333334,0.48153730218538054,0.09223197089664027,0.3893053312887403,0.3556245314983461
0.1785,0.48153730218538054,0.09244596618874384,0.3890913359966367,0.3556245314983461
0.17866666666666667,0.48153730218538054,0.09265996148084742,0.3888773407045331,0.3556245314983461
0.17883333333333334,0.4822908816880181,0.09265996148084742,0.38963092020717066,0.3556245314983461
0.179,0.4822908816880181,0.09287395677295099,0.3894169249150671,0.3556245314983461
0.17916666666666667,0.4822908816880181,0.09308795206505457,0.38920292962296354,0.3556245314983461
0.17933333333333334,0.4822908816880181,0.09330194735715815,0.38898893433085996,0.3556245314983461
0.1795,0.4822908816880181,0.09351594264926172,0.3887749390387564,0.3556245314983461
0.17966666666666667,0.48304446119065564,0.09351594264926172,0.3895285185413939,0.3556245314983461
0.17983333333333335,0.48379804069329313,0.09351594264926172,0.3902820980440314,0.3556245314983461
0.18,0.4845516201959307,0.09351594264926172,0.39103567754666896,0.3556245314983461
0.18016666666666667,0.4845516201959307,0.09372993794136529,0.3908216822545654,0.3556245314983461
0.18033333333333335,0.4853051996985682,0.09372993794136529,0.3915752617572029,0.3556245314983461
0.1805,0.4853051996985682,0.09394393323346886,0.3913612664650994,0.3556245314983461
0.18066666666666667,0.4860587792012057,0.09394393323346886,0.3921148459677368,0.3556245314983461
0.18083333333333335,0.4860587792012057,0.09415792852557243,0.3919008506756333,0.3556245314983461
0.181,0.4860587792012057,0.094371923817676,0.3916868553835297,0.3556245314983461
0.18116666666666667,0.48681235870384326,0.094371923817676,0.39244043488616726,0.3556245314983461
0.18133333333333335,0.48681235870384326,0.09458591910977958,0.39222643959406367,0.3556245314983461
0.1815,0.4875659382064808,0.09458591910977958,0.3929800190967012,0.3556245314983461
0.18166666666666667,0.4875659382064808,0.09479991440188316,0.39276602380459763,0.3556245314983461
0.18183333333333335,0.4875659382064808,0.09501390969398674,0.39255202851249404,0.3555229467102987
0.182,0.4875659382064808,0.09522790498609031,0.3923380332203905,0.35546179760901686
0.18216666666666667,0.4883195177091183,0.09522790498609031,0.393091612723028,0.35546179760901686
0.18233333333333332,0.4883195177091183,0.09544190027819388,0.3928776174309244,0.35546179760901686
0.1825,0.4883195177091183,0.09565589557029745,0.39266362213882083,0.35546179760901686
0.18266666666666667,0.4883195177091183,0.09586989086240102,0.39244962684671725,0.35546179760901686
0.18283333333333332,0.48907309721175585,0.09586989086240102,0.3932032063493548,0.35546179760901686
0.183,0.48907309721175585,0.0960838861545046,0.39298921105725126,0.35546179760901686
0.18316666666666667,0.48907309721175585,0.09629788144660817,0.3927752157651477,0.35546179760901686
0.18333333333333332,0.48907309721175585,0.09651187673871175,0.3925612204730441,0.35546179760901686
0.1835,0.4898266767143934,0.09651187673871175,0.39331479997568164,0.35546179760901686
0.18366666666666667,0.4898266767143934,0.09672587203081533,0.39310080468357805,0.35546179760901686
0.18383333333333332,0.4905802562170309,0.09672587203081533,0.39385438418621554,0.35546179760901686
0.184,0.49133383571966843,0.09672587203081533,0.3946079636888531,0.35546179760901686
0.18416666666666667,0.492087415222306,0.09672587203081533,0.39536154319149064,0.35546179760901686
0.18433333333333332,0.49284099472494347,0.09672587203081533,0.39611512269412813,0.35546179760901686
0.1845,0.49284099472494347,0.0969398673229189,0.39590112740202454,0.35546179760901686
0.18466666666666667,0.49284099472494347,0.09715386261502247,0.395687132109921,0.35546179760901686
0.18483333333333332,0.49284099472494347,0.09736785790712604,0.39547313681781743,0.35546179760901686
0.185,0.49284099472494347,0.09758185319922962,0.39525914152571384,0.35546179760901686
0.18516666666666667,0.49284099472494347,0.09779584849133319,0.3950451462336103,0.35546179760901686
0.18533333333333332,0.49284099472494347,0.09800984378343676,0.3948311509415067,0.35546179760901686
0.1855,0.49284099472494347,0.09822383907554033,0.39461715564940314,0.35546179760901686
0.18566666666666667,0.493594574227581,0.09822383907554033,0.3953707351520407,0.35546179760901686
0.18583333333333332,0.493594574227581,0.09843783436764392,0.3951567398599371,0.35546179760901686
0.186,0.49434815373021856,0.09843783436764392,0.39591031936257465,0.35546179760901686
0.18616666666666667,0.49510173323285606,0.09843783436764392,0.39666389886521214,0.35546179760901686
0.18633333333333332,0.49510173323285606,0.09865182965974749,0.39644990357310855,0.35546179760901686
0.1865,0.4958553127354936,0.09865182965974749,0.3972034830757461,0.35546179760901686
0.18666666666666668,0.49660889223813115,0.09865182965974749,0.39795706257838365,0.35546179760901686
0.18683333333333332,0.49736247174076864,0.09865182965974749,0.39871064208102114,0.35546179760901686
0.187,0.4981160512434062,0.09865182965974749,0.3994642215836587,0.35546179760901686
0.18716666666666668,0.49886963074604374,0.09865182965974749,0.40021780108629623,0.35546179760901686
0.18733333333333332,0.4996232102486812,0.09865182965974749,0.4009713805889337,0.35546179760901686
0.1875,0.4996232102486812,0.09886582495185106,0.40075738529683014,0.3552060256009003
0.18766666666666668,0.4996232102486812,0.09907982024395463,0.4005433900047266,0.35397332305531426
0.18783333333333332,0.4996232102486812,0.0992938155360582,0.400329394712623,0.35397332305531426
0.188,0.4996232102486812,0.09950781082816178,0.40011539942051944,0.3531298522574146
0.18816666666666668,0.5003767897513187,0.09950781082816178,0.4008689789231569,0.3530563958910688
0.18833333333333332,0.5003767897513187,0.09972180612026535,0.40065498363105334,0.35254163873616934
0.1885,0.5003767897513187,0.09993580141236892,0.4004409883389498,0.3510878231779261
0.18866666666666668,0.5011303692539563,0.09993580141236892,0.40119456784158736,0.3500097281398867
0.18883333333333333,0.5018839487565938,0.09993580141236892,0.4019481473442249,0.3499174645554972
0.189,0.5018839487565938,0.10014979670447251,0.4017341520521213,0.3484445412633074
0.18916666666666668,0.5026375282592314,0.10014979670447251,0.40248773155475887,0.3484445412633074
0.18933333333333333,0.5026375282592314,0.10036379199657608,0.4022737362626553,0.3484445412633074
0.1895,0.5026375282592314,0.10057778728867965,0.4020597409705517,0.3484445412633074
0.18966666666666668,0.5026375282592314,0.10079178258078322,0.4018457456784481,0.3484445412633074
0.18983333333333333,0.5026375282592314,0.1010057778728868,0.4016317503863446,0.3484445412633074
0.19,0.5026375282592314,0.10121977316499037,0.401417755094241,0.3484445412633074
0.19016666666666668,0.5026375282592314,0.10143376845709394,0.4012037598021374,0.3484445412633074
0.19033333333333333,0.5026375282592314,0.10164776374919751,0.4009897645100339,0.3484445412633074
0.1905,0.5026375282592314,0.1018617590413011,0.40077576921793023,0.3484445412633074
0.19066666666666668,0.5033911077618689,0.1018617590413011,0.4015293487205678,0.3484445412633074
0.19083333333333333,0.5041446872645065,0.1018617590413011,0.4022829282232053,0.3484445412633074
0.191,0.5041446872645065,0.10207575433340467,0.4020689329311018,0.3484445412633074
0.19116666666666668,0.5041446872645065,0.10228974962550824,0.4018549376389982,0.3484445412633074
0.19133333333333333,0.5041446872645065,0.10250374491761181,0.4016409423468946,0.3484445412633074
0.1915,0.5041446872645065,0.10271774020971539,0.4014269470547911,0.3484445412633074
0.19166666666666668,0.5041446872645065,0.10293173550181896,0.4012129517626875,0.3484445412633074
0.19183333333333333,0.5041446872645065,0.10314573079392253,0.4009989564705839,0.3484445412633074
0.192,0.5041446872645065,0.1033597260860261,0.40078496117848034,0.3477586733430906
0.19216666666666668,0.5048982667671439,0.1033597260860261,0.4015385406811178,0.3477586733430906
0.19233333333333333,0.5056518462697814,0.1033597260860261,0.4022921201837553,0.34599370390306183
0.1925,0.5056518462697814,0.10357372137812969,0.40207812489165173,0.34599370390306183
0.19266666666666668,0.506405425772419,0.10357372137812969,0.4028317043942893,0.34599370390306183
0.19283333333333333,0.506405425772419,0.10378771667023326,0.40261770910218575,0.34599370390306183
0.193,0.506405425772419,0.10400171196233683,0.40240371381008216,0.34599370390306183
0.19316666666666665,0.506405425772419,0.1042157072544404,0.4021897185179786,0.34599370390306183
0.19333333333333333,0.5071590052750565,0.1042157072544404,0.4029432980206161,0.34590326235729535
0.1935,0.5071590052750565,0.10442970254654398,0.40272930272851254,0.34590326235729535
0.19366666666666665,0.5079125847776941,0.10442970254654398,0.4034828822311501,0.34567821040490254
0.19383333333333333,0.5079125847776941,0.10464369783864755,0.4032688869390465,0.3453047577083073
0.194,0.5079125847776941,0.10485769313075112,0.40305489164694297,0.3453047577083073
0.19416666666666665,0.5079125847776941,0.10507168842285469,0.4028408963548394,0.3453047577083073
0.19433333333333333,0.5079125847776941,0.10528568371495826,0.4026269010627358,0.3453047577083073
0.1945,0.5086661642803316,0.10528568371495826,0.40338048056537334,0.3453047577083073
0.19466666666666665,0.5086661642803316,0.10549967900706185,0.40316648527326976,0.3453047577083073
0.19483333333333333,0.5086661642803316,0.10571367429916542,0.4029524899811662,0.3453047577083073
0.195,0.5086661642803316,0.105927669591269,0.40273849468906264,0.3453047577083073
0.19516666666666665,0.5094197437829691,0.105927669591269,0.4034920741917001,0.3453047577083073
0.19533333333333333,0.5094197437829691,0.10614166488337257,0.4032780788995965,0.3453047577083073
0.1955,0.5094197437829691,0.10635566017547614,0.4030640836074929,0.3453047577083073
0.19566666666666666,0.5094197437829691,0.10656965546757971,0.4028500883153894,0.3453047577083073
0.19583333333333333,0.5094197437829691,0.10678365075968328,0.4026360930232858,0.3453047577083073
0.196,0.5101733232856066,0.10678365075968328,0.40338967252592334,0.3453047577083073
0.19616666666666666,0.5101733232856066,0.10699764605178685,0.40317567723381975,0.3453047577083073
0.19633333333333333,0.5109269027882442,0.10699764605178685,0.4039292567364573,0.3453047577083073
0.1965,0.5109269027882442,0.10721164134389044,0.4037152614443537,0.3453047577083073
0.19666666666666666,0.5109269027882442,0.10742563663599401,0.4035012661522501,0.3453047577083073
0.19683333333333333,0.5109269027882442,0.10763963192809758,0.4032872708601466,0.3453047577083073
0.197,0.5109269027882442,0.10785362722020116,0.403073275568043,0.3453047577083073
0.19716666666666666,0.5109269027882442,0.10806762251230473,0.4028592802759394,0.3453047577083073
0.19733333333333333,0.5109269027882442,0.1082816178044083,0.40264528498383584,0.3453047577083073
0.1975,0.5116804822908817,0.1082816178044083,0.4033988644864734,0.3453047577083073
0.19766666666666666,0.5116804822908817,0.10849561309651187,0.4031848691943698,0.3453047577083073
0.19783333333333333,0.5124340617935192,0.10849561309651187,0.40393844869700735,0.3453047577083073
0.198,0.5124340617935192,0.10870960838861544,0.4037244534049038,0.3453047577083073
0.19816666666666666,0.5131876412961568,0.10870960838861544,0.40447803290754136,0.3453047577083073
0.19833333333333333,0.5131876412961568,0.10892360368071903,0.4042640376154378,0.3453047577083073
0.1985,0.5131876412961568,0.1091375989728226,0.4040500423233342,0.3453047577083073
0.19866666666666666,0.5131876412961568,0.10935159426492617,0.4038360470312306,0.3453047577083073
0.19883333333333333,0.5139412207987942,0.10935159426492617,0.40458962653386804,0.3453047577083073
0.199,0.5139412207987942,0.10956558955702975,0.40437563124176445,0.3453047577083073
0.19916666666666666,0.5139412207987942,0.10977958484913332,0.4041616359496609,0.3453047577083073
0.19933333333333333,0.5139412207987942,0.10999358014123689,0.40394764065755734,0.3453047577083073
0.1995,0.5139412207987942,0.11020757543334046,0.40373364536545375,0.3453047577083073
0.19966666666666666,0.5139412207987942,0.11042157072544403,0.4035196500733502,0.3453047577083073
0.19983333333333334,0.5146948003014318,0.11042157072544403,0.40427322957598777,0.3453047577083073
0.2,0.5146948003014318,0.11063556601754762,0.40405923428388413,0.3453047577083073
0.20016666666666666,0.5154483798040693,0.11063556601754762,0.4048128137865217,0.3453047577083073
0.20033333333333334,0.5162019593067069,0.11063556601754762,0.4055663932891592,0.3453047577083073
0.2005,0.5169555388093444,0.11063556601754762,0.40631997279179677,0.3453047577083073
0.20066666666666666,0.5169555388093444,0.11084956130965119,0.40610597749969324,0.3453047577083073
0.20083333333333334,0.5169555388093444,0.11106355660175476,0.40589198220758965,0.3453047577083073
0.201,0.5169555388093444,0.11127755189385834,0.40567798691548607,0.3453047577083073
0.20116666666666666,0.5169555388093444,0.11149154718596191,0.40546399162338254,0.3453047577083073
0.20133333333333334,0.5169555388093444,0.11170554247806548,0.40524999633127895,0.3453047577083073
0.2015,0.517709118311982,0.11170554247806548,0.4060035758339165,0.3453047577083073
0.20166666666666666,0.517709118311982,0.11191953777016905,0.4057895805418129,0.3453047577083073
0.20183333333333334,0.517709118311982,0.11213353306227263,0.4055755852497093,0.3453047577083073
0.202,0.517709118311982,0.1123475283543762,0.40536158995760574,0.3453047577083073
0.20216666666666666,0.517709118311982,0.11256152364647978,0.4051475946655022,0.3453047577083073
0.20233333333333334,0.517709118311982,0.11277551893858336,0.4049335993733986,0.3453047577083073
0.2025,0.517709118311982,0.11298951423068693,0.40471960408129504,0.3453047577083073
0.20266666666666666,0.517709118311982,0.1132035095227905,0.40450560878919145,0.3453047577083073
0.20283333333333334,0.517709118311982,0.11341750481489407,0.40429161349708786,0.3453047577083073
0.203,0.517709118311982,0.11363150010699764,0.40407761820498433,0.3453047577083073
0.20316666666666666,0.517709118311982,0.11384549539910122,0.40386362291288075,0.3453047577083073
0.20333333333333334,0.517709118311982,0.11405949069120479,0.40364962762077716,0.3453047577083073
0.2035,0.517709118311982,0.11427348598330837,0.4034356323286736,0.3453047577083073
0.20366666666666666,0.5184626978146194,0.11427348598330837,0.404189211831311,0.3453047577083073
0.20383333333333334,0.5184626978146194,0.11448748127541195,0.4039752165392074,0.3453047577083073
0.204,0.5184626978146194,0.11470147656751552,0.4037612212471039,0.3453047577083073
0.20416666666666666,0.5184626978146194,0.11491547185961909,0.4035472259550003,0.3453047577083073
0.20433333333333334,0.5184626978146194,0.11512946715172266,0.4033332306628967,0.3453047577083073
0.2045,0.5184626978146194,0.11534346244382623,0.4031192353707932,0.3453047577083073
0.20466666666666666,0.5184626978146194,0.1155574577359298,0.4029052400786896,0.3453047577083073
0.20483333333333334,0.5184626978146194,0.11577145302803338,0.402691244786586,0.3453047577083073
0.205,0.519216277317257,0.11577145302803338,0.40344482428922357,0.3453047577083073
0.20516666666666666,0.519216277317257,0.11598544832013696,0.40323082899712,0.3453047577083073
0.20533333333333334,0.519216277317257,0.11619944361224054,0.4030168337050164,0.3453047577083073
0.2055,0.519216277317257,0.11641343890434411,0.40280283841291287,0.3453047577083073
0.20566666666666666,0.519216277317257,0.11662743419644768,0.4025888431208093,0.3453047577083073
0.20583333333333334,0.519216277317257,0.11684142948855125,0.4023748478287057,0.3453047577083073
0.206,0.519216277317257,0.11705542478065482,0.4021608525366021,0.3453047577083073
0.20616666666666666,0.519216277317257,0.1172694200727584,0.4019468572444985,0.3453047577083073
0.20633333333333334,0.519216277317257,0.11748341536486197,0.401732861952395,0.3453047577083073
0.2065,0.519216277317257,0.11769741065696554,0.4015188666602914,0.3453047577083073
0.20666666666666667,0.519216277317257,0.11791140594906913,0.4013048713681878,0.3453047577083073
0.20683333333333334,0.519216277317257,0.1181254012411727,0.40109087607608424,0.3453047577083073
0.207,0.519216277317257,0.11833939653327627,0.40087688078398065,0.3453047577083073
0.20716666666666667,0.519216277317257,0.11855339182537984,0.4006628854918771,0.3453047577083073
0.20733333333333334,0.519216277317257,0.11876738711748341,0.40044889019977353,0.3449777657821315
0.2075,0.519216277317257,0.11898138240958699,0.40023489490766995,0.3442732634001246
0.20766666666666667,0.5199698568198945,0.11898138240958699,0.4009884744103075,0.34246137303591345
0.20783333333333334,0.520723436322532,0.11898138240958699,0.40174205391294504,0.3415621965045873
0.208,0.5214770158251696,0.11898138240958699,0.4024956334155826,0.3390519291162682
0.20816666666666667,0.5222305953278071,0.11898138240958699,0.40324921291822013,0.33903049774733
0.20833333333333334,0.5222305953278071,0.11919537770169056,0.4030352176261166,0.33903049774733
0.2085,0.5229841748304446,0.11919537770169056,0.40378879712875404,0.3389304926642036
0.20866666666666667,0.5229841748304446,0.11940937299379413,0.40357480183665045,0.3389304926642036
0.20883333333333334,0.5229841748304446,0.11962336828589772,0.40336080654454687,0.3389304926642036
0.209,0.5237377543330821,0.11962336828589772,0.4041143860471844,0.337927263257545
0.20916666666666667,0.5237377543330821,0.11983736357800129,0.40390039075508083,0.337927263257545
0.20933333333333334,0.5237377543330821,0.12005135887010486,0.40368639546297724,0.337927263257545
0.2095,0.5237377543330821,0.12026535416220843,0.4034724001708737,0.3357267943732247
0.20966666666666667,0.5237377543330821,0.120479349454312,0.4032584048787701,0.3356923971292164
0.20983333333333334,0.5237377543330821,0.12069334474641558,0.40304440958666654,0.3356923971292164
0.21,0.5237377543330821,0.12090734003851915,0.40283041429456296,0.3356923971292164
0.21016666666666667,0.5244913338357197,0.12090734003851915,0.4035839937972005,0.3356923971292164
0.21033333333333334,0.5244913338357197,0.12112133533062272,0.4033699985050969,0.33528339748673036
0.2105,0.5244913338357197,0.1213353306227263,0.4031560032129934,0.33439603644828764
0.21066666666666667,0.5244913338357197,0.12154932591482988,0.4029420079208898,0.33439603644828764
0.21083333333333334,0.5252449133383572,0.12154932591482988,0.40369558742352735,0.33439603644828764
0.211,0.5252449133383572,0.12176332120693345,0.40348159213142376,0.32922119513644577
0.21116666666666667,0.5252449133383572,0.12197731649903702,0.4032675968393202,0.3291848281213988
0.21133333333333335,0.5252449133383572,0.1221913117911406,0.4030536015472166,0.3291848281213988
0.2115,0.5252449133383572,0.12240530708324417,0.40283960625511306,0.3291848281213988
0.21166666666666667,0.5252449133383572,0.12261930237534774,0.4026256109630095,0.3291848281213988
0.21183333333333335,0.5259984928409948,0.12261930237534774,0.403379190465647,0.328807711807142
0.212,0.5259984928409948,0.12283329766745131,0.40316519517354343,0.32836711827185217
0.21216666666666667,0.5267520723436323,0.12283329766745131,0.403918774676181,0.3273367175580453
0.21233333333333335,0.5267520723436323,0.1230472929595549,0.4037047793840774,0.3273367175580453
0.2125,0.5267520723436323,0.12326128825165847,0.4034907840919738,0.3273367175580453
0.21266666666666667,0.5275056518462697,0.12326128825165847,0.40424436359461124,0.3273367175580453
0.21283333333333335,0.5275056518462697,0.12347528354376204,0.4040303683025077,0.327302872490816
0.213,0.5282592313489073,0.12347528354376204,0.40478394780514526,0.327302872490816
0.21316666666666667,0.5282592313489073,0.12368927883586561,0.4045699525130417,0.327302872490816
0.21333333333333335,0.5282592313489073,0.12390327412796918,0.4043559572209381,0.327302872490816
0.2135,0.5282592313489073,0.12411726942007276,0.40414196192883456,0.327302872490816
0.21366666666666667,0.5290128108515448,0.12411726942007276,0.4048955414314721,0.327302872490816
0.21383333333333332,0.5290128108515448,0.12433126471217633,0.4046815461393685,0.327302872490816
0.214,0.5297663903541824,0.12433126471217633,0.40543512564200607,0.327302872490816
0.21416666666666667,0.5297663903541824,0.1245452600042799,0.4052211303499025,0.327302872490816
0.21433333333333332,0.5297663903541824,0.12475925529638347,0.4050071350577989,0.327302872490816
0.2145,0.5297663903541824,0.12497325058848706,0.4047931397656953,0.327302872490816
0.21466666666666667,0.5297663903541824,0.12518724588059063,0.4045791444735918,0.3263301519028004
0.21483333333333332,0.5297663903541824,0.1254012411726942,0.4043651491814882,0.3259171306198497
0.215,0.5305199698568199,0.1254012411726942,0.40511872868412574,0.3253961557469402
0.21516666666666667,0.5305199698568199,0.12561523646479777,0.40490473339202215,0.3244629950211588
0.21533333333333332,0.5305199698568199,0.12582923175690136,0.40469073809991857,0.3244629950211588
0.2155,0.5305199698568199,0.12604322704900492,0.404476742807815,0.3244629950211588
0.21566666666666667,0.5312735493594575,0.12604322704900492,0.40523032231045253,0.3244629950211588
0.21583333333333332,0.5312735493594575,0.1262572223411085,0.405016327018349,0.3244629950211588
0.216,0.5312735493594575,0.12647121763321206,0.4048023317262454,0.3244629950211588
0.21616666666666667,0.5312735493594575,0.12668521292531565,0.4045883364341418,0.3244629950211588
0.21633333333333332,0.5312735493594575,0.1268992082174192,0.4043743411420383,0.3244629950211588
0.2165,0.5312735493594575,0.1271132035095228,0.40416034584993465,0.3244629950211588
0.21666666666666667,0.5312735493594575,0.12732719880162635,0.4039463505578311,0.3244629950211588
0.21683333333333332,0.5312735493594575,0.12754119409372994,0.40373235526572754,0.3244629950211588
0.217,0.5312735493594575,0.12775518938583352,0.40351835997362395,0.3244629950211588
0.21716666666666667,0.5312735493594575,0.12796918467793708,0.4033043646815204,0.3244629950211588
0.21733333333333332,0.5312735493594575,0.12818317997004067,0.4030903693894168,0.3244629950211588
0.2175,0.5312735493594575,0.12839717526214423,0.40287637409731325,0.3244629950211588
0.21766666666666667,0.5312735493594575,0.1286111705542478,0.40266237880520966,0.3244629950211588
0.21783333333333332,0.5312735493594575,0.12882516584635137,0.4024483835131061,0.3244629950211588
0.218,0.5312735493594575,0.12903916113845496,0.40223438822100255,0.3244629950211588
0.21816666666666668,0.5312735493594575,0.12925315643055854,0.4020203929288989,0.3244629950211588
0.21833333333333332,0.5312735493594575,0.1294671517226621,0.4018063976367954,0.3244629950211588
0.2185,0.5320271288620949,0.1294671517226621,0.4025599771394328,0.3244629950211588
0.21866666666666668,0.5320271288620949,0.12968114701476569,0.4023459818473292,0.3244629950211588
0.21883333333333332,0.5327807083647325,0.12968114701476569,0.4030995613499668,0.3244629950211588
0.219,0.5327807083647325,0.12989514230686924,0.4028855660578632,0.3244629950211588
0.21916666666666668,0.5327807083647325,0.13010913759897283,0.40267157076575966,0.3244629950211588
0.21933333333333332,0.53353428786737,0.13010913759897283,0.4034251502683972,0.3244629950211588
0.2195,0.53353428786737,0.1303231328910764,0.4032111549762936,0.32352151417764274
0.21966666666666668,0.5342878673700076,0.1303231328910764,0.40396473447893116,0.32352151417764274
0.21983333333333333,0.5350414468726451,0.1303231328910764,0.4047183139815687,0.32352151417764274
0.22,0.5357950263752826,0.1303231328910764,0.40547189348420626,0.32352151417764274
0.22016666666666668,0.5357950263752826,0.13053712818317997,0.4052578981921027,0.32352151417764274
0.22033333333333333,0.5357950263752826,0.13075112347528353,0.40504390289999914,0.32352151417764274
0.2205,0.5357950263752826,0.13096511876738712,0.4048299076078955,0.32352151417764274
0.22066666666666668,0.5365486058779201,0.13096511876738712,0.40558348711053294,0.32352151417764274
0.22083333333333333,0.5365486058779201,0.1311791140594907,0.4053694918184294,0.32352151417764274
0.221,0.5365486058779201,0.13139310935159426,0.4051554965263258,0.32352151417764274
0.22116666666666668,0.5365486058779201,0.13160710464369785,0.40494150123422223,0.32266293152139347
0.22133333333333333,0.5365486058779201,0.1318210999358014,0.4047275059421187,0.3224746072799858
0.2215,0.5365486058779201,0.132035095227905,0.40451351065001506,0.32157822516438733
0.22166666666666668,0.5365486058779201,0.13224909052000855,0.40429951535791153,0.31766000424306856
0.22183333333333333,0.5365486058779201,0.13246308581211214,0.40408552006580795,0.31766000424306856
0.222,0.5365486058779201,0.1326770811042157,0.40387152477370436,0.31766000424306856
0.22216666666666668,0.5365486058779201,0.13289107639631928,0.40365752948160083,0.3167566401804133
0.22233333333333333,0.5365486058779201,0.13310507168842287,0.4034435341894972,0.3167566401804133
0.2225,0.5365486058779201,0.13331906698052642,0.40322953889739366,0.3163721072856395
0.22266666666666668,0.5365486058779201,0.13353306227263,0.40301554360529007,0.3163721072856395
0.22283333333333333,0.5365486058779201,0.13374705756473357,0.4028015483131865,0.3163721072856395
0.223,0.5373021853805576,0.13374705756473357,0.40355512781582403,0.3163721072856395
0.22316666666666668,0.5373021853805576,0.13396105285683715,0.4033411325237205,0.3163721072856395
0.22333333333333333,0.5373021853805576,0.1341750481489407,0.4031271372316169,0.3163721072856395
0.2235,0.5373021853805576,0.1343890434410443,0.40291314193951333,0.3163721072856395
0.22366666666666668,0.5373021853805576,0.13460303873314788,0.40269914664740974,0.3163721072856395
0.22383333333333333,0.5380557648831952,0.13460303873314788,0.4034527261500473,0.3163721072856395
0.224,0.5388093443858327,0.13460303873314788,0.40420630565268484,0.31590926516296763
0.22416666666666665,0.5388093443858327,0.13481703402525144,0.40399231036058125,0.3149655311267313
0.22433333333333333,0.5388093443858327,0.13503102931735503,0.4037783150684777,0.31487639048134447
0.2245,0.5388093443858327,0.1352450246094586,0.40356431977637414,0.31487639048134447
0.22466666666666665,0.5388093443858327,0.13545901990156217,0.40335032448427055,0.31487639048134447
0.22483333333333333,0.5388093443858327,0.13567301519366573,0.403136329192167,0.31487639048134447
0.225,0.5388093443858327,0.13588701048576932,0.4029223339000634,0.31487639048134447
0.22516666666666665,0.5395629238884703,0.13588701048576932,0.4036759134027009,0.3144676169651978
0.22533333333333333,0.5403165033911078,0.13588701048576932,0.4044294929053385,0.3144676169651978
0.2255,0.5403165033911078,0.13610100577787287,0.40421549761323494,0.3144676169651978
0.22566666666666665,0.5403165033911078,0.13631500106997646,0.40400150232113136,0.31339907602635514
0.22583333333333333,0.5410700828937453,0.13631500106997646,0.4047550818237688,0.31339907602635514
0.226,0.5418236623963828,0.13631500106997646,0.40550866132640634,0.3126069042546542
0.22616666666666665,0.5418236623963828,0.13652899636208005,0.40529466603430275,0.3117702475571415
0.22633333333333333,0.5418236623963828,0.1367429916541836,0.4050806707421992,0.3117410677874111
0.2265,0.5418236623963828,0.1369569869462872,0.4048666754500956,0.3117410677874111
0.22666666666666666,0.5418236623963828,0.13717098223839075,0.40465268015799205,0.31173749341878676
0.22683333333333333,0.5418236623963828,0.13738497753049433,0.40443868486588846,0.31173749341878676
0.227,0.5418236623963828,0.1375989728225979,0.4042246895737849,0.31173749341878676
0.22716666666666666,0.5425772418990203,0.1375989728225979,0.4049782690764224,0.3064380856957466
0.22733333333333333,0.5425772418990203,0.13781296811470148,0.4047642737843189,0.3064380856957466
0.2275,0.5425772418990203,0.13802696340680504,0.4045502784922153,0.3064380856957466
0.22766666666666666,0.5433308214016579,0.13802696340680504,0.40530385799485286,0.3064380856957466
0.22783333333333333,0.5433308214016579,0.13824095869890862,0.40508986270274927,0.3064380856957466
0.228,0.5440844009042954,0.13824095869890862,0.4058434422053868,0.3064380856957466
0.22816666666666666,0.544837980406933,0.13824095869890862,0.40659702170802436,0.3064380856957466
0.22833333333333333,0.544837980406933,0.1384549539910122,0.4063830264159208,0.30358089486708706
0.2285,0.544837980406933,0.13866894928311577,0.4061690311238172,0.30358089486708706
0.22866666666666666,0.544837980406933,0.13888294457521935,0.40595503583171366,0.30358089486708706
0.22883333333333333,0.5455915599095704,0.13888294457521935,0.4067086153343511,0.29982425139623103
0.229,0.5455915599095704,0.1390969398673229,0.4064946200422475,0.2985256197936574
0.22916666666666666,0.5455915599095704,0.1393109351594265,0.4062806247501439,0.2984321655909079
0.22933333333333333,0.5455915599095704,0.13952493045153005,0.4060666294580404,0.29818955596523894
0.2295,0.5455915599095704,0.13973892574363364,0.40585263416593675,0.29818955596523894
0.22966666666666666,0.5455915599095704,0.13995292103573723,0.4056386388738332,0.29818955596523894
0.22983333333333333,0.5455915599095704,0.14016691632784078,0.40542464358172964,0.29722712059793466
0.23,0.546345139412208,0.14016691632784078,0.4061782230843672,0.29722712059793466
0.23016666666666666,0.546345139412208,0.14038091161994437,0.4059642277922636,0.29722712059793466
0.23033333333333333,0.546345139412208,0.14059490691204793,0.40575023250016007,0.29722712059793466
0.2305,0.546345139412208,0.14080890220415151,0.4055362372080564,0.29722712059793466
0.23066666666666666,0.546345139412208,0.14102289749625507,0.4053222419159529,0.29722712059793466
0.23083333333333333,0.546345139412208,0.14123689278835866,0.4051082466238493,0.29702840608615344
0.231,0.546345139412208,0.14145088808046222,0.4048942513317457,0.29579491061440777
0.23116666666666666,0.546345139412208,0.1416648833725658,0.4046802560396422,0.2954864587764356
0.23133333333333334,0.546345139412208,0.1418788786646694,0.40446626074753855,0.2951560667127424
0.2315,0.546345139412208,0.14209287395677295,0.404252265455435,0.2918490850344872
0.23166666666666666,0.546345139412208,0.14230686924887653,0.40403827016333144,0.2918490850344872
0.23183333333333334,0.546345139412208,0.1425208645409801,0.40382427487122785,0.29157939457760423
0.232,0.546345139412208,0.14273485983308368,0.4036102795791243,0.29145899904209804
0.23216666666666666,0.5470987189148455,0.14273485983308368,0.40436385908176187,0.29138889158595066
0.23233333333333334,0.5470987189148455,0.14294885512518724,0.4041498637896583,0.2910322514624296
0.2325,0.5478522984174831,0.14294885512518724,0.40490344329229583,0.2910322514624296
0.23266666666666666,0.5478522984174831,0.14316285041729082,0.40468944800019224,0.2910322514624296
0.23283333333333334,0.5486058779201206,0.14316285041729082,0.4054430275028298,0.2910322514624296
0.233,0.549359457422758,0.14316285041729082,0.4061966070054672,0.2904618891892973
0.23316666666666666,0.549359457422758,0.1433768457093944,0.40598261171336364,0.29015461227721956
0.23333333333333334,0.5501130369253956,0.1433768457093944,0.4067361912160012,0.29015461227721956
0.2335,0.5501130369253956,0.14359084100149797,0.4065221959238976,0.29015461227721956
0.23366666666666666,0.5508666164280331,0.14359084100149797,0.40727577542653515,0.2897668126925997
0.23383333333333334,0.5516201959306707,0.14359084100149797,0.4080293549291727,0.2897668126925997
0.234,0.5516201959306707,0.14380483629360155,0.40781535963706916,0.2897668126925997
0.23416666666666666,0.5516201959306707,0.1440188315857051,0.4076013643449656,0.2897668126925997
0.23433333333333334,0.5523737754333082,0.1440188315857051,0.4083549438476031,0.2897668126925997
0.2345,0.5531273549359458,0.1440188315857051,0.40910852335024067,0.2897668126925997
0.23466666666666666,0.5531273549359458,0.1442328268778087,0.4088945280581371,0.2897668126925997
0.23483333333333334,0.5531273549359458,0.14444682216991225,0.40868053276603356,0.2897668126925997
0.235,0.5531273549359458,0.14466081746201584,0.4084665374739299,0.2897668126925997
0.23516666666666666,0.5538809344385832,0.14466081746201584,0.40922011697656735,0.2897668126925997
0.23533333333333334,0.5546345139412208,0.14466081746201584,0.4099736964792049,0.2897668126925997
0.2355,0.5546345139412208,0.1448748127541194,0.40975970118710137,0.2897668126925997
0.23566666666666666,0.5546345139412208,0.14508880804622298,0.4095457058949978,0.2897668126925997
0.23583333333333334,0.5546345139412208,0.14530280333832657,0.4093317106028942,0.2897668126925997
0.236,0.5553880934438583,0.14530280333832657,0.41008529010553174,0.2897668126925997
0.23616666666666666,0.5553880934438583,0.14551679863043013,0.4098712948134282,0.28948955520537495
0.23633333333333334,0.5561416729464959,0.14551679863043013,0.41062487431606576,0.28948955520537495
0.2365,0.5561416729464959,0.1457307939225337,0.4104108790239621,0.28948955520537495
0.23666666666666666,0.5561416729464959,0.14594478921463727,0.4101968837318586,0.28948955520537495
0.23683333333333334,0.5561416729464959,0.14615878450674086,0.409982888439755,0.28948955520537495
0.237,0.5561416729464959,0.14637277979884442,0.4097688931476514,0.2891610536219099
0.23716666666666666,0.5561416729464959,0.146586775090948,0.4095548978555479,0.2891610536219099
0.23733333333333334,0.5568952524491334,0.146586775090948,0.41030847735818543,0.2891610536219099
0.2375,0.557648831951771,0.146586775090948,0.411062056860823,0.2891610536219099
0.23766666666666666,0.557648831951771,0.14680077038305156,0.4108480615687194,0.2891610536219099
0.23783333333333334,0.557648831951771,0.14701476567515515,0.4106340662766158,0.2891610536219099
0.238,0.5584024114544084,0.14701476567515515,0.41138764577925324,0.2891610536219099
0.23816666666666667,0.5584024114544084,0.14722876096725873,0.41117365048714966,0.2891610536219099
0.23833333333333334,0.5591559909570459,0.14722876096725873,0.4119272299897872,0.2885520388976187
0.2385,0.5591559909570459,0.1474427562593623,0.4117132346976836,0.2865418483185514
0.23866666666666667,0.5591559909570459,0.14765675155146588,0.4114992394055801,0.2865418483185514
0.23883333333333334,0.5591559909570459,0.14787074684356943,0.4112852441134765,0.28601772935565933
0.239,0.5599095704596835,0.14787074684356943,0.41203882361611405,0.28558593669831
0.23916666666666667,0.5599095704596835,0.14808474213567302,0.41182482832401046,0.28558593669831
0.23933333333333334,0.560663149962321,0.14808474213567302,0.412578407826648,0.2848026742227689
0.2395,0.560663149962321,0.14829873742777658,0.4123644125345445,0.284333060582758
0.23966666666666667,0.560663149962321,0.14851273271988016,0.41215041724244084,0.2831710235463636
0.23983333333333334,0.560663149962321,0.14872672801198375,0.4119364219503373,0.28189820327358145
0.24,0.560663149962321,0.1489407233040873,0.4117224266582337,0.28189820327358145
0.24016666666666667,0.560663149962321,0.1491547185961909,0.41150843136613013,0.28131013865815435
0.24033333333333334,0.560663149962321,0.14936871388829445,0.4112944360740266,0.28131013865815435
0.2405,0.560663149962321,0.14958270918039804,0.41108044078192296,0.28131013865815435
0.24066666666666667,0.560663149962321,0.1497967044725016,0.41086644548981943,0.28131013865815435
0.24083333333333334,0.5614167294649586,0.1497967044725016,0.411620024992457,0.28131013865815435
0.241,0.5621703089675961,0.1497967044725016,0.4123736044950945,0.28131013865815435
0.24116666666666667,0.5621703089675961,0.15001069976460518,0.41215960920299094,0.28131013865815435
0.24133333333333334,0.5621703089675961,0.15022469505670874,0.41194561391088735,0.28131013865815435
0.2415,0.5621703089675961,0.15043869034881233,0.4117316186187838,0.2810170061542708
0.24166666666666667,0.5629238884702336,0.15043869034881233,0.41248519812142126,0.2810170061542708
0.24183333333333334,0.5636774679728711,0.15043869034881233,0.4132387776240588,0.28101339302927636
0.242,0.5636774679728711,0.1506526856409159,0.41302478233195516,0.28101339302927636
0.24216666666666667,0.5636774679728711,0.15086668093301947,0.41281078703985163,0.28101339302927636
0.24233333333333335,0.5636774679728711,0.15108067622512306,0.41259679174774805,0.28101339302927636
0.2425,0.5636774679728711,0.15129467151722661,0.41238279645564446,0.28101339302927636
0.24266666666666667,0.5636774679728711,0.1515086668093302,0.41216880116354093,0.28101339302927636
0.24283333333333335,0.5636774679728711,0.15172266210143376,0.41195480587143735,0.28101339302927636
0.243,0.5636774679728711,0.15193665739353734,0.41174081057933376,0.28101339302927636
0.24316666666666667,0.5636774679728711,0.1521506526856409,0.41152681528723023,0.28101339302927636
0.24333333333333335,0.5636774679728711,0.1523646479777445,0.4113128199951266,0.28101339302927636
0.2435,0.5644310474755087,0.1523646479777445,0.41206639949776414,0.28101339302927636
0.24366666666666667,0.5651846269781462,0.1523646479777445,0.4128199790004017,0.28101339302927636
0.24383333333333335,0.5651846269781462,0.15257864326984807,0.41260598370829815,0.28101339302927636
0.244,0.5651846269781462,0.15279263856195163,0.41239198841619457,0.28101339302927636
0.24416666666666667,0.5659382064807837,0.15279263856195163,0.4131455679188321,0.28101339302927636
0.24433333333333335,0.5659382064807837,0.15300663385405522,0.4129315726267285,0.28101339302927636
0.2445,0.5659382064807837,0.15322062914615878,0.412717577334625,0.28101339302927636
0.24466666666666667,0.5666917859834213,0.15322062914615878,0.41347115683726254,0.28101339302927636
0.24483333333333332,0.5674453654860587,0.15322062914615878,0.4142247363399,0.28101339302927636
0.245,0.5674453654860587,0.15343462443826236,0.41401074104779634,0.28101339302927636
0.24516666666666667,0.5681989449886963,0.15343462443826236,0.4147643205504339,0.2809313769902119
0.24533333333333332,0.5681989449886963,0.15364861973036592,0.41455032525833035,0.2809313769902119
0.2455,0.5681989449886963,0.1538626150224695,0.41433632996622677,0.2809313769902119
0.24566666666666667,0.5681989449886963,0.1540766103145731,0.4141223346741232,0.2809313769902119
0.24583333333333332,0.5681989449886963,0.15429060560667665,0.41390833938201965,0.2809313769902119
0.246,0.5681989449886963,0.15450460089878024,0.413694344089916,0.2809313769902119
0.24616666666666667,0.5681989449886963,0.1547185961908838,0.4134803487978125,0.2809313769902119
0.24633333333333332,0.5681989449886963,0.15493259148298738,0.4132663535057089,0.2809313769902119
0.2465,0.5689525244913338,0.15493259148298738,0.41401993300834644,0.2809313769902119
0.24666666666666667,0.5689525244913338,0.15514658677509094,0.41380593771624286,0.2809313769902119
0.24683333333333332,0.5697061039939714,0.15514658677509094,0.4145595172188804,0.2809313769902119
0.247,0.5697061039939714,0.15536058206719452,0.41434552192677687,0.2809313769902119
0.24716666666666667,0.5697061039939714,0.15557457735929808,0.4141315266346733,0.2809313769902119
0.24733333333333332,0.5697061039939714,0.15578857265140167,0.4139175313425697,0.2809313769902119
0.2475,0.5697061039939714,0.15600256794350525,0.4137035360504661,0.2809313769902119
0.24766666666666667,0.5697061039939714,0.1562165632356088,0.41348954075836253,0.2809313769902119
0.24783333333333332,0.5704596834966089,0.1562165632356088,0.4142431202610001,0.2809313769902119
0.248,0.5712132629992465,0.1562165632356088,0.4149966997636376,0.2809313769902119
0.24816666666666667,0.5712132629992465,0.1564305585277124,0.4147827044715341,0.2809313769902119
0.24833333333333332,0.5712132629992465,0.15664455381981596,0.4145687091794305,0.2809313769902119
0.2485,0.5719668425018839,0.15664455381981596,0.41532228868206794,0.2809313769902119
0.24866666666666667,0.5727204220045214,0.15664455381981596,0.4160758681847055,0.2809313769902119
0.24883333333333332,0.5727204220045214,0.15685854911191954,0.4158618728926019,0.2809313769902119
0.249,0.5727204220045214,0.1570725444040231,0.41564787760049837,0.2809313769902119
0.24916666666666668,0.5727204220045214,0.1572865396961267,0.41543388230839473,0.2809313769902119
0.24933333333333332,0.5727204220045214,0.15750053498823025,0.4152198870162912,0.2809313769902119
0.2495,0.5727204220045214,0.15771453028033383,0.4150058917241876,0.2809313769902119
0.24966666666666668,0.5727204220045214,0.15792852557243742,0.41479189643208403,0.2809313769902119
0.24983333333333332,0.5727204220045214,0.15814252086454098,0.4145779011399805,0.2809313769902119
0.25,0.5727204220045214,0.15835651615664456,0.41436390584787686,0.2809313769902119
0.25016666666666665,0.5727204220045214,0.15857051144874812,0.4141499105557733,0.2809313769902119
0.25033333333333335,0.5727204220045214,0.1587845067408517,0.41393591526366974,0.2809313769902119
0.2505,0.5727204220045214,0.15899850203295526,0.41372191997156615,0.2809313769902119
0.25066666666666665,0.5727204220045214,0.15921249732505885,0.4135079246794626,0.2809313769902119
0.25083333333333335,0.5727204220045214,0.15942649261716244,0.413293929387359,0.2809313769902119
0.251,0.573474001507159,0.15942649261716244,0.41404750888999653,0.2809313769902119
0.25116666666666665,0.573474001507159,0.159640487909266,0.413833513597893,0.2809313769902119
0.25133333333333335,0.573474001507159,0.15985448320136958,0.4136195183057894,0.2809313769902119
0.2515,0.573474001507159,0.16006847849347314,0.4134055230136858,0.2809313769902119
0.25166666666666665,0.573474001507159,0.16028247378557672,0.4131915277215823,0.2809313769902119
0.25183333333333335,0.5742275810097965,0.16028247378557672,0.41394510722421984,0.2809313769902119
0.252,0.5742275810097965,0.16049646907768028,0.41373111193211626,0.2809313769902119
0.25216666666666665,0.5742275810097965,0.16071046436978387,0.41351711664001267,0.2809313769902119
0.25233333333333335,0.5742275810097965,0.16092445966188743,0.41330312134790914,0.2809313769902119
0.2525,0.5742275810097965,0.161138454953991,0.4130891260558055,0.2809313769902119
0.25266666666666665,0.5742275810097965,0.1613524502460946,0.41287513076370197,0.2809313769902119
0.25283333333333335,0.5742275810097965,0.16156644553819816,0.4126611354715984,0.2809313769902119
0.253,0.5749811605124341,0.16156644553819816,0.41341471497423593,0.2809313769902119
0.25316666666666665,0.5757347400150716,0.16156644553819816,0.4141682944768735,0.2809313769902119
0.25333333333333335,0.5757347400150716,0.16178044083030174,0.4139542991847699,0.2809313769902119
0.2535,0.5764883195177091,0.16178044083030174,0.4147078786874073,0.2809313769902119
0.25366666666666665,0.5764883195177091,0.1619944361224053,0.4144938833953038,0.2809313769902119
0.25383333333333336,0.5764883195177091,0.16220843141450889,0.41427988810320016,0.2809313769902119
0.254,0.5764883195177091,0.16242242670661244,0.4140658928110966,0.2809313769902119
0.25416666666666665,0.5764883195177091,0.16263642199871603,0.41385189751899304,0.2809313769902119
0.25433333333333336,0.5764883195177091,0.16285041729081962,0.41363790222688945,0.2809313769902119
0.2545,0.5764883195177091,0.16306441258292317,0.4134239069347859,0.28066451295243794
0.25466666666666665,0.5772418990203466,0.16306441258292317,0.41417748643742347,0.27991418179783994
0.25483333333333336,0.5772418990203466,0.16327840787502676,0.41396349114531983,0.2778613566404719
0.255,0.5772418990203466,0.16349240316713032,0.4137494958532163,0.27725206141288217
0.25516666666666665,0.5772418990203466,0.1637063984592339,0.4135355005611127,0.27725206141288217
0.25533333333333336,0.5779954785229842,0.1637063984592339,0.41428908006375026,0.27725206141288217
0.2555,0.5779954785229842,0.16392039375133746,0.4140750847716467,0.2756257627080222
0.25566666666666665,0.5787490580256217,0.16392039375133746,0.4148286642742842,0.2756257627080222
0.25583333333333336,0.5795026375282593,0.16392039375133746,0.41558224377692177,0.2756257627080222
0.256,0.5802562170308968,0.16392039375133746,0.4163358232795593,0.27552103832586694
0.25616666666666665,0.5802562170308968,0.16413438904344105,0.4161218279874558,0.27552103832586694
0.25633333333333336,0.5802562170308968,0.1643483843355446,0.4159078326953522,0.27552103832586694
0.2565,0.5802562170308968,0.1645623796276482,0.4156938374032486,0.27400283333373265
0.25666666666666665,0.5810097965335342,0.1645623796276482,0.41644741690588605,0.2738143702421735
0.25683333333333336,0.5810097965335342,0.16477637491975178,0.41623342161378246,0.2738143702421735
0.257,0.5817633760361718,0.16477637491975178,0.41698700111642,0.2738143702421735
0.25716666666666665,0.5817633760361718,0.16499037021185534,0.4167730058243164,0.2738143702421735
0.25733333333333336,0.5825169555388093,0.16499037021185534,0.41752658532695397,0.27328623473192293
0.2575,0.5832705350414469,0.16499037021185534,0.4182801648295915,0.27328623473192293
0.25766666666666665,0.5832705350414469,0.16520436550395892,0.418066169537488,0.27328623473192293
0.25783333333333336,0.5832705350414469,0.16541836079606248,0.4178521742453844,0.27310193519924614
0.258,0.5832705350414469,0.16563235608816607,0.4176381789532808,0.27238575178899016
0.25816666666666666,0.5832705350414469,0.16584635138026962,0.4174241836611773,0.27238575178899016
0.25833333333333336,0.5832705350414469,0.1660603466723732,0.41721018836907364,0.27238575178899016
0.2585,0.5832705350414469,0.16627434196447677,0.4169961930769701,0.27238575178899016
0.25866666666666666,0.5832705350414469,0.16648833725658035,0.4167821977848665,0.2713315216119295
0.25883333333333336,0.5832705350414469,0.16670233254868394,0.41656820249276294,0.27110866714020215
0.259,0.5832705350414469,0.1669163278407875,0.4163542072006594,0.27090602467420877
0.25916666666666666,0.5832705350414469,0.16713032313289108,0.41614021190855577,0.26986481238758214
0.25933333333333336,0.5840241145440844,0.16713032313289108,0.4168937914111933,0.26986481238758214
0.2595,0.5840241145440844,0.16734431842499464,0.4166797961190898,0.26986481238758214
0.25966666666666666,0.5840241145440844,0.16755831371709823,0.4164658008269862,0.26871592545352646
0.25983333333333336,0.5840241145440844,0.1677723090092018,0.4162518055348826,0.26871592545352646
0.26,0.5840241145440844,0.16798630430130537,0.4160378102427791,0.2673913268743105
0.26016666666666666,0.5840241145440844,0.16820029959340896,0.41582381495067544,0.2673142517442986
0.26033333333333336,0.584777694046722,0.16820029959340896,0.416577394453313,0.2671062482121805
0.2605,0.584777694046722,0.16841429488551252,0.41636339916120946,0.2671062482121805
0.26066666666666666,0.584777694046722,0.1686282901776161,0.41614940386910587,0.2671062482121805
0.2608333333333333,0.584777694046722,0.16884228546971966,0.4159354085770023,0.2670274590549888
0.261,0.584777694046722,0.16905628076182325,0.41572141328489876,0.26689506141629216
0.26116666666666666,0.5855312735493594,0.16905628076182325,0.4164749927875362,0.2665162696365891
0.2613333333333333,0.5855312735493594,0.1692702760539268,0.4162609974954326,0.2665162696365891
0.2615,0.5855312735493594,0.1694842713460304,0.416047002203329,0.2665162696365891
0.26166666666666666,0.5855312735493594,0.16969826663813395,0.4158330069112255,0.2665162696365891
0.2618333333333333,0.5855312735493594,0.16991226193023753,0.41561901161912185,0.2665162696365891
0.262,0.5855312735493594,0.17012625722234112,0.4154050163270183,0.2659567308994655
0.26216666666666666,0.5855312735493594,0.17034025251444468,0.41519102103491473,0.26566504425466486
0.2623333333333333,0.5855312735493594,0.17055424780654826,0.41497702574281115,0.2654425374570376
0.2625,0.5855312735493594,0.17076824309865182,0.4147630304507076,0.2654425374570376
0.26266666666666666,0.586284853051997,0.17076824309865182,0.41551660995334516,0.2654425374570376
0.2628333333333333,0.586284853051997,0.1709822383907554,0.4153026146612415,0.2654425374570376
0.263,0.586284853051997,0.17119623368285897,0.415088619369138,0.2654425374570376
0.26316666666666666,0.5870384325546345,0.17119623368285897,0.41584219887177554,0.2654425374570376
0.2633333333333333,0.587792012057272,0.17119623368285897,0.4165957783744131,0.2654425374570376
0.2635,0.5885455915599096,0.17119623368285897,0.41734935787705063,0.265217769709206
0.26366666666666666,0.5892991710625471,0.17119623368285897,0.4181029373796882,0.265217769709206
0.2638333333333333,0.5892991710625471,0.17141022897496255,0.4178889420875846,0.265217769709206
0.264,0.5892991710625471,0.1716242242670661,0.417674946795481,0.2642565074003427
0.26416666666666666,0.5892991710625471,0.1718382195591697,0.4174609515033775,0.2635382577618791
0.2643333333333333,0.5892991710625471,0.17205221485127328,0.41724695621127383,0.2635081460117463
0.2645,0.5900527505651846,0.17205221485127328,0.41800053571391127,0.26285076058072937
0.26466666666666666,0.5900527505651846,0.17226621014337684,0.41778654042180774,0.26285076058072937
0.2648333333333333,0.5900527505651846,0.17248020543548043,0.41757254512970415,0.26285076058072937
0.265,0.5900527505651846,0.17269420072758399,0.41735854983760057,0.26272482579447776
0.26516666666666666,0.5900527505651846,0.17290819601968757,0.41714455454549704,0.26272482579447776
0.2653333333333333,0.5908063300678221,0.17290819601968757,0.4178981340481346,0.26272482579447776
0.2655,0.5908063300678221,0.17312219131179113,0.417684138756031,0.262403840589521
0.26566666666666666,0.5908063300678221,0.17333618660389472,0.4174701434639274,0.262403840589521
0.2658333333333333,0.5908063300678221,0.1735501818959983,0.4172561481718238,0.262403840589521
0.266,0.5908063300678221,0.17376417718810186,0.41704215287972024,0.262403840589521
0.26616666666666666,0.5908063300678221,0.17397817248020545,0.4168281575876167,0.262403840589521
0.2663333333333333,0.5908063300678221,0.174192167772309,0.4166141622955131,0.262403840589521
0.2665,0.5908063300678221,0.1744061630644126,0.41640016700340954,0.26162517508379074
0.26666666666666666,0.5908063300678221,0.17462015835651615,0.416186171711306,0.26037253072812727
0.2668333333333333,0.5908063300678221,0.17483415364861973,0.41597217641920237,0.26037253072812727
0.267,0.5908063300678221,0.1750481489407233,0.41575818112709884,0.26037253072812727
0.26716666666666666,0.5908063300678221,0.17526214423282688,0.41554418583499525,0.26034397704694384
0.2673333333333333,0.5908063300678221,0.17547613952493046,0.41533019054289166,0.26034397704694384
0.2675,0.5908063300678221,0.17569013481703402,0.41511619525078813,0.26034397704694384
0.26766666666666666,0.5908063300678221,0.1759041301091376,0.4149021999586845,0.2598087433139778
0.2678333333333333,0.5908063300678221,0.17611812540124117,0.41468820466658096,0.2598087433139778
0.268,0.5908063300678221,0.17633212069334475,0.4144742093744774,0.25886569113552127
0.26816666666666666,0.5915599095704597,0.17633212069334475,0.4152277888771149,0.2578121721939371
0.2683333333333333,0.5915599095704597,0.1765461159854483,0.41501379358501134,0.2578121721939371
0.2685,0.5915599095704597,0.1767601112775519,0.4147997982929078,0.257703299670889
0.26866666666666666,0.5915599095704597,0.17697410656965545,0.4145858030008042,0.257703299670889
0.2688333333333333,0.5923134890730972,0.17697410656965545,0.41533938250344177,0.257703299670889
0.269,0.5923134890730972,0.17718810186175904,0.4151253872113382,0.25758840880223277
0.26916666666666667,0.5930670685757348,0.17718810186175904,0.41587896671397573,0.25721189356033863
0.2693333333333333,0.5938206480783723,0.17718810186175904,0.4166325462166133,0.25721189356033863
0.2695,0.5938206480783723,0.17740209715386263,0.4164185509245097,0.2571739905933584
0.26966666666666667,0.5938206480783723,0.17761609244596618,0.4162045556324061,0.2570916366821161
0.2698333333333333,0.5938206480783723,0.17783008773806977,0.4159905603403026,0.25698324388728566
0.27,0.5938206480783723,0.17804408303017333,0.415776565048199,0.25698324388728566
0.27016666666666667,0.5938206480783723,0.1782580783222769,0.4155625697560954,0.25622105345627594
0.2703333333333333,0.5938206480783723,0.17847207361438047,0.41534857446399187,0.25622105345627594
0.2705,0.5938206480783723,0.17868606890648406,0.41513457917188823,0.25622105345627594
0.27066666666666667,0.5938206480783723,0.17890006419858764,0.4149205838797847,0.25620534174562754
0.2708333333333333,0.5938206480783723,0.1791140594906912,0.4147065885876811,0.25620534174562754
0.271,0.5938206480783723,0.1793280547827948,0.4144925932955775,0.25529858417791496
0.27116666666666667,0.5938206480783723,0.17954205007489835,0.414278598003474,0.254201566982247
0.2713333333333333,0.5938206480783723,0.17975604536700193,0.41406460271137036,0.25350189386141203
0.2715,0.5945742275810098,0.17975604536700193,0.4148181822140078,0.25350189386141203
0.27166666666666667,0.5945742275810098,0.1799700406591055,0.41460418692190426,0.25350189386141203
0.2718333333333333,0.5945742275810098,0.18018403595120908,0.4143901916298007,0.25216578084734587
0.272,0.5945742275810098,0.18039803124331263,0.4141761963376971,0.25216578084734587
0.27216666666666667,0.5945742275810098,0.18061202653541622,0.41396220104559356,0.25216578084734587
0.2723333333333333,0.5945742275810098,0.1808260218275198,0.4137482057534899,0.25216578084734587
0.2725,0.5945742275810098,0.18104001711962336,0.4135342104613864,0.25216578084734587
0.27266666666666667,0.5945742275810098,0.18125401241172695,0.4133202151692828,0.25216578084734587
0.2728333333333333,0.5945742275810098,0.1814680077038305,0.4131062198771792,0.25008747436455236
0.273,0.5945742275810098,0.1816820029959341,0.4128922245850757,0.25008747436455236
0.27316666666666667,0.5945742275810098,0.18189599828803765,0.4126782292929721,0.2498885443830946
0.2733333333333333,0.5945742275810098,0.18210999358014124,0.4124642340008685,0.2498885443830946
0.2735,0.5945742275810098,0.18232398887224482,0.4122502387087649,0.24979969741467573
0.27366666666666667,0.5945742275810098,0.18253798416434838,0.41203624341666134,0.24979969741467573
0.2738333333333333,0.5945742275810098,0.18275197945645197,0.4118222481245578,0.24979969741467573
0.274,0.5945742275810098,0.18296597474855553,0.4116082528324542,0.2495519846865365
0.27416666666666667,0.5945742275810098,0.1831799700406591,0.41139425754035064,0.24770594724421424
0.2743333333333333,0.5945742275810098,0.18339396533276267,0.4111802622482471,0.24770594724421424
0.2745,0.5945742275810098,0.18360796062486626,0.41096626695614347,0.24731401175863657
0.27466666666666667,0.5953278070836473,0.18360796062486626,0.411719846458781,0.24691857749607507
0.2748333333333333,0.5953278070836473,0.18382195591696981,0.4115058511666775,0.24654269471601753
0.275,0.5953278070836473,0.1840359512090734,0.4112918558745739,0.24619967432182777
0.27516666666666667,0.5953278070836473,0.184249946501177,0.4110778605824703,0.24537747303506463
0.2753333333333333,0.5953278070836473,0.18446394179328054,0.4108638652903668,0.24428258827635244
0.2755,0.5953278070836473,0.18467793708538413,0.41064986999826314,0.24423099203163395
0.27566666666666667,0.5953278070836473,0.1848919323774877,0.4104358747061596,0.24423099203163395
0.2758333333333333,0.5960813865862848,0.1848919323774877,0.41118945420879716,0.24423099203163395
0.276,0.5960813865862848,0.18510592766959127,0.41097545891669357,0.24423099203163395
0.27616666666666667,0.5960813865862848,0.18531992296169483,0.41076146362459,0.24423099203163395
0.2763333333333333,0.5960813865862848,0.18553391825379842,0.41054746833248645,0.24395559823880286
0.2765,0.5968349660889224,0.18553391825379842,0.411301047835124,0.24327964262439883
0.27666666666666667,0.5968349660889224,0.18574791354590198,0.4110870525430204,0.24327964262439883
0.2768333333333333,0.5968349660889224,0.18596190883800556,0.41087305725091683,0.24309667195747575
0.277,0.5968349660889224,0.18617590413010915,0.41065906195881324,0.24309667195747575
0.2771666666666667,0.5975885455915599,0.18617590413010915,0.4114126414614508,0.24309667195747575
0.2773333333333333,0.5975885455915599,0.1863898994222127,0.4111986461693472,0.24309667195747575
0.2775,0.5975885455915599,0.1866038947143163,0.4109846508772437,0.24298204732582235
0.2776666666666667,0.5975885455915599,0.18681789000641985,0.4107706555851401,0.24298204732582235
0.2778333333333333,0.5983421250941975,0.18681789000641985,0.41152423508777763,0.24298204732582235
0.278,0.5983421250941975,0.18703188529852344,0.41131023979567405,0.24298204732582235
0.2781666666666667,0.5983421250941975,0.187245880590627,0.4110962445035705,0.24298204732582235
0.2783333333333333,0.5983421250941975,0.18745987588273058,0.4108822492114669,0.24245143628419621
0.2785,0.5983421250941975,0.18767387117483417,0.41066825391936335,0.24213733109647412
0.2786666666666667,0.5983421250941975,0.18788786646693773,0.41045425862725976,0.24213733109647412
0.2788333333333333,0.5983421250941975,0.1881018617590413,0.4102402633351562,0.24213733109647412
0.279,0.5983421250941975,0.18831585705114487,0.41002626804305264,0.24213733109647412
0.2791666666666667,0.5990957045968349,0.18831585705114487,0.4107798475456901,0.24213733109647412
0.2793333333333333,0.5990957045968349,0.18852985234324846,0.41056585225358644,0.24213733109647412
0.2795,0.5998492840994725,0.18852985234324846,0.411319431756224,0.24213733109647412
0.2796666666666667,0.5998492840994725,0.188743847635352,0.41110543646412046,0.24213733109647412
0.2798333333333333,0.5998492840994725,0.1889578429274556,0.41089144117201687,0.24111573501207786
0.28,0.60060286360211,0.1889578429274556,0.4116450206746544,0.24096981297354594
0.2801666666666667,0.60060286360211,0.18917183821955916,0.41143102538255083,0.24090894089249326
0.2803333333333333,0.60060286360211,0.18938583351166274,0.4112170300904473,0.24020950333300117
0.2805,0.60060286360211,0.18959982880376633,0.41100303479834366,0.24020950333300117
0.2806666666666667,0.60060286360211,0.1898138240958699,0.41078903950624013,0.24020950333300117
0.2808333333333333,0.60060286360211,0.19002781938797347,0.41057504421413654,0.24020950333300117
0.281,0.60060286360211,0.19024181468007703,0.41036104892203296,0.2399842241753702
0.2811666666666667,0.6013564431047476,0.19024181468007703,0.4111146284246705,0.23997395487182754
0.2813333333333333,0.6021100226073851,0.19024181468007703,0.41186820792730805,0.23995218956260442
0.2815,0.6021100226073851,0.19045580997218062,0.4116542126352045,0.23995218956260442
0.2816666666666667,0.6021100226073851,0.19066980526428418,0.41144021734310093,0.23995218956260442
0.2818333333333333,0.6021100226073851,0.19088380055638776,0.41122622205099735,0.23995218956260442
0.282,0.6028636021100227,0.19088380055638776,0.4119798015536349,0.23995218956260442
0.2821666666666667,0.6036171816126601,0.19088380055638776,0.41273338105627233,0.23995218956260442
0.2823333333333333,0.6036171816126601,0.19109779584849132,0.4125193857641688,0.23995218956260442
0.2825,0.6043707611152976,0.19109779584849132,0.41327296526680635,0.23986061722096685
0.2826666666666667,0.6043707611152976,0.1913117911405949,0.4130589699747027,0.23976094975195464
0.2828333333333333,0.6051243406179352,0.1913117911405949,0.41381254947734025,0.2391339708502616
0.283,0.6051243406179352,0.1915257864326985,0.4135985541852367,0.2391339708502616
0.2831666666666667,0.6051243406179352,0.19173978172480205,0.41338455889313314,0.2391339708502616
0.2833333333333333,0.6051243406179352,0.19195377701690564,0.41317056360102955,0.2388023864370868
0.2835,0.6051243406179352,0.1921677723090092,0.412956568308926,0.2388023864370868
0.2836666666666667,0.6051243406179352,0.19238176760111278,0.4127425730168224,0.2388023864370868
0.2838333333333333,0.6051243406179352,0.19259576289321634,0.41252857772471885,0.2388023864370868
0.284,0.6051243406179352,0.19280975818531992,0.41231458243261526,0.2388023864370868
0.2841666666666667,0.6051243406179352,0.1930237534774235,0.4121005871405117,0.2388023864370868
0.2843333333333333,0.6051243406179352,0.19323774876952707,0.41188659184840815,0.2388023864370868
0.2845,0.6051243406179352,0.19345174406163065,0.4116725965563045,0.2388023864370868
0.2846666666666667,0.6051243406179352,0.1936657393537342,0.411458601264201,0.2388023864370868
0.2848333333333333,0.6051243406179352,0.1938797346458378,0.4112446059720974,0.23753695177947842
0.285,0.6051243406179352,0.19409372993794136,0.4110306106799938,0.23753695177947842
0.2851666666666667,0.6051243406179352,0.19430772523004494,0.41081661538789027,0.2371915573402401
0.2853333333333333,0.6051243406179352,0.1945217205221485,0.4106026200957867,0.2371915573402401
0.2855,0.6051243406179352,0.19473571581425209,0.4103886248036831,0.2371915573402401
0.2856666666666667,0.6051243406179352,0.19494971110635567,0.4101746295115795,0.2371915573402401
0.28583333333333333,0.6051243406179352,0.19516370639845923,0.40996063421947593,0.2371915573402401
0.286,0.6051243406179352,0.19537770169056282,0.4097466389273724,0.2371915573402401
0.2861666666666667,0.6051243406179352,0.19559169698266637,0.4095326436352688,0.23611999495952668
0.28633333333333333,0.6051243406179352,0.19580569227476996,0.4093186483431652,0.23552249955878563
0.2865,0.6051243406179352,0.19601968756687352,0.4091046530510617,0.23514882320179492
0.2866666666666667,0.6051243406179352,0.1962336828589771,0.40889065775895805,0.2348444881123661
0.28683333333333333,0.6051243406179352,0.19644767815108066,0.4086766624668545,0.2348444881123661
0.287,0.6051243406179352,0.19666167344318425,0.40846266717475094,0.23433422154764197
0.2871666666666667,0.6051243406179352,0.19687566873528783,0.40824867188264735,0.23433422154764197
0.28733333333333333,0.6051243406179352,0.1970896640273914,0.4080346765905438,0.23433422154764197
0.2875,0.6051243406179352,0.19730365931949498,0.4078206812984402,0.23433422154764197
0.2876666666666667,0.6051243406179352,0.19751765461159854,0.40760668600633665,0.2342149557926633
0.28783333333333333,0.6051243406179352,0.19773164990370212,0.40739269071423306,0.23366979596721216
0.288,0.6051243406179352,0.19794564519580568,0.4071786954221295,0.23366979596721216
0.2881666666666667,0.6051243406179352,0.19815964048790927,0.40696470013002595,0.23343216099550146
0.28833333333333333,0.6051243406179352,0.19837363578001285,0.4067507048379223,0.23343216099550146
0.2885,0.6051243406179352,0.1985876310721164,0.4065367095458188,0.23343216099550146
0.2886666666666667,0.6051243406179352,0.19880162636422,0.4063227142537152,0.23343216099550146
0.28883333333333333,0.6051243406179352,0.19901562165632355,0.4061087189616116,0.23343216099550146
0.289,0.6051243406179352,0.19922961694842714,0.4058947236695081,0.23343216099550146
0.2891666666666667,0.6051243406179352,0.1994436122405307,0.4056807283774045,0.23339078089774745
0.28933333333333333,0.6051243406179352,0.19965760753263428,0.4054667330853009,0.23338301767524955
0.2895,0.6051243406179352,0.19987160282473784,0.40525273779319737,0.23338301767524955
0.2896666666666667,0.6051243406179352,0.20008559811684143,0.40503874250109373,0.23338301767524955
0.28983333333333333,0.6051243406179352,0.20029959340894501,0.4048247472089902,0.23338301767524955
0.29,0.6051243406179352,0.20051358870104857,0.4046107519168866,0.23338301767524955
0.2901666666666667,0.6051243406179352,0.20072758399315216,0.404396756624783,0.23338301767524955
0.29033333333333333,0.6051243406179352,0.20094157928525572,0.4041827613326795,0.23338301767524955
0.2905,0.6051243406179352,0.2011555745773593,0.40396876604057586,0.23338301767524955
0.2906666666666667,0.6058779201205727,0.2011555745773593,0.4047223455432134,0.23338301767524955
0.29083333333333333,0.6058779201205727,0.20136956986946286,0.40450835025110987,0.23338301767524955
0.291,0.6066314996232103,0.20136956986946286,0.4052619297537474,0.23338301767524955
0.2911666666666667,0.6066314996232103,0.20158356516156645,0.40504793446164383,0.23338301767524955
0.29133333333333333,0.6066314996232103,0.20179756045367003,0.40483393916954025,0.23338301767524955
0.2915,0.6066314996232103,0.2020115557457736,0.4046199438774367,0.23338301767524955
0.2916666666666667,0.6066314996232103,0.20222555103787718,0.4044059485853331,0.23338301767524955
0.29183333333333333,0.6066314996232103,0.20243954632998074,0.40419195329322954,0.23338301767524955
0.292,0.6073850791258478,0.20243954632998074,0.4049455327958671,0.23338301767524955
0.2921666666666667,0.6073850791258478,0.20265354162208432,0.4047315375037635,0.23338301767524955
0.29233333333333333,0.6073850791258478,0.20286753691418788,0.4045175422116599,0.23338301767524955
0.2925,0.6073850791258478,0.20308153220629147,0.4043035469195564,0.23338301767524955
0.2926666666666667,0.6073850791258478,0.20329552749839502,0.4040895516274528,0.23338301767524955
0.29283333333333333,0.6073850791258478,0.2035095227904986,0.4038755563353492,0.23338301767524955
0.293,0.6073850791258478,0.2037235180826022,0.40366156104324563,0.23338301767524955
0.2931666666666667,0.6073850791258478,0.20393751337470575,0.40344756575114205,0.23338301767524955
0.29333333333333333,0.6073850791258478,0.20415150866680934,0.4032335704590385,0.23338301767524955
0.2935,0.6073850791258478,0.2043655039589129,0.40301957516693493,0.23338301767524955
0.2936666666666667,0.6073850791258478,0.20457949925101648,0.40280557987483134,0.23338301767524955
0.29383333333333334,0.6081386586284853,0.20457949925101648,0.4035591593774688,0.23338301767524955
0.294,0.6088922381311228,0.20457949925101648,0.4043127388801063,0.23338301767524955
0.2941666666666667,0.6088922381311228,0.20479349454312004,0.4040987435880028,0.23338301767524955
0.29433333333333334,0.6088922381311228,0.20500748983522363,0.40388474829589915,0.23338301767524955
0.2945,0.6088922381311228,0.20522148512732719,0.4036707530037956,0.23338301767524955
0.2946666666666667,0.6088922381311228,0.20543548041943077,0.40345675771169204,0.23338301767524955
0.29483333333333334,0.6096458176337604,0.20543548041943077,0.4042103372143296,0.23338301767524955
0.295,0.6096458176337604,0.20564947571153436,0.403996341922226,0.23338301767524955
0.2951666666666667,0.6096458176337604,0.20586347100363792,0.40378234663012247,0.23338301767524955
0.29533333333333334,0.6096458176337604,0.2060774662957415,0.4035683513380188,0.23338301767524955
0.2955,0.6096458176337604,0.20629146158784506,0.4033543560459153,0.23272981999361908
0.2956666666666667,0.6096458176337604,0.20650545687994865,0.4031403607538117,0.23272981999361908
0.29583333333333334,0.6096458176337604,0.2067194521720522,0.4029263654617081,0.23272981999361908
0.296,0.6103993971363979,0.2067194521720522,0.40367994496434567,0.2327137350107821
0.2961666666666667,0.6103993971363979,0.2069334474641558,0.40346594967224214,0.23246477398681104
0.29633333333333334,0.6103993971363979,0.20714744275625938,0.4032519543801385,0.23246477398681104
0.2965,0.6103993971363979,0.20736143804836293,0.40303795908803497,0.23180659997238945
0.2966666666666667,0.6103993971363979,0.20757543334046652,0.4028239637959314,0.2315538579788417
0.29683333333333334,0.6103993971363979,0.20778942863257008,0.4026099685038278,0.23105593046959153
0.297,0.6103993971363979,0.20800342392467366,0.40239597321172427,0.23105593046959153
0.2971666666666667,0.6103993971363979,0.20821741921677722,0.4021819779196207,0.2308056604811324
0.29733333333333334,0.6103993971363979,0.2084314145088808,0.4019679826275171,0.23078561276697127
0.2975,0.6103993971363979,0.20864540980098437,0.40175398733541356,0.23078561276697127
0.2976666666666667,0.6111529766390355,0.20864540980098437,0.4025075668380511,0.23078561276697127
0.29783333333333334,0.6111529766390355,0.20885940509308795,0.40229357154594747,0.23078561276697127
0.298,0.611906556141673,0.20885940509308795,0.403047151048585,0.23078561276697127
0.2981666666666667,0.611906556141673,0.20907340038519154,0.4028331557564815,0.23078561276697127
0.29833333333333334,0.611906556141673,0.2092873956772951,0.4026191604643779,0.23078561276697127
0.2985,0.611906556141673,0.20950139096939868,0.4024051651722743,0.23078561276697127
0.2986666666666667,0.611906556141673,0.20971538626150224,0.4021911698801708,0.23078561276697127
0.29883333333333334,0.611906556141673,0.20992938155360583,0.40197717458806714,0.23078561276697127
0.299,0.611906556141673,0.21014337684570938,0.4017631792959636,0.230692863686317
0.2991666666666667,0.6126601356443104,0.21014337684570938,0.40251675879860105,0.23023386480949093
0.29933333333333334,0.613413715146948,0.21014337684570938,0.4032703383012386,0.22979056559930505
0.2995,0.613413715146948,0.21035737213781297,0.403056343009135,0.22928494107518899
0.2996666666666667,0.613413715146948,0.21057136742991653,0.4028423477170314,0.2289451296277484
0.29983333333333334,0.6141672946495855,0.21057136742991653,0.40359592721966897,0.2285752398106713
0.3,0.6141672946495855,0.21078536272202011,0.40338193192756544,0.22839942141646927
0.3001666666666667,0.6141672946495855,0.2109993580141237,0.4031679366354618,0.22839942141646927
0.30033333333333334,0.6141672946495855,0.21121335330622726,0.40295394134335827,0.22833510406032484
0.3005,0.6141672946495855,0.21142734859833084,0.4027399460512547,0.22833510406032484
0.3006666666666667,0.6149208741522231,0.21142734859833084,0.40349352555389223,0.22833510406032484
0.30083333333333334,0.6149208741522231,0.2116413438904344,0.40327953026178864,0.22778264284912297
0.301,0.6149208741522231,0.211855339182538,0.4030655349696851,0.22778264284912297
0.3011666666666667,0.6156744536548606,0.211855339182538,0.40381911447232266,0.22760005340056838
0.30133333333333334,0.6156744536548606,0.21206933447464155,0.4036051191802191,0.22760005340056838
0.3015,0.6156744536548606,0.21228332976674513,0.4033911238881155,0.22734896881565725
0.3016666666666667,0.6156744536548606,0.21249732505884872,0.4031771285960119,0.22734896881565725
0.30183333333333334,0.6156744536548606,0.21271132035095228,0.4029631333039083,0.22734896881565725
0.302,0.6156744536548606,0.21292531564305586,0.4027491380118048,0.22728740651867926
0.30216666666666664,0.6156744536548606,0.21313931093515942,0.4025351427197012,0.22723742139441838
0.30233333333333334,0.6164280331574982,0.21313931093515942,0.40328872222233875,0.22713933823173632
0.3025,0.6171816126601356,0.21313931093515942,0.4040423017249762,0.2266378057077454
0.30266666666666664,0.6179351921627732,0.21313931093515942,0.40479588122761373,0.22654344542444588
0.30283333333333334,0.6186887716654107,0.21313931093515942,0.4055494607302513,0.22613283280181645
0.303,0.6186887716654107,0.213353306227263,0.4053354654381477,0.22613283280181645
0.30316666666666664,0.6194423511680482,0.213353306227263,0.40608904494078524,0.22569906489299624
0.30333333333333334,0.6201959306706858,0.213353306227263,0.4068426244434228,0.22569906489299624
0.3035,0.6201959306706858,0.21356730151936656,0.40662862915131925,0.22538797748068928
0.30366666666666664,0.6201959306706858,0.21378129681147015,0.4064146338592156,0.225354927519334
0.30383333333333334,0.6201959306706858,0.2139952921035737,0.4062006385671121,0.22530845341695696
0.304,0.6201959306706858,0.2142092873956773,0.4059866432750085,0.22530845341695696
0.30416666666666664,0.6201959306706858,0.21442328268778088,0.4057726479829049,0.22492970246807853
0.30433333333333334,0.6209495101733233,0.21442328268778088,0.40652622748554246,0.2239694074738644
0.3045,0.6209495101733233,0.21463727797988444,0.4063122321934389,0.22384049996669886
0.30466666666666664,0.6217030896759608,0.21463727797988444,0.40706581169607636,0.2235546062521349
0.30483333333333335,0.6217030896759608,0.21485127327198802,0.4068518164039727,0.22299444084526698
0.305,0.6217030896759608,0.21506526856409158,0.4066378211118692,0.22299444084526698
0.30516666666666664,0.6224566691785983,0.21506526856409158,0.40739140061450674,0.22287849054919
0.30533333333333335,0.6232102486812359,0.21506526856409158,0.4081449801171443,0.22287849054919
0.3055,0.6232102486812359,0.21527926385619517,0.4079309848250407,0.22275888788068804
0.30566666666666664,0.6232102486812359,0.21549325914829873,0.4077169895329371,0.22275888788068804
0.30583333333333335,0.6232102486812359,0.2157072544404023,0.4075029942408336,0.22267923192762357
0.306,0.6232102486812359,0.21592124973250587,0.40728899894873,0.2224192963409902
0.30616666666666664,0.6232102486812359,0.21613524502460946,0.4070750036566264,0.2224192963409902
0.30633333333333335,0.6232102486812359,0.21634924031671304,0.4068610083645228,0.2224192963409902
0.3065,0.6239638281838734,0.21634924031671304,0.40761458786716037,0.2224192963409902
0.30666666666666664,0.6239638281838734,0.2165632356088166,0.4074005925750568,0.2224192963409902
0.30683333333333335,0.624717407686511,0.2165632356088166,0.40815417207769433,0.2224192963409902
0.307,0.624717407686511,0.2167772309009202,0.4079401767855908,0.2224192963409902
0.30716666666666664,0.624717407686511,0.21699122619302375,0.4077261814934872,0.2221171758265867
0.30733333333333335,0.624717407686511,0.21720522148512733,0.40751218620138363,0.22209231815226
0.3075,0.6254709871891485,0.21720522148512733,0.4082657657040212,0.22209231815226
0.30766666666666664,0.6262245666917859,0.21720522148512733,0.4090193452066586,0.22209231815226
0.30783333333333335,0.6262245666917859,0.2174192167772309,0.4088053499145551,0.22208800496945796
0.308,0.6262245666917859,0.21763321206933448,0.40859135462245144,0.22201934241499144
0.30816666666666664,0.6262245666917859,0.21784720736143806,0.4083773593303479,0.2219933394836057
0.30833333333333335,0.6262245666917859,0.21806120265354162,0.4081633640382443,0.22189269175475895
0.3085,0.6262245666917859,0.2182751979456452,0.40794936874614074,0.22189269175475895
0.30866666666666664,0.6262245666917859,0.21848919323774876,0.4077353734540372,0.22166700157182084
0.30883333333333335,0.6269781461944235,0.21848919323774876,0.40848895295667476,0.2215335769081866
0.309,0.6269781461944235,0.21870318852985235,0.4082749576645711,0.22151347736098384
0.30916666666666665,0.627731725697061,0.21870318852985235,0.40902853716720866,0.22151347736098384
0.30933333333333335,0.627731725697061,0.2189171838219559,0.40881454187510513,0.22151347736098384
0.3095,0.627731725697061,0.2191311791140595,0.40860054658300154,0.22151347736098384
0.30966666666666665,0.6284853051996986,0.2191311791140595,0.4093541260856391,0.22151347736098384
0.30983333333333335,0.6284853051996986,0.21934517440616305,0.4091401307935355,0.22151347736098384
0.31,0.6284853051996986,0.21955916969826664,0.408926135501432,0.22151347736098384
0.31016666666666665,0.6284853051996986,0.21977316499037022,0.40871214020932833,0.22151347736098384
0.31033333333333335,0.6284853051996986,0.21998716028247378,0.4084981449172248,0.22151347736098384
0.3105,0.6284853051996986,0.22020115557457737,0.4082841496251212,0.22151347736098384
0.31066666666666665,0.6284853051996986,0.22041515086668093,0.40807015433301763,0.22151347736098384
0.31083333333333335,0.6284853051996986,0.2206291461587845,0.4078561590409141,0.22151347736098384
0.311,0.6284853051996986,0.22084314145088807,0.4076421637488105,0.22151347736098384
0.31116666666666665,0.6284853051996986,0.22105713674299166,0.40742816845670693,0.22151347736098384
0.31133333333333335,0.6284853051996986,0.22127113203509524,0.40721417316460334,0.22151347736098384
0.3115,0.6284853051996986,0.2214851273271988,0.40700017787249976,0.2213873898463846
0.31166666666666665,0.6284853051996986,0.22169912261930239,0.4067861825803962,0.2213793281626259
0.31183333333333335,0.6284853051996986,0.22191311791140594,0.40657218728829264,0.2211593743399805
0.312,0.6284853051996986,0.22212711320350953,0.40635819199618906,0.22094059591242152
0.31216666666666665,0.6292388847023361,0.22212711320350953,0.4071117714988266,0.22094059591242152
0.31233333333333335,0.6292388847023361,0.2223411084956131,0.40689777620672307,0.22089043097990924
0.3125,0.6292388847023361,0.22255510378771667,0.40668378091461943,0.22089043097990924
0.31266666666666665,0.6292388847023361,0.22276909907982023,0.4064697856225159,0.22089043097990924
0.31283333333333335,0.6292388847023361,0.22298309437192382,0.4062557903304123,0.22089043097990924
0.313,0.6292388847023361,0.2231970896640274,0.40604179503830873,0.22089043097990924
0.31316666666666665,0.6292388847023361,0.22341108495613096,0.4058277997462052,0.22056519112734652
0.31333333333333335,0.6292388847023361,0.22362508024823455,0.40561380445410156,0.22056519112734652
0.3135,0.6292388847023361,0.2238390755403381,0.405399809161998,0.22053376506294953
0.31366666666666665,0.6299924642049737,0.2238390755403381,0.4061533886646356,0.2201112916626057
0.31383333333333335,0.6299924642049737,0.2240530708324417,0.405939393372532,0.21957222286148537
0.314,0.6299924642049737,0.22426706612454525,0.4057253980804284,0.21957222286148537
0.31416666666666665,0.6299924642049737,0.22448106141664884,0.40551140278832487,0.21949359560164278
0.31433333333333335,0.6299924642049737,0.2246950567087524,0.4052974074962213,0.21949359560164278
0.3145,0.6299924642049737,0.22490905200085598,0.4050834122041177,0.21949359560164278
0.31466666666666665,0.6299924642049737,0.22512304729295957,0.4048694169120141,0.21949359560164278
0.31483333333333335,0.6299924642049737,0.22533704258506312,0.4046554216199105,0.21936227684515827
0.315,0.6307460437076111,0.22533704258506312,0.40540900112254796,0.21913978954568172
0.31516666666666665,0.6307460437076111,0.2255510378771667,0.40519500583044443,0.2190925561579371
0.31533333333333335,0.6307460437076111,0.22576503316927027,0.40498101053834085,0.21901592328527836
0.3155,0.6307460437076111,0.22597902846137385,0.40476701524623726,0.21901592328527836
0.31566666666666665,0.6307460437076111,0.2261930237534774,0.40455301995413373,0.2189678989616547
0.31583333333333335,0.6307460437076111,0.226407019045581,0.4043390246620301,0.21880158531561567
0.316,0.6307460437076111,0.22662101433768458,0.40412502936992656,0.2186654996130325
0.31616666666666665,0.6314996232102487,0.22662101433768458,0.4048786088725641,0.21857730812024131
0.31633333333333336,0.6314996232102487,0.22683500962978814,0.4046646135804605,0.2185358915721312
0.3165,0.6314996232102487,0.22704900492189173,0.40445061828835693,0.21824471822285685
0.31666666666666665,0.6314996232102487,0.2272630002139953,0.4042366229962534,0.21824471822285685
0.31683333333333336,0.6314996232102487,0.22747699550609887,0.40402262770414976,0.21814306112642945
0.317,0.6314996232102487,0.22769099079820243,0.40380863241204623,0.21813416922370651
0.31716666666666665,0.6314996232102487,0.22790498609030602,0.40359463711994265,0.21778600619885677
0.31733333333333336,0.6314996232102487,0.22811898138240957,0.40338064182783906,0.21741605015834917
0.3175,0.6314996232102487,0.22833297667451316,0.40316664653573553,0.21688114496639876
0.31766666666666665,0.6314996232102487,0.22854697196661675,0.4029526512436319,0.2168648156056881
0.31783333333333336,0.6322532027128862,0.22854697196661675,0.40370623074626943,0.216752009638485
0.318,0.6322532027128862,0.2287609672587203,0.4034922354541659,0.21668642092716636
0.31816666666666665,0.6322532027128862,0.2289749625508239,0.4032782401620623,0.21668642092716636
0.31833333333333336,0.6330067822155238,0.2289749625508239,0.40403181966469986,0.2164780712260661
0.3185,0.6330067822155238,0.22918895784292745,0.4038178243725963,0.21639474085525032
0.31866666666666665,0.6330067822155238,0.22940295313503103,0.40360382908049275,0.21639474085525032
0.31883333333333336,0.6330067822155238,0.2296169484271346,0.40338983378838916,0.2163515866452264
0.319,0.6330067822155238,0.22983094371923818,0.4031758384962856,0.2163515866452264
0.31916666666666665,0.6330067822155238,0.23004493901134174,0.40296184320418205,0.2163515866452264
0.31933333333333336,0.6337603617181613,0.23004493901134174,0.4037154227068196,0.2163515866452264
0.3195,0.6337603617181613,0.23025893430344532,0.40350142741471595,0.21610255027523181
0.31966666666666665,0.6337603617181613,0.2304729295955489,0.4032874321226124,0.2158631372217285
0.31983333333333336,0.6337603617181613,0.23068692488765247,0.40307343683050884,0.2158631372217285
0.32,0.6337603617181613,0.23090092017975605,0.40285944153840525,0.2158631372217285
0.32016666666666665,0.6337603617181613,0.2311149154718596,0.4026454462463017,0.2158631372217285
0.32033333333333336,0.6337603617181613,0.2313289107639632,0.4024314509541981,0.2158631372217285
0.3205,0.6345139412207988,0.2313289107639632,0.4031850304568356,0.2158631372217285
0.32066666666666666,0.6345139412207988,0.23154290605606676,0.4029710351647321,0.2158631372217285
0.32083333333333336,0.6345139412207988,0.23175690134817034,0.4027570398726285,0.2158631372217285
0.321,0.6345139412207988,0.23197089664027393,0.4025430445805249,0.2158631372217285
0.32116666666666666,0.6352675207234363,0.23197089664027393,0.40329662408316236,0.215736846814381
0.32133333333333336,0.6352675207234363,0.23218489193237749,0.40308262879105883,0.215736846814381
0.3215,0.6360211002260738,0.23218489193237749,0.4038362082936964,0.21515449029775216
0.32166666666666666,0.6367746797287114,0.23218489193237749,0.4045897877963339,0.21412667151024667
0.32183333333333336,0.6367746797287114,0.23239888722448107,0.4043757925042303,0.2140939319908695
0.322,0.6375282592313489,0.23239888722448107,0.4051293720068678,0.21384040091794884
0.32216666666666666,0.6382818387339865,0.23239888722448107,0.4058829515095054,0.21334293781828656
0.32233333333333336,0.6382818387339865,0.23261288251658463,0.40566895621740184,0.21331541267995277
0.3225,0.6382818387339865,0.23282687780868822,0.40545496092529826,0.21331541267995277
0.32266666666666666,0.6382818387339865,0.23304087310079177,0.40524096563319467,0.21331541267995277
0.32283333333333336,0.6382818387339865,0.23325486839289536,0.40502697034109114,0.21324915539265019
0.323,0.6382818387339865,0.23346886368499892,0.40481297504898756,0.2132039132773091
0.32316666666666666,0.6382818387339865,0.2336828589771025,0.40459897975688397,0.2132039132773091
0.3233333333333333,0.6390354182366239,0.2336828589771025,0.4053525592595214,0.2132039132773091
0.3235,0.6390354182366239,0.2338968542692061,0.4051385639674178,0.2132039132773091
0.32366666666666666,0.6390354182366239,0.23411084956130965,0.40492456867531423,0.2132039132773091
0.3238333333333333,0.6390354182366239,0.23432484485341323,0.4047105733832107,0.21290970016406455
0.324,0.6390354182366239,0.2345388401455168,0.4044965780911071,0.21290970016406455
0.32416666666666666,0.6390354182366239,0.23475283543762038,0.40428258279900353,0.21275016293738877
0.3243333333333333,0.6390354182366239,0.23496683072972394,0.4040685875069,0.21275016293738877
0.3245,0.6390354182366239,0.23518082602182752,0.40385459221479636,0.21275016293738877
0.32466666666666666,0.6390354182366239,0.23539482131393108,0.40364059692269283,0.21219770771179183
0.3248333333333333,0.6390354182366239,0.23560881660603467,0.40342660163058924,0.21190243135722917
0.325,0.6390354182366239,0.23582281189813825,0.40321260633848566,0.21190243135722917
0.32516666666666666,0.6397889977392615,0.23582281189813825,0.4039661858411232,0.21190243135722917
0.3253333333333333,0.6397889977392615,0.2360368071902418,0.4037521905490197,0.21190243135722917
0.3255,0.6397889977392615,0.2362508024823454,0.40353819525691603,0.21182718742398812
0.32566666666666666,0.6397889977392615,0.23646479777444895,0.4033241999648125,0.21121856024251648
0.3258333333333333,0.6397889977392615,0.23667879306655254,0.4031102046727089,0.21099062507480262
0.326,0.6397889977392615,0.2368927883586561,0.40289620938060533,0.21092890153486818
0.32616666666666666,0.6397889977392615,0.23710678365075968,0.4026822140885018,0.21046058446813073
0.3263333333333333,0.6397889977392615,0.23732077894286327,0.40246821879639816,0.209963880859347
0.3265,0.6397889977392615,0.23753477423496683,0.40225422350429463,0.20986353053042542
0.32666666666666666,0.640542577241899,0.23753477423496683,0.4030078030069322,0.20985301926488203
0.3268333333333333,0.6412961567445365,0.23753477423496683,0.4037613825095697,0.20985301926488203
0.327,0.6412961567445365,0.2377487695270704,0.40354738721746614,0.20985301926488203
0.32716666666666666,0.6412961567445365,0.23796276481917397,0.40333339192536255,0.20981346295881595
0.3273333333333333,0.6420497362471741,0.23796276481917397,0.4040869714280001,0.20981346295881595
0.3275,0.6428033157498116,0.23796276481917397,0.40484055093063764,0.20981346295881595
0.32766666666666666,0.6428033157498116,0.23817676011127756,0.4046265556385341,0.20977901527834833
0.3278333333333333,0.6428033157498116,0.23839075540338112,0.4044125603464305,0.20974478815096045
0.328,0.6428033157498116,0.2386047506954847,0.40419856505432694,0.20964548835471347
0.32816666666666666,0.6428033157498116,0.23881874598758826,0.4039845697622234,0.20964548835471347
0.3283333333333333,0.6428033157498116,0.23903274127969185,0.40377057447011977,0.20933511350465095
0.3285,0.6428033157498116,0.23924673657179543,0.40355657917801624,0.20870368377979334
0.32866666666666666,0.6428033157498116,0.239460731863899,0.40334258388591265,0.20863167403178742
0.3288333333333333,0.6428033157498116,0.23967472715600258,0.40312858859380907,0.2082774615928873
0.329,0.6428033157498116,0.23988872244810613,0.40291459330170554,0.2082774615928873
0.32916666666666666,0.6428033157498116,0.24010271774020972,0.4027005980096019,0.2080642965882092
0.3293333333333333,0.6435568952524491,0.24010271774020972,0.40345417751223933,0.2080642965882092
0.3295,0.6435568952524491,0.24031671303231328,0.4032401822201358,0.20806341910815884
0.32966666666666666,0.6443104747550866,0.24031671303231328,0.40399376172277335,0.20799883505804412
0.3298333333333333,0.6443104747550866,0.24053070832441686,0.40377976643066976,0.20799883505804412
0.33,0.6450640542577242,0.24053070832441686,0.4045333459333073,0.20782905326299148
0.33016666666666666,0.6450640542577242,0.24074470361652045,0.4043193506412037,0.20771368929825543
0.3303333333333333,0.6450640542577242,0.240958698908624,0.4041053553491002,0.20743521131284948
0.3305,0.6450640542577242,0.2411726942007276,0.40389136005699655,0.20725934546401242
0.33066666666666666,0.6458176337603617,0.2411726942007276,0.4046449395596341,0.20716243786624872
0.3308333333333333,0.6458176337603617,0.24138668949283115,0.40443094426753057,0.20710376638046082
0.331,0.6458176337603617,0.24160068478493474,0.404216948975427,0.20706775126645027
0.33116666666666666,0.6458176337603617,0.2418146800770383,0.4040029536833234,0.20706775126645027
0.3313333333333333,0.6458176337603617,0.24202867536914188,0.40378895839121987,0.20706775126645027
0.3315,0.6458176337603617,0.24224267066124544,0.4035749630991163,0.20695168774332193
0.33166666666666667,0.6465712132629993,0.24224267066124544,0.4043285426017538,0.20681172318563462
0.3318333333333333,0.6473247927656368,0.24224267066124544,0.4050821221043914,0.20681172318563462
0.332,0.6473247927656368,0.24245666595334903,0.4048681268122878,0.20681172318563462
0.33216666666666667,0.6473247927656368,0.2426706612454526,0.4046541315201842,0.20662307806046176
0.3323333333333333,0.6473247927656368,0.24288465653755617,0.4044401362280806,0.20656284085753293
0.3325,0.6473247927656368,0.24309865182965976,0.4042261409359771,0.20656284085753293
0.33266666666666667,0.6473247927656368,0.24331264712176331,0.4040121456438735,0.20646565224132987
0.3328333333333333,0.6473247927656368,0.2435266424138669,0.4037981503517699,0.20646565224132987
0.333,0.6473247927656368,0.24374063770597046,0.4035841550596664,0.20646565224132987
0.33316666666666667,0.6473247927656368,0.24395463299807404,0.40337015976756274,0.20642177369340597
0.3333333333333333,0.6473247927656368,0.2441686282901776,0.4031561644754592,0.20642177369340597
0.3335,0.6473247927656368,0.2443826235822812,0.4029421691833556,0.20642177369340597
0.33366666666666667,0.6473247927656368,0.24459661887438477,0.40272817389125204,0.20642177369340597
0.3338333333333333,0.6473247927656368,0.24481061416648833,0.4025141785991485,0.20642177369340597
0.334,0.6480783722682742,0.24481061416648833,0.40326775810178594,0.20617561575554624
0.33416666666666667,0.6480783722682742,0.24502460945859192,0.4030537628096823,0.20617561575554624
0.3343333333333333,0.6480783722682742,0.24523860475069548,0.4028397675175788,0.20613389000789323
0.3345,0.6480783722682742,0.24545260004279906,0.4026257722254752,0.20605897708128884
0.33466666666666667,0.6488319517709118,0.24545260004279906,0.40337935172811273,0.20605897708128884
0.3348333333333333,0.6488319517709118,0.24566659533490262,0.40316535643600915,0.20605897708128884
0.335,0.6488319517709118,0.2458805906270062,0.4029513611439056,0.20605897708128884
0.33516666666666667,0.6488319517709118,0.2460945859191098,0.402737365851802,0.20593396965930957
0.3353333333333333,0.6488319517709118,0.24630858121121335,0.40252337055969845,0.20561501151168007
0.3355,0.6488319517709118,0.24652257650331694,0.40230937526759486,0.20510153470898768
0.33566666666666667,0.6495855312735493,0.24652257650331694,0.4030629547702324,0.20475039473016868
0.3358333333333333,0.6495855312735493,0.2467365717954205,0.4028489594781288,0.20475039473016868
0.336,0.6495855312735493,0.24695056708752408,0.4026349641860253,0.20466474709132088
0.33616666666666667,0.6495855312735493,0.24716456237962764,0.4024209688939217,0.20450759586244105
0.3363333333333333,0.6495855312735493,0.24737855767173123,0.4022069736018181,0.20450759586244105
0.3365,0.6495855312735493,0.24759255296383478,0.4019929783097146,0.20450759586244105
0.33666666666666667,0.6495855312735493,0.24780654825593837,0.40177898301761095,0.20450759586244105
0.3368333333333333,0.6495855312735493,0.24802054354804196,0.4015649877255074,0.2043500263219385
0.337,0.6495855312735493,0.2482345388401455,0.40135099243340383,0.20431596633070756
0.33716666666666667,0.6495855312735493,0.2484485341322491,0.40113699714130024,0.20431596633070756
0.3373333333333333,0.6503391107761869,0.2484485341322491,0.4018905766439378,0.20431596633070756
0.3375,0.6503391107761869,0.24866252942435266,0.40167658135183426,0.20431596633070756
0.33766666666666667,0.6503391107761869,0.24887652471645624,0.4014625860597306,0.20430380963972697
0.3378333333333333,0.6503391107761869,0.2490905200085598,0.4012485907676271,0.20430380963972697
0.338,0.6510926902788244,0.2490905200085598,0.40200217027026464,0.20416930041655232
0.33816666666666667,0.651846269781462,0.2490905200085598,0.4027557497729022,0.203905854980174
0.3383333333333333,0.651846269781462,0.2493045153006634,0.4025417544807986,0.203905854980174
0.3385,0.651846269781462,0.24951851059276695,0.402327759188695,0.20316980205914845
0.33866666666666667,0.651846269781462,0.24973250588487053,0.4021137638965915,0.20293445334560153
0.3388333333333333,0.651846269781462,0.24994650117697412,0.40189976860448784,0.20287578853220486
0.339,0.651846269781462,0.2501604964690777,0.4016857733123843,0.20283838283443498
0.33916666666666667,0.651846269781462,0.25037449176118126,0.4014717780202807,0.20214020146027717
0.3393333333333333,0.651846269781462,0.25058848705328485,0.40125778272817714,0.2019993393957408
0.3395,0.6525998492840994,0.25058848705328485,0.4020113622308146,0.20196842901564632
0.3396666666666667,0.6525998492840994,0.2508024823453884,0.40179736693871104,0.20194010271267565
0.3398333333333333,0.6525998492840994,0.25101647763749196,0.40158337164660746,0.20169573619711345
0.34,0.6525998492840994,0.25123047292959555,0.40136937635450387,0.20158276866642896
0.3401666666666667,0.6525998492840994,0.25144446822169914,0.4011553810624003,0.20089144264739534
0.3403333333333333,0.6525998492840994,0.2516584635138027,0.4009413857702967,0.20071555371778196
0.3405,0.6525998492840994,0.25187245880590625,0.40072739047819317,0.20067787789682812
0.3406666666666667,0.6525998492840994,0.25208645409800984,0.4005133951860896,0.20055173093579465
0.3408333333333333,0.6525998492840994,0.2523004493901134,0.400299399893986,0.20054151725875202
0.341,0.6525998492840994,0.252514444682217,0.4000854046018824,0.20042560362055503
0.3411666666666667,0.6525998492840994,0.25272843997432054,0.3998714093097789,0.20038091453315895
0.3413333333333333,0.6525998492840994,0.2529424352664241,0.3996574140176753,0.19997083810022676
0.3415,0.653353428786737,0.2529424352664241,0.40041099352031284,0.19990894764964492
0.3416666666666667,0.653353428786737,0.2531564305585277,0.40019699822820926,0.19990894764964492
0.3418333333333333,0.653353428786737,0.2533704258506313,0.39998300293610567,0.19990894764964492
0.342,0.653353428786737,0.2535844211427349,0.3997690076440021,0.19925320028619894
0.3421666666666667,0.653353428786737,0.2537984164348384,0.39955501235189855,0.1992106528648731
0.3423333333333333,0.653353428786737,0.254012411726942,0.39934101705979497,0.1992106528648731
0.3425,0.653353428786737,0.2542264070190456,0.3991270217676914,0.1992106528648731
0.3426666666666667,0.653353428786737,0.25444040231114917,0.3989130264755878,0.19899559604522407
0.3428333333333333,0.653353428786737,0.2546543976032527,0.39869903118348426,0.19869644463497002
0.343,0.6541070082893745,0.2546543976032527,0.3994526106861218,0.19845151321331356
0.3431666666666667,0.6541070082893745,0.2548683928953563,0.3992386153940182,0.19845151321331356
0.3433333333333333,0.6541070082893745,0.2550823881874599,0.39902462010191464,0.19841400325037004
0.3435,0.6541070082893745,0.25529638347956346,0.39881062480981105,0.19822135080923536
0.3436666666666667,0.6541070082893745,0.25551037877166705,0.39859662951770747,0.19817550894208352
0.3438333333333333,0.6541070082893745,0.2557243740637706,0.39838263422560394,0.19817550894208352
0.344,0.6541070082893745,0.25593836935587416,0.39816863893350035,0.19817550894208352
0.3441666666666667,0.6541070082893745,0.25615236464797775,0.39795464364139677,0.19817550894208352
0.3443333333333333,0.6541070082893745,0.25636635994008133,0.3977406483492932,0.19817550894208352
0.3445,0.6541070082893745,0.25658035523218486,0.39752665305718965,0.19817550894208352
0.3446666666666667,0.6541070082893745,0.25679435052428845,0.39731265776508606,0.19817550894208352
0.3448333333333333,0.6541070082893745,0.25700834581639204,0.3970986624729825,0.19817550894208352
0.345,0.6548605877920121,0.25700834581639204,0.39785224197562,0.19817550894208352
0.3451666666666667,0.6548605877920121,0.2572223411084956,0.39763824668351644,0.19817550894208352
0.3453333333333333,0.6548605877920121,0.2574363364005992,0.39742425139141285,0.19817550894208352
0.3455,0.6556141672946496,0.2574363364005992,0.3981778308940504,0.19817550894208352
0.3456666666666667,0.6556141672946496,0.25765033169270274,0.39796383560194687,0.19817550894208352
0.3458333333333333,0.6556141672946496,0.2578643269848063,0.3977498403098433,0.19817550894208352
0.346,0.6556141672946496,0.2580783222769099,0.3975358450177397,0.19817550894208352
0.3461666666666667,0.6556141672946496,0.2582923175690135,0.3973218497256361,0.19817550894208352
0.3463333333333333,0.6556141672946496,0.2585063128611171,0.3971078544335325,0.19817550894208352
0.3465,0.6556141672946496,0.2587203081532206,0.396893859141429,0.19817550894208352
0.3466666666666667,0.6556141672946496,0.2589343034453242,0.3966798638493254,0.19817550894208352
0.3468333333333333,0.6556141672946496,0.2591482987374278,0.3964658685572218,0.19817550894208352
0.347,0.6556141672946496,0.25936229402953137,0.39625187326511824,0.19817550894208352
0.3471666666666667,0.6556141672946496,0.2595762893216349,0.3960378779730147,0.19817550894208352
0.3473333333333333,0.6556141672946496,0.2597902846137385,0.3958238826809111,0.19817550894208352
0.3475,0.6556141672946496,0.2600042799058421,0.39560988738880754,0.19786459281080337
0.3476666666666667,0.6556141672946496,0.26021827519794566,0.39539589209670395,0.19786459281080337
0.3478333333333333,0.6556141672946496,0.26043227049004924,0.39518189680460036,0.19786459281080337
0.348,0.6556141672946496,0.2606462657821528,0.39496790151249683,0.19786459281080337
0.3481666666666667,0.6556141672946496,0.26086026107425636,0.39475390622039325,0.19766863784158278
0.34833333333333333,0.6556141672946496,0.26107425636635995,0.39453991092828966,0.19766863784158278
0.3485,0.6556141672946496,0.26128825165846353,0.3943259156361861,0.19766863784158278
0.3486666666666667,0.6556141672946496,0.26150224695056706,0.39411192034408254,0.19766863784158278
0.34883333333333333,0.6556141672946496,0.26171624224267065,0.39389792505197896,0.19766863784158278
0.349,0.6563677467972872,0.26171624224267065,0.3946515045546165,0.19766863784158278
0.3491666666666667,0.6563677467972872,0.26193023753477424,0.3944375092625129,0.19756222460873213
0.34933333333333333,0.6563677467972872,0.2621442328268778,0.39422351397040933,0.19749352765846784
0.3495,0.6563677467972872,0.2623582281189814,0.39400951867830575,0.19737676628435233
0.3496666666666667,0.6563677467972872,0.26257222341108494,0.3937955233862022,0.19737676628435233
0.34983333333333333,0.6571213262999246,0.26257222341108494,0.39454910288883965,0.19713440678163058
0.35,0.6571213262999246,0.2627862187031885,0.39433510759673607,0.19713440678163058
0.3501666666666667,0.6578749058025621,0.2627862187031885,0.3950886870993736,0.19703379453125758
0.35033333333333333,0.6578749058025621,0.2630002139952921,0.39487469180727003,0.19703379453125758
0.3505,0.6586284853051997,0.2630002139952921,0.3956282713099076,0.19692391093248177
0.3506666666666667,0.6593820648078372,0.2630002139952921,0.3963818508125451,0.19692391093248177
0.35083333333333333,0.6593820648078372,0.2632142092873957,0.39616785552044154,0.19665819142111501
0.351,0.6601356443104748,0.2632142092873957,0.3969214350230791,0.19665819142111501
0.3511666666666667,0.6601356443104748,0.2634282045794992,0.39670743973097555,0.19665819142111501
0.35133333333333333,0.6601356443104748,0.2636421998716028,0.39649344443887197,0.19652507447765752
0.3515,0.6601356443104748,0.2638561951637064,0.3962794491467684,0.19645482030426917
0.3516666666666667,0.6608892238131123,0.2638561951637064,0.39703302864940593,0.19643619784607935
0.35183333333333333,0.6608892238131123,0.26407019045581,0.39681903335730234,0.19641143787924717
0.352,0.6608892238131123,0.26428418574791357,0.39660503806519876,0.19624580614337975
0.3521666666666667,0.6608892238131123,0.2644981810400171,0.3963910427730952,0.1960743661113253
0.35233333333333333,0.6608892238131123,0.2647121763321207,0.39617704748099164,0.1960743661113253
0.3525,0.6608892238131123,0.26492617162422427,0.39596305218888805,0.1960743661113253
0.3526666666666667,0.6608892238131123,0.26514016691632786,0.39574905689678447,0.19587439046328275
0.35283333333333333,0.6616428033157498,0.26514016691632786,0.3965026363994219,0.1958435511668186
0.353,0.6616428033157498,0.2653541622084314,0.3962886411073184,0.19577600418820842
0.3531666666666667,0.6616428033157498,0.265568157500535,0.3960746458152148,0.1955881204792594
0.35333333333333333,0.6616428033157498,0.26578215279263856,0.3958606505231112,0.1955653589959532
0.3535,0.6616428033157498,0.26599614808474215,0.3956466552310076,0.1955653589959532
0.3536666666666667,0.6616428033157498,0.26621014337684573,0.39543265993890403,0.1954549906997047
0.35383333333333333,0.6616428033157498,0.26642413866894926,0.3952186646468005,0.1954549906997047
0.354,0.6616428033157498,0.26663813396105285,0.3950046693546969,0.1954549906997047
0.3541666666666667,0.6616428033157498,0.26685212925315643,0.3947906740625933,0.19514108445827485
0.35433333333333333,0.6616428033157498,0.26706612454526,0.39457667877048974,0.19498663608378455
0.3545,0.6623963828183873,0.26706612454526,0.3953302582731273,0.19498663608378455
0.3546666666666667,0.6631499623210249,0.26706612454526,0.39608383777576484,0.19498663608378455
0.35483333333333333,0.6631499623210249,0.2672801198373636,0.39586984248366125,0.19498663608378455
0.355,0.6631499623210249,0.26749411512946714,0.3956558471915577,0.1948130847954244
0.3551666666666667,0.6631499623210249,0.2677081104215707,0.39544185189945413,0.19468634286857872
0.35533333333333333,0.6639035418236624,0.2677081104215707,0.3961954314020917,0.19452832760732156
0.3555,0.6639035418236624,0.2679221057136743,0.3959814361099881,0.1944882568950778
0.3556666666666667,0.6639035418236624,0.2681361010057779,0.3957674408178845,0.19447702834811842
0.35583333333333333,0.6639035418236624,0.2683500962978814,0.395553445525781,0.19421247435008304
0.356,0.6639035418236624,0.268564091589985,0.3953394502336774,0.19386138211565976
0.3561666666666667,0.6639035418236624,0.2687780868820886,0.3951254549415738,0.19381531425101256
0.35633333333333334,0.6639035418236624,0.2689920821741922,0.3949114596494702,0.19365553457487536
0.3565,0.6639035418236624,0.26920607746629577,0.39469746435736663,0.19365553457487536
0.3566666666666667,0.6639035418236624,0.2694200727583993,0.3944834690652631,0.19365553457487536
0.35683333333333334,0.6639035418236624,0.2696340680505029,0.3942694737731595,0.19365553457487536
0.357,0.6639035418236624,0.26984806334260647,0.39405547848105593,0.19365553457487536
0.3571666666666667,0.6646571213263,0.26984806334260647,0.3948090579836935,0.19365553457487536
0.35733333333333334,0.6654107008289375,0.26984806334260647,0.395562637486331,0.19365553457487536
0.3575,0.6654107008289375,0.27006205863471006,0.39534864219422744,0.19365553457487536
0.3576666666666667,0.6654107008289375,0.2702760539268136,0.3951346469021239,0.19365553457487536
0.35783333333333334,0.6661642803315749,0.2702760539268136,0.39588822640476135,0.193613727506357
0.358,0.6661642803315749,0.2704900492189172,0.39567423111265776,0.19337382278281645
0.3581666666666667,0.6661642803315749,0.27070404451102076,0.3954602358205542,0.19337382278281645
0.35833333333333334,0.6661642803315749,0.27091803980312434,0.3952462405284506,0.19334854449972552
0.3585,0.6661642803315749,0.27113203509522793,0.395032245236347,0.1931462916468218
0.3586666666666667,0.6661642803315749,0.27134603038733146,0.39481824994424347,0.1931462916468218
0.35883333333333334,0.6661642803315749,0.27156002567943505,0.3946042546521399,0.19303800332973653
0.359,0.6661642803315749,0.27177402097153863,0.3943902593600363,0.1928460574410256
0.3591666666666667,0.6661642803315749,0.2719880162636422,0.3941762640679327,0.1928460574410256
0.35933333333333334,0.6669178598342125,0.2719880162636422,0.39492984357057026,0.1928200339528349
0.3595,0.6669178598342125,0.27220201155574575,0.39471584827846673,0.1928200339528349
0.3596666666666667,0.66767143933685,0.27220201155574575,0.3954694277811043,0.1928200339528349
0.35983333333333334,0.66767143933685,0.27241600684784933,0.3952554324890007,0.1928200339528349
0.36,0.6684250188394876,0.27241600684784933,0.39600901199163824,0.1928200339528349
0.3601666666666667,0.6684250188394876,0.2726300021399529,0.39579501669953465,0.1928200339528349
0.36033333333333334,0.6684250188394876,0.2728439974320565,0.39558102140743107,0.19253107799360475
0.3605,0.6684250188394876,0.2730579927241601,0.3953670261153275,0.1924973574969984
0.3606666666666667,0.6684250188394876,0.2732719880162636,0.39515303082322395,0.1924877204111299
0.36083333333333334,0.6684250188394876,0.2734859833083672,0.39493903553112036,0.19232675449639294
0.361,0.6691785983421251,0.2734859833083672,0.3956926150337579,0.19232675449639294
0.3611666666666667,0.6691785983421251,0.2736999786004708,0.3954786197416543,0.19218774794552693
0.36133333333333334,0.6699321778447627,0.2736999786004708,0.39623219924429187,0.19192243359364847
0.3615,0.6706857573474001,0.2736999786004708,0.3969857787469293,0.1918028219569038
0.3616666666666667,0.6706857573474001,0.2739139738925744,0.3967717834548257,0.1918028219569038
0.36183333333333334,0.6706857573474001,0.2741279691846779,0.3965577881627222,0.1918028219569038
0.362,0.6714393368500376,0.2741279691846779,0.39731136766535974,0.1918028219569038
0.3621666666666667,0.6714393368500376,0.2743419644767815,0.39709737237325615,0.1918028219569038
0.36233333333333334,0.6714393368500376,0.2745559597688851,0.39688337708115257,0.1918028219569038
0.3625,0.6714393368500376,0.27476995506098867,0.396669381789049,0.1918028219569038
0.3626666666666667,0.6714393368500376,0.27498395035309225,0.3964553864969454,0.1918028219569038
0.36283333333333334,0.6714393368500376,0.2751979456451958,0.39624139120484186,0.1918028219569038
0.363,0.6714393368500376,0.27541194093729937,0.3960273959127383,0.1918028219569038
0.3631666666666667,0.6714393368500376,0.27562593622940296,0.3958134006206347,0.1917860140058808
0.36333333333333334,0.6721929163526752,0.27562593622940296,0.39656698012327224,0.19165575542377944
0.3635,0.6721929163526752,0.27583993152150654,0.39635298483116865,0.19151164390098518
0.3636666666666667,0.6729464958553127,0.27583993152150654,0.3971065643338062,0.19139737008275268
0.36383333333333334,0.6729464958553127,0.2760539268136101,0.39689256904170267,0.19130414751362956
0.364,0.6729464958553127,0.27626792210571366,0.3966785737495991,0.19130414751362956
0.3641666666666667,0.6737000753579503,0.27626792210571366,0.39743215325223663,0.19130414751362956
0.36433333333333334,0.6737000753579503,0.27648191739781725,0.39721815796013304,0.19130414751362956
0.3645,0.6737000753579503,0.27669591268992083,0.39700416266802946,0.19122176058631582
0.36466666666666664,0.6737000753579503,0.2769099079820244,0.3967901673759259,0.1910698895564429
0.36483333333333334,0.6737000753579503,0.27712390327412795,0.39657617208382234,0.19100221303374293
0.365,0.6737000753579503,0.27733789856623153,0.39636217679171876,0.1909944542520984
0.36516666666666664,0.6737000753579503,0.2775518938583351,0.39614818149961517,0.1909944542520984
0.36533333333333334,0.6737000753579503,0.2777658891504387,0.3959341862075116,0.1909944542520984
0.3655,0.6737000753579503,0.2779798844425423,0.395720190915408,0.1909944542520984
0.36566666666666664,0.6737000753579503,0.2781938797346458,0.39550619562330447,0.1909944542520984
0.36583333333333334,0.6737000753579503,0.2784078750267494,0.3952922003312009,0.19091483336401122
0.366,0.6737000753579503,0.278621870318853,0.3950782050390973,0.19091483336401122
0.36616666666666664,0.6737000753579503,0.2788358656109566,0.3948642097469937,0.19074038137730706
0.36633333333333334,0.6737000753579503,0.2790498609030601,0.3946502144548902,0.19072242543432863
0.3665,0.6737000753579503,0.2792638561951637,0.3944362191627866,0.19072159502495026
0.36666666666666664,0.6737000753579503,0.2794778514872673,0.394222223870683,0.1904668949236685
0.36683333333333334,0.6744536548605878,0.2794778514872673,0.39497580337332056,0.1902946434931365
0.367,0.6744536548605878,0.27969184677937087,0.39476180808121697,0.1902946434931365
0.36716666666666664,0.6744536548605878,0.27990584207147445,0.3945478127891134,0.1902946434931365
0.36733333333333335,0.6744536548605878,0.280119837363578,0.39433381749700985,0.1902946434931365
0.3675,0.6744536548605878,0.28033383265568157,0.39411982220490627,0.1902946434931365
0.36766666666666664,0.6744536548605878,0.28054782794778516,0.3939058269128027,0.1900010238214044
0.36783333333333335,0.6744536548605878,0.28076182323988874,0.3936918316206991,0.1900010238214044
0.368,0.6752072343632253,0.28076182323988874,0.39444541112333653,0.1898998479669337
0.36816666666666664,0.6752072343632253,0.28097581853199227,0.394231415831233,0.18977248972375577
0.36833333333333335,0.6752072343632253,0.28118981382409586,0.3940174205391294,0.18977248972375577
0.3685,0.6752072343632253,0.28140380911619944,0.39380342524702583,0.18977248972375577
0.36866666666666664,0.6752072343632253,0.28161780440830303,0.39358942995492224,0.18977248972375577
0.36883333333333335,0.6752072343632253,0.2818317997004066,0.39337543466281866,0.18977248972375577
0.369,0.6752072343632253,0.28204579499251015,0.3931614393707151,0.18977248972375577
0.36916666666666664,0.6759608138658628,0.28204579499251015,0.3939150188733527,0.18977248972375577
0.36933333333333335,0.6767143933685004,0.28204579499251015,0.3946685983759902,0.18977248972375577
0.3695,0.6774679728711379,0.28204579499251015,0.39542217787862777,0.18977248972375577
0.36966666666666664,0.6774679728711379,0.28225979028461373,0.3952081825865242,0.18977248972375577
0.36983333333333335,0.6774679728711379,0.2824737855767173,0.3949941872944206,0.18935308612451393
0.37,0.6774679728711379,0.2826877808688209,0.394780192002317,0.18935308612451393
0.37016666666666664,0.6774679728711379,0.28290177616092443,0.3945661967102135,0.18935308612451393
0.37033333333333335,0.6782215523737755,0.28290177616092443,0.395319776212851,0.18891844219818157
0.3705,0.6782215523737755,0.283115771453028,0.39510578092074744,0.18871057169611208
0.37066666666666664,0.6782215523737755,0.2833297667451316,0.39489178562864385,0.18864883501222088
0.37083333333333335,0.6782215523737755,0.2835437620372352,0.39467779033654027,0.18855390933897104
0.371,0.6782215523737755,0.2837577573293388,0.3944637950444367,0.18835328801941814
0.37116666666666664,0.6782215523737755,0.2839717526214423,0.39424979975233315,0.18832331677487693
0.37133333333333335,0.6782215523737755,0.2841857479135459,0.39403580446022957,0.18832302877286816
0.3715,0.6782215523737755,0.2843997432056495,0.393821809168126,0.18832302877286816
0.37166666666666665,0.6782215523737755,0.28461373849775307,0.3936078138760224,0.188057310240222
0.37183333333333335,0.6782215523737755,0.2848277337898566,0.39339381858391886,0.1880514603511185
0.372,0.678975131876413,0.2848277337898566,0.3941473980865564,0.18799704791703897
0.37216666666666665,0.678975131876413,0.2850417290819602,0.3939334027944528,0.1875524896427698
0.37233333333333335,0.6797287113790504,0.2850417290819602,0.39468698229709026,0.1875524896427698
0.3725,0.6797287113790504,0.28525572437406377,0.3944729870049867,0.18752956936733578
0.37266666666666665,0.6797287113790504,0.28546971966616735,0.3942589917128831,0.18752956936733578
0.37283333333333335,0.6797287113790504,0.28568371495827094,0.3940449964207795,0.18752418025211795
0.373,0.6797287113790504,0.28589771025037447,0.393831001128676,0.18729864992433876
0.37316666666666665,0.6797287113790504,0.28611170554247806,0.3936170058365724,0.18716268340412548
0.37333333333333335,0.6797287113790504,0.28632570083458164,0.3934030105444688,0.18689495853856453
0.3735,0.680482290881688,0.28632570083458164,0.39415659004710635,0.18689495853856453
0.37366666666666665,0.6812358703843255,0.28632570083458164,0.3949101695497439,0.18689495853856453
0.37383333333333335,0.6812358703843255,0.28653969612668523,0.3946961742576403,0.18681130593061443
0.374,0.6819894498869631,0.28653969612668523,0.39544975376027786,0.1866851880950998
0.37416666666666665,0.6819894498869631,0.2867536914187888,0.39523575846817427,0.1866616003978337
0.37433333333333335,0.6827430293896006,0.2867536914187888,0.3959893379708118,0.18647357803444958
0.3745,0.6827430293896006,0.28696768671089234,0.3957753426787083,0.18639320675230667
0.37466666666666665,0.6834966088922382,0.28696768671089234,0.39652892218134583,0.18639320675230667
0.37483333333333335,0.6834966088922382,0.28718168200299593,0.39631492688924225,0.18637738984096472
0.375,0.6834966088922382,0.2873956772950995,0.39610093159713866,0.18600438287274917
0.37516666666666665,0.6842501883948756,0.2873956772950995,0.3968545110997761,0.18584974358051184
0.37533333333333335,0.6842501883948756,0.2876096725872031,0.3966405158076725,0.1858318473240866
0.3755,0.6842501883948756,0.28782366787930663,0.396426520515569,0.1857622137820583
0.37566666666666665,0.6842501883948756,0.2880376631714102,0.3962125252234654,0.18568544977215554
0.37583333333333335,0.6842501883948756,0.2882516584635138,0.3959985299313618,0.18568051438539676
0.376,0.6842501883948756,0.2884656537556174,0.3957845346392582,0.18521934712399335
0.37616666666666665,0.6842501883948756,0.288679649047721,0.39557053934715464,0.18521934712399335
0.37633333333333335,0.6842501883948756,0.2888936443398245,0.3953565440550511,0.18521934712399335
0.3765,0.6850037678975132,0.2888936443398245,0.39611012355768865,0.18521531371446942
0.37666666666666665,0.6850037678975132,0.2891076396319281,0.39589612826558507,0.18515732443645894
0.37683333333333335,0.6850037678975132,0.2893216349240317,0.3956821329734815,0.18515732443645894
0.377,0.6850037678975132,0.28953563021613526,0.3954681376813779,0.18515732443645894
0.37716666666666665,0.6850037678975132,0.2897496255082388,0.39525414238927437,0.18505384307301867
0.37733333333333335,0.6857573474001507,0.2897496255082388,0.3960077218919119,0.18469894697542605
0.3775,0.6857573474001507,0.2899636208003424,0.3957937265998083,0.18465970019819197
0.37766666666666665,0.6857573474001507,0.29017761609244597,0.39557973130770474,0.18465970019819197
0.37783333333333335,0.6857573474001507,0.29039161138454955,0.39536573601560115,0.18465970019819197
0.378,0.6857573474001507,0.29060560667665314,0.39515174072349757,0.18465970019819197
0.37816666666666665,0.6857573474001507,0.29081960196875667,0.39493774543139404,0.18465970019819197
0.37833333333333335,0.6857573474001507,0.29103359726086026,0.39472375013929045,0.18458801921888518
0.3785,0.6857573474001507,0.29124759255296384,0.39450975484718687,0.18457436272186656
0.37866666666666665,0.6865109269027883,0.29124759255296384,0.3952633343498244,0.18450427309223744
0.37883333333333336,0.6865109269027883,0.2914615878450674,0.3950493390577208,0.18441275518129666
0.379,0.6872645064054258,0.2914615878450674,0.3958029185603584,0.18439311165171454
0.37916666666666665,0.6872645064054258,0.29167558313717096,0.39558892326825484,0.18432393980245046
0.37933333333333336,0.6872645064054258,0.29188957842927454,0.39537492797615126,0.18421969794813406
0.3795,0.6872645064054258,0.29210357372137813,0.39516093268404767,0.18421969794813406
0.37966666666666665,0.6880180859080633,0.29210357372137813,0.3959145121866852,0.18421969794813406
0.37983333333333336,0.6880180859080633,0.2923175690134817,0.39570051689458163,0.18421969794813406
0.38,0.6880180859080633,0.2925315643055853,0.39548652160247805,0.18421969794813406
0.38016666666666665,0.6887716654107008,0.2925315643055853,0.3962401011051155,0.18416682357453032
0.38033333333333336,0.6887716654107008,0.29274555959768883,0.39602610581301195,0.18416682357453032
0.3805,0.6895252449133383,0.29274555959768883,0.3967796853156495,0.18416682357453032
0.38066666666666665,0.6895252449133383,0.2929595548897924,0.3965656900235459,0.18416682357453032
0.38083333333333336,0.6895252449133383,0.293173550181896,0.39635169473144233,0.18416682357453032
0.381,0.6895252449133383,0.2933875454739996,0.39613769943933874,0.18416682357453032
0.38116666666666665,0.6895252449133383,0.2936015407661031,0.3959237041472352,0.18416682357453032
0.38133333333333336,0.6895252449133383,0.2938155360582067,0.3957097088551316,0.18416682357453032
0.3815,0.6895252449133383,0.2940295313503103,0.39549571356302804,0.18416682357453032
0.38166666666666665,0.6902788244159759,0.2940295313503103,0.3962492930656656,0.18416682357453032
0.38183333333333336,0.6902788244159759,0.2942435266424139,0.396035297773562,0.18416682357453032
0.382,0.6902788244159759,0.29445752193451746,0.3958213024814584,0.18413927186485635
0.38216666666666665,0.6902788244159759,0.294671517226621,0.3956073071893549,0.18413134268660084
0.38233333333333336,0.6902788244159759,0.2948855125187246,0.3953933118972513,0.18410748199851934
0.3825,0.6910324039186134,0.2948855125187246,0.39614689139988885,0.1840610934395929
0.38266666666666665,0.6910324039186134,0.29509950781082817,0.39593289610778526,0.1840539349253595
0.38283333333333336,0.6910324039186134,0.29531350310293175,0.3957189008156817,0.1839337299702689
0.383,0.6910324039186134,0.2955274983950353,0.39550490552357814,0.18391827870859198
0.38316666666666666,0.691785983421251,0.2955274983950353,0.3962584850262157,0.1838567378346716
0.38333333333333336,0.691785983421251,0.29574149368713887,0.3960444897341121,0.1838567378346716
0.3835,0.691785983421251,0.29595548897924245,0.3958304944420085,0.1838325999638323
0.38366666666666666,0.691785983421251,0.29616948427134604,0.39561649914990493,0.18372232973444994
0.38383333333333336,0.691785983421251,0.2963834795634496,0.39540250385780135,0.18372232973444994
0.384,0.691785983421251,0.29659747485555316,0.3951885085656978,0.18359910834693052
0.38416666666666666,0.691785983421251,0.29681147014765674,0.39497451327359423,0.18348987512086487
0.38433333333333336,0.6925395629238885,0.29681147014765674,0.3957280927762318,0.18348987512086487
0.3845,0.693293142426526,0.29681147014765674,0.3964816722788692,0.18320773431150963
0.38466666666666666,0.693293142426526,0.29702546543976033,0.3962676769867656,0.18320773431150963
0.38483333333333336,0.693293142426526,0.2972394607318639,0.39605368169466204,0.18320773431150963
0.385,0.693293142426526,0.2974534560239675,0.39583968640255845,0.18320773431150963
0.38516666666666666,0.693293142426526,0.29766745131607103,0.3956256911104549,0.18320773431150963
0.38533333333333336,0.693293142426526,0.2978814466081746,0.39541169581835134,0.18320773431150963
0.3855,0.693293142426526,0.2980954419002782,0.39519770052624775,0.18320773431150963
0.38566666666666666,0.693293142426526,0.2983094371923818,0.39498370523414417,0.18320773431150963
0.3858333333333333,0.6940467219291635,0.2983094371923818,0.3957372847367817,0.18320773431150963
0.386,0.6940467219291635,0.2985234324844853,0.3955232894446782,0.18320773431150963
0.38616666666666666,0.6940467219291635,0.2987374277765889,0.3953092941525746,0.18320773431150963
0.3863333333333333,0.6940467219291635,0.2989514230686925,0.395095298860471,0.18320773431150963
0.3865,0.6940467219291635,0.2991654183607961,0.3948813035683674,0.18320773431150963
0.38666666666666666,0.6940467219291635,0.29937941365289966,0.39466730827626384,0.18320773431150963
0.3868333333333333,0.6940467219291635,0.2995934089450032,0.3944533129841603,0.18320773431150963
0.387,0.6940467219291635,0.2998074042371068,0.3942393176920567,0.18320773431150963
0.38716666666666666,0.694800301431801,0.2998074042371068,0.39499289719469427,0.18320773431150963
0.3873333333333333,0.6955538809344386,0.2998074042371068,0.3957464766973318,0.18320773431150963
0.3875,0.6955538809344386,0.30002139952921036,0.39553248140522823,0.18320773431150963
0.38766666666666666,0.6963074604370761,0.30002139952921036,0.3962860609078658,0.18320773431150963
0.3878333333333333,0.6963074604370761,0.30023539482131395,0.3960720656157622,0.18320773431150963
0.388,0.6963074604370761,0.3004493901134175,0.39585807032365866,0.18320773431150963
0.38816666666666666,0.6963074604370761,0.30066338540552107,0.3956440750315551,0.18320773431150963
0.3883333333333333,0.6963074604370761,0.30087738069762465,0.3954300797394515,0.18320773431150963
0.3885,0.6963074604370761,0.30109137598972824,0.3952160844473479,0.18320773431150963
0.38866666666666666,0.6963074604370761,0.3013053712818318,0.3950020891552443,0.18320773431150963
0.3888333333333333,0.6963074604370761,0.30151936657393535,0.3947880938631408,0.18320773431150963
0.389,0.6963074604370761,0.30173336186603894,0.3945740985710372,0.18320773431150963
0.38916666666666666,0.6963074604370761,0.3019473571581425,0.3943601032789336,0.18320773431150963
0.3893333333333333,0.6963074604370761,0.3021613524502461,0.39414610798683003,0.18320773431150963
0.3895,0.6963074604370761,0.30237534774234964,0.3939321126947265,0.18320773431150963
0.38966666666666666,0.6963074604370761,0.30258934303445323,0.3937181174026229,0.18320773431150963
0.3898333333333333,0.6963074604370761,0.3028033383265568,0.3935041221105193,0.18320773431150963
0.39,0.6963074604370761,0.3030173336186604,0.39329012681841574,0.18320773431150963
0.39016666666666666,0.6963074604370761,0.303231328910764,0.39307613152631216,0.18320773431150963
0.3903333333333333,0.6963074604370761,0.3034453242028675,0.3928621362342086,0.18320773431150963
0.3905,0.6963074604370761,0.3036593194949711,0.39264814094210504,0.18320773431150963
0.39066666666666666,0.6963074604370761,0.3038733147870747,0.39243414565000145,0.18320773431150963
0.3908333333333333,0.6963074604370761,0.3040873100791783,0.39222015035789787,0.18320773431150963
0.391,0.6963074604370761,0.3043013053712818,0.39200615506579434,0.18320773431150963
0.39116666666666666,0.6963074604370761,0.3045153006633854,0.39179215977369075,0.18320773431150963
0.3913333333333333,0.6963074604370761,0.304729295955489,0.39157816448158717,0.18320773431150963
0.3915,0.6963074604370761,0.30494329124759256,0.3913641691894836,0.18320773431150963
0.39166666666666666,0.6963074604370761,0.30515728653969615,0.39115017389738,0.18320773431150963
0.3918333333333333,0.6963074604370761,0.3053712818317997,0.39093617860527646,0.18320773431150963
0.392,0.6963074604370761,0.30558527712390327,0.3907221833131729,0.18320773431150963
0.39216666666666666,0.6970610399397137,0.30558527712390327,0.3914757628158104,0.18320773431150963
0.3923333333333333,0.6970610399397137,0.30579927241600685,0.39126176752370684,0.18320773431150963
0.3925,0.6970610399397137,0.30601326770811044,0.39104777223160325,0.18320773431150963
0.39266666666666666,0.6970610399397137,0.306227263000214,0.39083377693949967,0.18320773431150963
0.3928333333333333,0.6970610399397137,0.30644125829231755,0.39061978164739614,0.18320773431150963
0.393,0.6970610399397137,0.30665525358442114,0.39040578635529255,0.18320773431150963
0.39316666666666666,0.6970610399397137,0.3068692488765247,0.39019179106318896,0.18320773431150963
0.3933333333333333,0.6970610399397137,0.3070832441686283,0.3899777957710854,0.18307333427093211
0.3935,0.6970610399397137,0.30729723946073184,0.38976380047898185,0.18304179010329014
0.39366666666666666,0.6970610399397137,0.3075112347528354,0.38954980518687826,0.18304179010329014
0.3938333333333333,0.6970610399397137,0.307725230044939,0.3893358098947747,0.18304179010329014
0.394,0.6970610399397137,0.3079392253370426,0.3891218146026711,0.18304179010329014
0.39416666666666667,0.6978146194423511,0.3079392253370426,0.3898753941053085,0.18304179010329014
0.3943333333333333,0.6978146194423511,0.3081532206291462,0.38966139881320494,0.18304179010329014
0.3945,0.6985681989449887,0.3081532206291462,0.3904149783158425,0.18304179010329014
0.39466666666666667,0.6993217784476262,0.3081532206291462,0.39116855781848003,0.18304179010329014
0.3948333333333333,0.6993217784476262,0.3083672159212497,0.3909545625263765,0.18304179010329014
0.395,0.6993217784476262,0.3085812112133533,0.3907405672342729,0.18278916105534884
0.39516666666666667,0.6993217784476262,0.3087952065054569,0.39052657194216933,0.18278516804127118
0.3953333333333333,0.6993217784476262,0.3090092017975605,0.39031257665006575,0.18276932154533437
0.3955,0.6993217784476262,0.309223197089664,0.3900985813579622,0.18261740640000138
0.39566666666666667,0.7000753579502638,0.309223197089664,0.39085216086059976,0.18242521112248056
0.3958333333333333,0.7008289374529013,0.309223197089664,0.3916057403632373,0.18227041114080436
0.396,0.7015825169555389,0.309223197089664,0.39235931986587486,0.18227041114080436
0.39616666666666667,0.7015825169555389,0.3094371923817676,0.39214532457377127,0.18227041114080436
0.3963333333333333,0.7015825169555389,0.3096511876738712,0.3919313292816677,0.18227041114080436
0.3965,0.7015825169555389,0.30986518296597476,0.3917173339895641,0.18227041114080436
0.39666666666666667,0.7015825169555389,0.31007917825807835,0.3915033386974605,0.18227041114080436
0.3968333333333333,0.7015825169555389,0.3102931735501819,0.391289343405357,0.18219847390126803
0.397,0.7023360964581763,0.3102931735501819,0.3920429229079944,0.1821735640739425
0.39716666666666667,0.7023360964581763,0.31050716884228546,0.39182892761589083,0.18212842936958643
0.3973333333333333,0.7023360964581763,0.31072116413438905,0.39161493232378725,0.18212688852150224
0.3975,0.7023360964581763,0.31093515942649264,0.39140093703168366,0.1820781024926269
0.39766666666666667,0.7023360964581763,0.31114915471859617,0.39118694173958013,0.18190255747490022
0.3978333333333333,0.7023360964581763,0.31136315001069975,0.39097294644747654,0.18190255747490022
0.398,0.7030896759608138,0.31136315001069975,0.3917265259501141,0.18190255747490022
0.39816666666666667,0.7030896759608138,0.31157714530280334,0.3915125306580105,0.18171037086047004
0.3983333333333333,0.7030896759608138,0.3117911405949069,0.3912985353659069,0.18163100631272114
0.3985,0.7030896759608138,0.3120051358870105,0.39108454007380333,0.1815020806888209
0.39866666666666667,0.7030896759608138,0.31221913117911404,0.3908705447816998,0.1813768918671785
0.3988333333333333,0.7030896759608138,0.3124331264712176,0.3906565494895962,0.1813549456909907
0.399,0.7038432554634514,0.3124331264712176,0.39141012899223376,0.18132253210548768
0.39916666666666667,0.7038432554634514,0.3126471217633212,0.3911961337001302,0.18132253210548768
0.3993333333333333,0.7038432554634514,0.3128611170554248,0.3909821384080266,0.18131254835281846
0.3995,0.7038432554634514,0.31307511234752833,0.39076814311592306,0.18129769620907582
0.39966666666666667,0.7038432554634514,0.3132891076396319,0.3905541478238195,0.18105258003700514
0.3998333333333333,0.7038432554634514,0.3135031029317355,0.3903401525317159,0.18102343106214883
0.4,0.7038432554634514,0.3137170982238391,0.3901261572396123,0.18071841267035046
0.40016666666666667,0.7038432554634514,0.31393109351594267,0.3899121619475087,0.18071841267035046
0.4003333333333333,0.7038432554634514,0.3141450888080462,0.3896981666554052,0.1807153176356226
0.4005,0.7038432554634514,0.3143590841001498,0.3894841713633016,0.1807153176356226
0.40066666666666667,0.7038432554634514,0.3145730793922534,0.389270176071198,0.1807153176356226
0.4008333333333333,0.7038432554634514,0.31478707468435696,0.38905618077909443,0.18070737292041467
0.401,0.7038432554634514,0.3150010699764605,0.3888421854869909,0.18070737292041467
0.40116666666666667,0.7038432554634514,0.3152150652685641,0.3886281901948873,0.18070737292041467
0.4013333333333333,0.7038432554634514,0.31542906056066766,0.3884141949027837,0.18070737292041467
0.4015,0.7045968349660889,0.31542906056066766,0.3891677744054213,0.18070737292041467
0.40166666666666667,0.7045968349660889,0.31564305585277125,0.3889537791133177,0.18070737292041467
0.4018333333333333,0.7045968349660889,0.31585705114487483,0.3887397838212141,0.18070737292041467
0.402,0.7053504144687265,0.31585705114487483,0.38949336332385165,0.18070737292041467
0.4021666666666667,0.706103993971364,0.31585705114487483,0.3902469428264892,0.18070737292041467
0.4023333333333333,0.706103993971364,0.31607104643697836,0.39003294753438567,0.18070737292041467
0.4025,0.7068575734740015,0.31607104643697836,0.3907865270370231,0.1806325662977477
0.4026666666666667,0.7068575734740015,0.31628504172908195,0.3905725317449195,0.1805987957346667
0.4028333333333333,0.7068575734740015,0.31649903702118554,0.39035853645281593,0.1805987957346667
0.403,0.7068575734740015,0.3167130323132891,0.39014454116071234,0.1805987957346667
0.4031666666666667,0.707611152976639,0.3167130323132891,0.3908981206633499,0.1805987957346667
0.4033333333333333,0.707611152976639,0.3169270276053927,0.3906841253712463,0.1805987957346667
0.4035,0.7083647324792766,0.3169270276053927,0.39143770487388385,0.1805987957346667
0.4036666666666667,0.7083647324792766,0.31714102289749624,0.3912237095817803,0.1805987957346667
0.4038333333333333,0.7083647324792766,0.3173550181895998,0.39100971428967674,0.1805987957346667
0.404,0.7091183119819141,0.3173550181895998,0.3917632937923143,0.1805987957346667
0.4041666666666667,0.7091183119819141,0.3175690134817034,0.3915492985002107,0.18055652181606444
0.4043333333333333,0.7091183119819141,0.317783008773807,0.3913353032081071,0.18039361135630744
0.4045,0.7091183119819141,0.3179970040659105,0.3911213079160036,0.1802864176445045
0.4046666666666667,0.7091183119819141,0.3182109993580141,0.3909073126239,0.18009602789750723
0.4048333333333333,0.7091183119819141,0.3184249946501177,0.3906933173317964,0.18009602789750723
0.405,0.7098718914845517,0.3184249946501177,0.39144689683443396,0.18009602789750723
0.4051666666666667,0.7098718914845517,0.3186389899422213,0.39123290154233037,0.18009602789750723
0.4053333333333333,0.7098718914845517,0.31885298523432487,0.3910189062502268,0.18009602789750723
0.4055,0.7098718914845517,0.3190669805264284,0.39080491095812325,0.18003962708814583
0.4056666666666667,0.7098718914845517,0.319280975818532,0.39059091566601967,0.179977195238057
0.4058333333333333,0.7098718914845517,0.3194949711106356,0.3903769203739161,0.17988118631435718
0.406,0.7098718914845517,0.31970896640273916,0.3901629250818125,0.17988118631435718
0.4061666666666667,0.7098718914845517,0.3199229616948427,0.38994892978970896,0.17988118631435718
0.4063333333333333,0.7098718914845517,0.3201369569869463,0.3897349344976054,0.1797857318845446
0.4065,0.7106254709871892,0.3201369569869463,0.3904885140002429,0.17968986500073658
0.4066666666666667,0.7106254709871892,0.32035095227904986,0.39027451870813934,0.17968590350266297
0.4068333333333333,0.7106254709871892,0.32056494757115345,0.39006052341603575,0.17968590350266297
0.407,0.7106254709871892,0.32077894286325703,0.38984652812393217,0.17949015215247377
0.4071666666666667,0.7106254709871892,0.32099293815536056,0.38963253283182864,0.1794708788268828
0.4073333333333333,0.7113790504898266,0.32099293815536056,0.3903861123344661,0.1794708788268828
0.4075,0.7113790504898266,0.32120693344746415,0.3901721170423625,0.1794708788268828
0.4076666666666667,0.7113790504898266,0.32142092873956774,0.3899581217502589,0.1794708788268828
0.4078333333333333,0.7113790504898266,0.3216349240316713,0.3897441264581553,0.1794708788268828
0.408,0.7113790504898266,0.32184891932377485,0.3895301311660518,0.17941075976400958
0.4081666666666667,0.7121326299924642,0.32184891932377485,0.39028371066868933,0.17935046904620708
0.4083333333333333,0.7121326299924642,0.32206291461587844,0.39006971537658575,0.17935046904620708
0.4085,0.7121326299924642,0.322276909907982,0.38985572008448216,0.17908255901381342
0.4086666666666667,0.7121326299924642,0.3224909052000856,0.3896417247923786,0.1790142618508253
0.4088333333333333,0.7121326299924642,0.3227049004921892,0.389427729500275,0.1790076538274668
0.409,0.7128862094951017,0.3227049004921892,0.39018130900291254,0.1790076538274668
0.4091666666666667,0.7128862094951017,0.3229188957842927,0.389967313710809,0.17894487890370844
0.4093333333333333,0.7128862094951017,0.3231328910763963,0.3897533184187054,0.17894487890370844
0.4095,0.7128862094951017,0.3233468863684999,0.38953932312660183,0.17889667963251407
0.4096666666666667,0.7128862094951017,0.3235608816606035,0.38932532783449825,0.1788672427612476
0.4098333333333333,0.7128862094951017,0.323774876952707,0.3891113325423947,0.17881145183929636
0.41,0.7128862094951017,0.3239888722448106,0.38889733725029113,0.17870855566121127
0.4101666666666667,0.7128862094951017,0.3242028675369142,0.38868334195818754,0.17870855566121127
0.4103333333333333,0.7136397889977393,0.3242028675369142,0.3894369214608251,0.17870855566121127
0.4105,0.7136397889977393,0.32441686282901777,0.3892229261687215,0.17870855566121127
0.4106666666666667,0.7136397889977393,0.32463085812112136,0.3890089308766179,0.17859490660473676
0.41083333333333333,0.7136397889977393,0.3248448534132249,0.3887949355845144,0.17859490660473676
0.411,0.7136397889977393,0.3250588487053285,0.3885809402924108,0.17855644740583265
0.4111666666666667,0.7136397889977393,0.32527284399743206,0.3883669450003072,0.17846055430730412
0.41133333333333333,0.7136397889977393,0.32548683928953565,0.38815294970820363,0.1784122325842004
0.4115,0.7136397889977393,0.32570083458163923,0.38793895441610005,0.17838393252169746
0.4116666666666667,0.7136397889977393,0.32591482987374276,0.3877249591239965,0.17832121234591253
0.41183333333333333,0.7136397889977393,0.32612882516584635,0.38751096383189293,0.17829197683842288
0.412,0.7143933685003768,0.32612882516584635,0.3882645433345305,0.17826014668884801
0.4121666666666667,0.7143933685003768,0.32634282045794993,0.3880505480424269,0.1782562261457165
0.41233333333333333,0.7151469480030144,0.32634282045794993,0.38880412754506444,0.1781030440782386
0.4125,0.7151469480030144,0.3265568157500535,0.38859013225296085,0.17788648247303337
0.4126666666666667,0.7151469480030144,0.32677081104215705,0.3883761369608573,0.17772530140757584
0.41283333333333333,0.7151469480030144,0.32698480633426064,0.38816214166875374,0.17764976273415548
0.413,0.7151469480030144,0.3271988016263642,0.38794814637665015,0.17756985613875198
0.4131666666666667,0.7159005275056518,0.3271988016263642,0.3887017258792876,0.17755157858237292
0.41333333333333333,0.7159005275056518,0.3274127969184678,0.388487730587184,0.17755157858237292
0.4135,0.7159005275056518,0.3276267922105714,0.3882737352950804,0.17755157858237292
0.4136666666666667,0.7159005275056518,0.3278407875026749,0.3880597400029769,0.17755157858237292
0.41383333333333333,0.7166541070082894,0.3278407875026749,0.38881331950561443,0.17755157858237292
0.414,0.7166541070082894,0.3280547827947785,0.38859932421351084,0.17755157858237292
0.4141666666666667,0.7166541070082894,0.3282687780868821,0.38838532892140726,0.17755157858237292
0.41433333333333333,0.7174076865109269,0.3282687780868821,0.3891389084240448,0.17755157858237292
0.4145,0.7181612660135644,0.3282687780868821,0.38989248792668235,0.17755157858237292
0.4146666666666667,0.7181612660135644,0.3284827733789857,0.38967849263457877,0.17755157858237292
0.41483333333333333,0.718914845516202,0.3284827733789857,0.3904320721372163,0.17755157858237292
0.415,0.7196684250188395,0.3284827733789857,0.39118565163985386,0.17755157858237292
0.4151666666666667,0.7196684250188395,0.3286967686710892,0.39097165634775033,0.17755157858237292
0.41533333333333333,0.7196684250188395,0.3289107639631928,0.39075766105564674,0.17755157858237292
0.4155,0.7196684250188395,0.3291247592552964,0.39054366576354316,0.17755157858237292
0.4156666666666667,0.720422004521477,0.3291247592552964,0.3912972452661806,0.17755157858237292
0.41583333333333333,0.720422004521477,0.32933875454739997,0.391083249974077,0.17755157858237292
0.416,0.720422004521477,0.32955274983950356,0.3908692546819734,0.17755157858237292
0.4161666666666667,0.720422004521477,0.3297667451316071,0.3906552593898699,0.17755157858237292
0.41633333333333333,0.7211755840241145,0.3297667451316071,0.39140883889250744,0.17755157858237292
0.4165,0.7211755840241145,0.3299807404237107,0.39119484360040385,0.17755157858237292
0.4166666666666667,0.7211755840241145,0.33019473571581426,0.39098084830830027,0.17755157858237292
0.41683333333333333,0.7211755840241145,0.33040873100791784,0.3907668530161967,0.17743533030682002
0.417,0.7219291635267521,0.33040873100791784,0.3915204325188342,0.1773204676052343
0.4171666666666667,0.7219291635267521,0.3306227263000214,0.3913064372267307,0.17714728050125722
0.41733333333333333,0.7219291635267521,0.33083672159212496,0.3910924419346271,0.1771261683179622
0.4175,0.7219291635267521,0.33105071688422855,0.3908784466425235,0.17699727895804296
0.4176666666666667,0.7219291635267521,0.33126471217633213,0.39066445135041994,0.17688103891819984
0.41783333333333333,0.7219291635267521,0.3314787074684357,0.39045045605831635,0.17686238310716365
0.418,0.7226827430293896,0.3314787074684357,0.3912040355609539,0.17677579188383602
0.4181666666666667,0.7226827430293896,0.33169270276053925,0.39099004026885037,0.17664126648818276
0.41833333333333333,0.7226827430293896,0.33190669805264283,0.3907760449767468,0.17664126648818276
0.4185,0.7226827430293896,0.3321206933447464,0.3905620496846432,0.17664126648818276
0.4186666666666667,0.7226827430293896,0.33233468863685,0.3903480543925396,0.17664126648818276
0.41883333333333334,0.7226827430293896,0.33254868392895354,0.3901340591004361,0.17644850215419047
0.419,0.7226827430293896,0.3327626792210571,0.3899200638083325,0.17625055121312433
0.4191666666666667,0.7234363225320272,0.3327626792210571,0.39067364331097004,0.17625055121312433
0.41933333333333334,0.7234363225320272,0.3329766745131607,0.39045964801886646,0.17624848551483768
0.4195,0.7234363225320272,0.3331906698052643,0.39024565272676287,0.17617347315794332
0.4196666666666667,0.7234363225320272,0.3334046650973679,0.3900316574346593,0.17612527424576702
0.41983333333333334,0.7234363225320272,0.3336186603894714,0.38981766214255575,0.17602994138889638
0.42,0.7234363225320272,0.333832655681575,0.38960366685045217,0.17602994138889638
0.4201666666666667,0.7241899020346647,0.333832655681575,0.3903572463530897,0.17599651364525284
0.42033333333333334,0.7241899020346647,0.3340466509736786,0.39014325106098613,0.17599651364525284
0.4205,0.7241899020346647,0.33426064626578217,0.38992925576888254,0.1759955049952529
0.4206666666666667,0.7249434815373021,0.33426064626578217,0.39068283527152,0.1759955049952529
0.42083333333333334,0.7249434815373021,0.3344746415578857,0.39046883997941645,0.1759380539190686
0.421,0.7249434815373021,0.3346886368499893,0.39025484468731286,0.1758824021800421
0.4211666666666667,0.7249434815373021,0.33490263214209287,0.3900408493952093,0.17585287684420717
0.42133333333333334,0.7249434815373021,0.33511662743419646,0.3898268541031057,0.17573560232653462
0.4215,0.7256970610399397,0.33511662743419646,0.39058043360574324,0.17568419871682725
0.4216666666666667,0.7256970610399397,0.33533062272630004,0.39036643831363965,0.17557028984435025
0.42183333333333334,0.7256970610399397,0.3355446180184036,0.3901524430215361,0.17557028984435025
0.422,0.7256970610399397,0.33575861331050716,0.38993844772943254,0.17545233954289188
0.4221666666666667,0.7256970610399397,0.33597260860261074,0.38972445243732895,0.17538050801193195
0.42233333333333334,0.7256970610399397,0.33618660389471433,0.38951045714522536,0.17538050801193195
0.4225,0.7264506405425772,0.33618660389471433,0.3902640366478629,0.17534601170309494
0.4226666666666667,0.7264506405425772,0.3364005991868179,0.3900500413557593,0.1753236867181263
0.42283333333333334,0.7264506405425772,0.33661459447892145,0.3898360460636558,0.1752660929186912
0.423,0.7264506405425772,0.33682858977102503,0.3896220507715522,0.17524831570818242
0.4231666666666667,0.7272042200452148,0.33682858977102503,0.39037563027418976,0.1750637389908551
0.42333333333333334,0.7272042200452148,0.3370425850631286,0.39016163498208617,0.1750637389908551
0.4235,0.7279577995478523,0.3370425850631286,0.3909152144847237,0.1750637389908551
0.4236666666666667,0.7287113790504898,0.3370425850631286,0.39166879398736115,0.17492384959998344
0.42383333333333334,0.7287113790504898,0.3372565803552322,0.39145479869525757,0.17484875579574863
0.424,0.7287113790504898,0.33747057564733574,0.39124080340315404,0.17483344563383063
0.4241666666666667,0.7287113790504898,0.3376845709394393,0.39102680811105045,0.17482181867445368
0.42433333333333334,0.7287113790504898,0.3378985662315429,0.39081281281894686,0.17477547535723972
0.4245,0.7287113790504898,0.3381125615236465,0.3905988175268433,0.1747441481864117
0.4246666666666667,0.7287113790504898,0.3383265568157501,0.3903848222347397,0.17471177183084638
0.42483333333333334,0.7287113790504898,0.3385405521078536,0.39017082694263616,0.17462513504170096
0.425,0.7287113790504898,0.3387545473999572,0.3899568316505326,0.17457159529039817
0.4251666666666667,0.7287113790504898,0.3389685426920608,0.389742836358429,0.17457159529039817
0.42533333333333334,0.7287113790504898,0.33918253798416437,0.3895288410663254,0.17457159529039817
0.4255,0.7287113790504898,0.3393965332762679,0.3893148457742219,0.17457159529039817
0.4256666666666667,0.7287113790504898,0.3396105285683715,0.3891008504821183,0.17457159529039817
0.42583333333333334,0.7287113790504898,0.33982452386047507,0.3888868551900147,0.17454290105542603
0.426,0.7294649585531273,0.33982452386047507,0.38964043469265225,0.17454290105542603
0.4261666666666667,0.7294649585531273,0.34003851915257866,0.38942643940054866,0.17450858633553332
0.42633333333333334,0.7294649585531273,0.34025251444468224,0.3892124441084451,0.17450858633553332
0.4265,0.7294649585531273,0.34046650973678577,0.38899844881634155,0.17447446799355734
0.4266666666666667,0.7294649585531273,0.34068050502888936,0.38878445352423796,0.174468099373164
0.42683333333333334,0.7294649585531273,0.34089450032099294,0.3885704582321344,0.174468099373164
0.427,0.7294649585531273,0.34110849561309653,0.3883564629400308,0.174468099373164
0.42716666666666664,0.7294649585531273,0.34132249090520006,0.38814246764792726,0.174468099373164
0.42733333333333334,0.7302185380557649,0.34132249090520006,0.3888960471505648,0.174468099373164
0.4275,0.7302185380557649,0.34153648619730365,0.3886820518584612,0.174468099373164
0.42766666666666664,0.7302185380557649,0.34175048148940723,0.38846805656635763,0.174468099373164
0.42783333333333334,0.7302185380557649,0.3419644767815108,0.38825406127425405,0.174468099373164
0.428,0.7302185380557649,0.3421784720736144,0.38804006598215046,0.174468099373164
0.42816666666666664,0.7302185380557649,0.34239246736571793,0.38782607069004693,0.174468099373164
0.42833333333333334,0.7302185380557649,0.3426064626578215,0.38761207539794335,0.174468099373164
0.4285,0.7302185380557649,0.3428204579499251,0.38739808010583976,0.174468099373164
0.42866666666666664,0.7302185380557649,0.3430344532420287,0.3871840848137362,0.174468099373164
0.42883333333333334,0.7302185380557649,0.3432484485341322,0.38697008952163264,0.174468099373164
0.429,0.7302185380557649,0.3434624438262358,0.38675609422952906,0.174468099373164
0.42916666666666664,0.7302185380557649,0.3436764391183394,0.38654209893742547,0.174468099373164
0.42933333333333334,0.7302185380557649,0.343890434410443,0.3863281036453219,0.174468099373164
0.4295,0.7302185380557649,0.34410442970254657,0.3861141083532183,0.174468099373164
0.42966666666666664,0.7302185380557649,0.3443184249946501,0.38590011306111477,0.174468099373164
0.42983333333333335,0.7302185380557649,0.3445324202867537,0.3856861177690112,0.174468099373164
0.43,0.7302185380557649,0.34474641557885727,0.3854721224769076,0.174468099373164
0.43016666666666664,0.7302185380557649,0.34496041087096085,0.385258127184804,0.17417070560404116
0.43033333333333335,0.7302185380557649,0.34517440616306444,0.3850441318927004,0.1741546508788893
0.4305,0.7309721175584024,0.34517440616306444,0.38579771139533797,0.1741546508788893
0.43066666666666664,0.7309721175584024,0.34538840145516797,0.38558371610323444,0.1741500378144171
0.43083333333333335,0.7309721175584024,0.34560239674727156,0.38536972081113086,0.1741500378144171
0.431,0.7309721175584024,0.34581639203937514,0.38515572551902727,0.1741500378144171
0.43116666666666664,0.7309721175584024,0.34603038733147873,0.3849417302269237,0.1741500378144171
0.43133333333333335,0.7309721175584024,0.34624438262358226,0.38472773493482015,0.1741500378144171
0.4315,0.7309721175584024,0.34645837791568584,0.38451373964271657,0.1741500378144171
0.43166666666666664,0.73172569706104,0.34645837791568584,0.3852673191453541,0.1741500378144171
0.43183333333333335,0.73172569706104,0.34667237320778943,0.38505332385325053,0.1741500378144171
0.432,0.73172569706104,0.346886368499893,0.38483932856114694,0.1741500378144171
0.43216666666666664,0.73172569706104,0.3471003637919966,0.38462533326904336,0.1741500378144171
0.43233333333333335,0.73172569706104,0.34731435908410013,0.3844113379769398,0.17406663729715435
0.4325,0.73172569706104,0.3475283543762037,0.38419734268483624,0.17406663729715435
0.43266666666666664,0.73172569706104,0.3477423496683073,0.38398334739273265,0.17386493550694995
0.43283333333333335,0.73172569706104,0.3479563449604109,0.38376935210062907,0.1732767399620998
0.433,0.73172569706104,0.3481703402525144,0.38355535680852554,0.17302800351820039
0.43316666666666664,0.73172569706104,0.348384335544618,0.38334136151642195,0.17302800351820039
0.43333333333333335,0.73172569706104,0.3485983308367216,0.38312736622431837,0.17302800351820039
0.4335,0.7324792765636775,0.3485983308367216,0.3838809457269559,0.17302800351820039
0.43366666666666664,0.7324792765636775,0.3488123261288252,0.3836669504348523,0.17302800351820039
0.43383333333333335,0.7332328560663149,0.3488123261288252,0.38442052993748976,0.17302800351820039
0.434,0.7332328560663149,0.34902632142092876,0.3842065346453862,0.17302800351820039
0.43416666666666665,0.7332328560663149,0.3492403167130323,0.38399253935328265,0.17302800351820039
0.43433333333333335,0.7332328560663149,0.3494543120051359,0.38377854406117906,0.17302800351820039
0.4345,0.7332328560663149,0.34966830729723947,0.3835645487690755,0.17302800351820039
0.43466666666666665,0.7339864355689525,0.34966830729723947,0.384318128271713,0.17302800351820039
0.43483333333333335,0.7339864355689525,0.34988230258934305,0.38410413297960944,0.17302800351820039
0.435,0.7339864355689525,0.3500962978814466,0.3838901376875059,0.17302800351820039
0.43516666666666665,0.7339864355689525,0.35031029317355017,0.3836761423954023,0.17302800351820039
0.43533333333333335,0.73474001507159,0.35031029317355017,0.38442972189803987,0.17302800351820039
0.4355,0.7354935945742276,0.35031029317355017,0.3851833014006774,0.17302800351820039
0.43566666666666665,0.7354935945742276,0.35052428846565375,0.3849693061085738,0.17302800351820039
0.43583333333333335,0.7354935945742276,0.35073828375775734,0.38475531081647024,0.17301308735767362
0.436,0.7354935945742276,0.3509522790498609,0.38454131552436666,0.1729973916712139
0.43616666666666665,0.7354935945742276,0.35116627434196446,0.3843273202322631,0.17297743958579845
0.43633333333333335,0.7354935945742276,0.35138026963406804,0.38411332494015954,0.17286719622773405
0.4365,0.7354935945742276,0.35159426492617163,0.38389932964805595,0.17283075293102912
0.43666666666666665,0.7354935945742276,0.3518082602182752,0.38368533435595237,0.17283075293102912
0.43683333333333335,0.7354935945742276,0.35202225551037875,0.38347133906384884,0.17283075293102912
0.437,0.7354935945742276,0.35223625080248233,0.38325734377174525,0.1728029602220025
0.43716666666666665,0.7362471740768651,0.35223625080248233,0.3840109232743828,0.17276257138253023
0.43733333333333335,0.7362471740768651,0.3524502460945859,0.3837969279822792,0.1724495559592717
0.4375,0.7362471740768651,0.3526642413866895,0.3835829326901756,0.17243854580200782
0.43766666666666665,0.7362471740768651,0.3528782366787931,0.38336893739807204,0.17237391675745733
0.43783333333333335,0.7362471740768651,0.3530922319708966,0.3831549421059685,0.17232230089226122
0.438,0.7370007535795027,0.3530922319708966,0.38390852160860606,0.17232230089226122
0.43816666666666665,0.7370007535795027,0.3533062272630002,0.38369452631650247,0.17226642070671924
0.43833333333333335,0.7370007535795027,0.3535202225551038,0.3834805310243989,0.17221575021735128
0.4385,0.7370007535795027,0.3537342178472074,0.3832665357322953,0.1722014288990435
0.43866666666666665,0.7370007535795027,0.3539482131393109,0.38305254044019177,0.1722014288990435
0.43883333333333335,0.7377543330821401,0.3539482131393109,0.3838061199428292,0.1722014288990435
0.439,0.7377543330821401,0.3541622084314145,0.3835921246507256,0.1722014288990435
0.43916666666666665,0.7385079125847777,0.3541622084314145,0.38434570415336317,0.1722014288990435
0.43933333333333335,0.7385079125847777,0.3543762037235181,0.3841317088612596,0.1722014288990435
0.4395,0.7385079125847777,0.35459019901562167,0.383917713569156,0.1722014288990435
0.43966666666666665,0.7385079125847777,0.35480419430772525,0.3837037182770524,0.1722014288990435
0.43983333333333335,0.7385079125847777,0.3550181895998288,0.3834897229849489,0.1722014288990435
0.44,0.7385079125847777,0.35523218489193237,0.3832757276928453,0.1722014288990435
0.44016666666666665,0.7385079125847777,0.35544618018403595,0.3830617324007417,0.1722014288990435
0.44033333333333335,0.7385079125847777,0.35566017547613954,0.3828477371086381,0.1722014288990435
0.4405,0.7385079125847777,0.3558741707682431,0.38263374181653453,0.17209633427089568
0.44066666666666665,0.7385079125847777,0.35608816606034666,0.382419746524431,0.17209633427089568
0.44083333333333335,0.7392614920874152,0.35608816606034666,0.38317332602706855,0.17209633427089568
0.441,0.7392614920874152,0.35630216135245024,0.38295933073496496,0.1720161565897464
0.44116666666666665,0.7392614920874152,0.3565161566445538,0.3827453354428614,0.1720161565897464
0.44133333333333336,0.7392614920874152,0.3567301519366574,0.3825313401507578,0.17201083338618486
0.4415,0.7392614920874152,0.35694414722876094,0.38231734485865426,0.17198663666868105
0.44166666666666665,0.7392614920874152,0.35715814252086453,0.3821033495665507,0.1719438803410812
0.44183333333333336,0.7392614920874152,0.3573721378129681,0.3818893542744471,0.1719438803410812
0.442,0.7392614920874152,0.3575861331050717,0.3816753589823435,0.17186546109569711
0.44216666666666665,0.7392614920874152,0.3578001283971753,0.3814613636902399,0.17172736423010648
0.44233333333333336,0.7392614920874152,0.3580141236892788,0.3812473683981364,0.1716194566021472
0.4425,0.7392614920874152,0.3582281189813824,0.3810333731060328,0.1715886420632845
0.44266666666666665,0.7400150715900528,0.3582281189813824,0.38178695260867035,0.1715415857491802
0.44283333333333336,0.7407686510926903,0.3582281189813824,0.3825405321113079,0.17152581198647399
0.443,0.7407686510926903,0.358442114273486,0.3823265368192043,0.17147224017405907
0.44316666666666665,0.7415222305953278,0.358442114273486,0.38308011632184186,0.17147224017405907
0.44333333333333336,0.7415222305953278,0.3586561095655896,0.38286612102973827,0.17147224017405907
0.4435,0.7415222305953278,0.3588701048576931,0.38265212573763474,0.17147224017405907
0.44366666666666665,0.7415222305953278,0.3590841001497967,0.38243813044553115,0.17147224017405907
0.44383333333333336,0.7415222305953278,0.3592980954419003,0.38222413515342757,0.17147224017405907
0.444,0.7415222305953278,0.35951209073400386,0.382010139861324,0.17147224017405907
0.44416666666666665,0.7415222305953278,0.35972608602610745,0.3817961445692204,0.17147224017405907
0.44433333333333336,0.7422758100979653,0.35972608602610745,0.38254972407185783,0.17147224017405907
0.4445,0.7422758100979653,0.359940081318211,0.3823357287797543,0.17147224017405907
0.44466666666666665,0.7422758100979653,0.36015407661031457,0.3821217334876507,0.17147224017405907
0.44483333333333336,0.7430293896006028,0.36015407661031457,0.38287531299028826,0.17147224017405907
0.445,0.7430293896006028,0.36036807190241815,0.3826613176981847,0.17147224017405907
0.44516666666666665,0.7430293896006028,0.36058206719452174,0.3824473224060811,0.1714449489084625
0.44533333333333336,0.7430293896006028,0.36079606248662527,0.38223332711397756,0.17136303247037324
0.4455,0.7430293896006028,0.36101005777872885,0.382019331821874,0.17134163364617616
0.44566666666666666,0.7430293896006028,0.36122405307083244,0.3818053365297704,0.1713317229226983
0.44583333333333336,0.7430293896006028,0.361438048362936,0.3815913412376668,0.17122045590871646
0.446,0.7437829691032404,0.361438048362936,0.38234492074030435,0.17122045590871646
0.44616666666666666,0.7445365486058779,0.361438048362936,0.3830985002429419,0.17120042096110247
0.44633333333333336,0.7445365486058779,0.3616520436550396,0.3828845049508383,0.17120042096110247
0.4465,0.7445365486058779,0.36186603894714314,0.3826705096587348,0.17120042096110247
0.44666666666666666,0.7445365486058779,0.36208003423924673,0.3824565143666312,0.17119392838871234
0.44683333333333336,0.7445365486058779,0.3622940295313503,0.3822425190745276,0.17119392838871234
0.447,0.7452901281085155,0.3622940295313503,0.38299609857716516,0.17119392838871234
0.44716666666666666,0.7452901281085155,0.3625080248234539,0.38278210328506157,0.17116677401768854
0.44733333333333336,0.746043707611153,0.3625080248234539,0.3835356827876991,0.1711656365830314
0.4475,0.746043707611153,0.36272202011555743,0.3833216874955956,0.1711656365830314
0.44766666666666666,0.746043707611153,0.362936015407661,0.383107692203492,0.1711321828415339
0.44783333333333336,0.746043707611153,0.3631500106997646,0.3828936969113884,0.1711281120053397
0.448,0.746043707611153,0.3633640059918682,0.38267970161928483,0.1709140531358711
0.44816666666666666,0.7467972871137905,0.3633640059918682,0.38343328112192226,0.17091388126483842
0.4483333333333333,0.7467972871137905,0.3635780012839718,0.3832192858298187,0.17059071289304265
0.4485,0.7467972871137905,0.3637919965760753,0.38300529053771515,0.17037943123730423
0.44866666666666666,0.7467972871137905,0.3640059918681789,0.38279129524561156,0.17018594602881112
0.4488333333333333,0.7467972871137905,0.3642199871602825,0.382577299953508,0.17012649102370092
0.449,0.747550866616428,0.3642199871602825,0.3833308794561455,0.17012649102370092
0.44916666666666666,0.747550866616428,0.36443398245238606,0.38311688416404194,0.17012649102370092
0.4493333333333333,0.747550866616428,0.36464797774448965,0.38290288887193835,0.17012649102370092
0.4495,0.747550866616428,0.3648619730365932,0.3826888935798348,0.17012649102370092
0.44966666666666666,0.747550866616428,0.36507596832869676,0.38247489828773124,0.17009865591580292
0.4498333333333333,0.747550866616428,0.36528996362080035,0.38226090299562765,0.16996026574926226
0.45,0.747550866616428,0.36550395891290394,0.38204690770352406,0.16990874411548323
0.45016666666666666,0.747550866616428,0.36571795420500747,0.38183291241142053,0.16979530722019195
0.4503333333333333,0.747550866616428,0.36593194949711105,0.38161891711931695,0.1697591375485696
0.4505,0.747550866616428,0.36614594478921464,0.38140492182721336,0.1697591375485696
0.45066666666666666,0.747550866616428,0.3663599400813182,0.3811909265351098,0.16973619617676308
0.4508333333333333,0.747550866616428,0.3665739353734218,0.3809769312430062,0.16968133679331127
0.451,0.747550866616428,0.36678793066552534,0.38076293595090266,0.16968133679331127
0.45116666666666666,0.747550866616428,0.3670019259576289,0.3805489406587991,0.16968133679331127
0.4513333333333333,0.747550866616428,0.3672159212497325,0.3803349453666955,0.1695767928278037
0.4515,0.747550866616428,0.3674299165418361,0.3801209500745919,0.16954034880683372
0.45166666666666666,0.747550866616428,0.36764391183393963,0.37990695478248837,0.16931288014520346
0.4518333333333333,0.747550866616428,0.3678579071260432,0.3796929594903848,0.16923075478382726
0.452,0.747550866616428,0.3680719024181468,0.3794789641982812,0.16921880997530253
0.45216666666666666,0.7483044461190655,0.3680719024181468,0.38023254370091875,0.1692062895172493
0.4523333333333333,0.7483044461190655,0.3682858977102504,0.38001854840881516,0.1692062895172493
0.4525,0.7483044461190655,0.368499893002354,0.3798045531167116,0.1691946732009439
0.45266666666666666,0.7483044461190655,0.3687138882944575,0.37959055782460804,0.16913679243195215
0.4528333333333333,0.7483044461190655,0.3689278835865611,0.37937656253250446,0.1690813039765565
0.453,0.7483044461190655,0.3691418788786647,0.37916256724040087,0.1690813039765565
0.45316666666666666,0.7483044461190655,0.36935587417076826,0.3789485719482973,0.16907197348720998
0.4533333333333333,0.7483044461190655,0.3695698694628718,0.37873457665619376,0.16907197348720998
0.4535,0.7490580256217031,0.3695698694628718,0.3794881561588313,0.16907197348720998
0.45366666666666666,0.7498116051243406,0.3695698694628718,0.38024173566146885,0.16907197348720998
0.4538333333333333,0.7498116051243406,0.3697838647549754,0.38002774036936526,0.16907197348720998
0.454,0.7498116051243406,0.36999786004707896,0.3798137450772617,0.16907197348720998
0.45416666666666666,0.7498116051243406,0.37021185533918255,0.3795997497851581,0.16907197348720998
0.4543333333333333,0.7498116051243406,0.37042585063128614,0.3793857544930545,0.16907197348720998
0.4545,0.7498116051243406,0.37063984592338967,0.379171759200951,0.16907197348720998
0.45466666666666666,0.7498116051243406,0.37085384121549325,0.3789577639088474,0.168998335427872
0.4548333333333333,0.7498116051243406,0.37106783650759684,0.3787437686167438,0.168998335427872
0.455,0.7498116051243406,0.3712818317997004,0.3785297733246402,0.16890582807969817
0.45516666666666666,0.7498116051243406,0.37149582709180395,0.3783157780325367,0.16872420007075503
0.4553333333333333,0.7505651846269782,0.37149582709180395,0.37906935753517423,0.16872420007075503
0.4555,0.7505651846269782,0.37170982238390754,0.37885536224307065,0.16872420007075503
0.45566666666666666,0.7513187641296156,0.37170982238390754,0.3796089417457081,0.16872420007075503
0.4558333333333333,0.7513187641296156,0.3719238176760111,0.3793949464536045,0.16872420007075503
0.456,0.7513187641296156,0.3721378129681147,0.3791809511615009,0.16872420007075503
0.45616666666666666,0.7513187641296156,0.3723518082602183,0.3789669558693973,0.16872420007075503
0.4563333333333333,0.7513187641296156,0.37256580355232183,0.3787529605772938,0.16872420007075503
0.4565,0.7520723436322532,0.37256580355232183,0.37950654007993134,0.16872420007075503
0.45666666666666667,0.7520723436322532,0.3727797988444254,0.37929254478782776,0.16872420007075503
0.4568333333333333,0.7520723436322532,0.372993794136529,0.37907854949572417,0.16872420007075503
0.457,0.7520723436322532,0.3732077894286326,0.3788645542036206,0.16872420007075503
0.45716666666666667,0.7520723436322532,0.3734217847207361,0.37865055891151705,0.16872420007075503
0.4573333333333333,0.7520723436322532,0.3736357800128397,0.37843656361941347,0.16872420007075503
0.4575,0.7520723436322532,0.3738497753049433,0.3782225683273099,0.16872420007075503
0.45766666666666667,0.7520723436322532,0.3740637705970469,0.3780085730352063,0.16872420007075503
0.4578333333333333,0.7528259231348907,0.3740637705970469,0.37876215253784384,0.16867366926167407
0.458,0.7528259231348907,0.37427776588915046,0.37854815724574026,0.16859193362579103
0.45816666666666667,0.7528259231348907,0.374491761181254,0.3783341619536367,0.16859193362579103
0.4583333333333333,0.7528259231348907,0.3747057564733576,0.37812016666153314,0.16857076000308457
0.4585,0.7535795026375283,0.3747057564733576,0.3788737461641707,0.16829114738293713
0.45866666666666667,0.7543330821401658,0.3747057564733576,0.37962732566680824,0.16824446894575829
0.4588333333333333,0.7543330821401658,0.37491975176546116,0.37941333037470465,0.16815692140826488
0.459,0.7543330821401658,0.37513374705756475,0.37919933508260106,0.16815692140826488
0.45916666666666667,0.7543330821401658,0.37534774234966833,0.3789853397904975,0.16815692140826488
0.4593333333333333,0.7543330821401658,0.37556173764177186,0.37877134449839395,0.16815692140826488
0.4595,0.7543330821401658,0.37577573293387545,0.37855734920629036,0.16815692140826488
0.45966666666666667,0.7543330821401658,0.37598972822597904,0.3783433539141868,0.16815692140826488
0.4598333333333333,0.7543330821401658,0.3762037235180826,0.3781293586220832,0.16815692140826488
0.46,0.7543330821401658,0.37641771881018615,0.37791536332997966,0.16815692140826488
0.46016666666666667,0.7543330821401658,0.37663171410228974,0.3777013680378761,0.16815692140826488
0.4603333333333333,0.7543330821401658,0.3768457093943933,0.3774873727457725,0.16815692140826488
0.4605,0.7543330821401658,0.3770597046864969,0.3772733774536689,0.16815692140826488
0.46066666666666667,0.7543330821401658,0.3772736999786005,0.3770593821615653,0.16815692140826488
0.4608333333333333,0.7543330821401658,0.377487695270704,0.3768453868694618,0.16815692140826488
0.461,0.7543330821401658,0.3777016905628076,0.3766313915773582,0.16815692140826488
0.46116666666666667,0.7543330821401658,0.3779156858549112,0.3764173962852546,0.16815692140826488
0.4613333333333333,0.7543330821401658,0.3781296811470148,0.376203400993151,0.16815692140826488
0.4615,0.7550866616428034,0.3781296811470148,0.3769569804957886,0.16815351874908704
0.46166666666666667,0.7550866616428034,0.3783436764391183,0.37674298520368504,0.16814421186554795
0.4618333333333333,0.7550866616428034,0.3785576717312219,0.37652898991158146,0.16808557675773825
0.462,0.7550866616428034,0.3787716670233255,0.37631499461947787,0.16807173479481824
0.46216666666666667,0.7550866616428034,0.3789856623154291,0.3761009993273743,0.16807173479481824
0.4623333333333333,0.7550866616428034,0.37919965760753266,0.3758870040352707,0.16806177358172958
0.4625,0.7550866616428034,0.3794136528996362,0.37567300874316717,0.16806177358172958
0.46266666666666667,0.7558402411454408,0.3794136528996362,0.3764265882458046,0.16806177358172958
0.4628333333333333,0.7558402411454408,0.3796276481917398,0.376212592953701,0.16806177358172958
0.463,0.7565938206480783,0.3796276481917398,0.37696617245633857,0.16806063605590163
0.46316666666666667,0.7565938206480783,0.37984164348384336,0.376752177164235,0.16804991806666325
0.4633333333333333,0.7565938206480783,0.38005563877594695,0.3765381818721314,0.16801924059696563
0.4635,0.7565938206480783,0.3802696340680505,0.37632418658002786,0.1679935946248362
0.46366666666666667,0.7565938206480783,0.38048362936015406,0.3761101912879243,0.1679935946248362
0.4638333333333333,0.7565938206480783,0.38069762465225765,0.3758961959958207,0.1679935946248362
0.464,0.7565938206480783,0.38091161994436123,0.3756822007037171,0.1679935946248362
0.46416666666666667,0.7565938206480783,0.3811256152364648,0.3754682054116135,0.1679935946248362
0.4643333333333333,0.7565938206480783,0.38133961052856835,0.37525421011951,0.1679833382767389
0.4645,0.7573474001507159,0.38133961052856835,0.37600778962214754,0.16786435291623752
0.4646666666666667,0.7573474001507159,0.38155360582067194,0.37579379433004395,0.16782206167200547
0.4648333333333333,0.7581009796533534,0.38155360582067194,0.3765473738326815,0.1677907879762609
0.465,0.7581009796533534,0.3817676011127755,0.3763333785405779,0.16774810051714376
0.4651666666666667,0.7581009796533534,0.3819815964048791,0.3761193832484743,0.16774591665840258
0.4653333333333333,0.758854559155991,0.3819815964048791,0.3768729627511119,0.16774591665840258
0.4655,0.758854559155991,0.38219559169698264,0.37665896745900834,0.16774591665840258
0.4656666666666667,0.758854559155991,0.3824095869890862,0.37644497216690476,0.16774591665840258
0.4658333333333333,0.758854559155991,0.3826235822811898,0.37623097687480117,0.16774591665840258
0.466,0.7596081386586285,0.3826235822811898,0.3769845563774387,0.1676387425644129
0.4661666666666667,0.7596081386586285,0.3828375775732934,0.37677056108533513,0.1676387425644129
0.4663333333333333,0.7596081386586285,0.383051572865397,0.37655656579323155,0.1676387425644129
0.4665,0.7596081386586285,0.3832655681575005,0.376342570501128,0.1676387425644129
0.4666666666666667,0.7596081386586285,0.3834795634496041,0.37612857520902443,0.16761000671759607
0.4668333333333333,0.7596081386586285,0.3836935587417077,0.37591457991692084,0.16761000671759607
0.467,0.7596081386586285,0.38390755403381127,0.37570058462481726,0.16758376545597728
0.4671666666666667,0.7596081386586285,0.38412154932591486,0.37548658933271367,0.16758376545597728
0.4673333333333333,0.7596081386586285,0.3843355446180184,0.37527259404061014,0.16757001768894092
0.4675,0.760361718161266,0.3843355446180184,0.3760261735432476,0.16753136955862702
0.4676666666666667,0.760361718161266,0.384549539910122,0.375812178251144,0.16753136955862702
0.4678333333333333,0.7611152976639035,0.384549539910122,0.37656575775378154,0.16752601356039792
0.468,0.7618688771665411,0.384549539910122,0.3773193372564191,0.16745873557608118
0.4681666666666667,0.7626224566691786,0.384549539910122,0.37807291675905663,0.16745084685035233
0.4683333333333333,0.7626224566691786,0.38476353520222556,0.37785892146695305,0.16745084685035233
0.4685,0.7626224566691786,0.38497753049432915,0.37764492617484946,0.16745084685035233
0.4686666666666667,0.7626224566691786,0.3851915257864327,0.37743093088274593,0.16745084685035233
0.4688333333333333,0.7633760361718162,0.3851915257864327,0.3781845103853835,0.16745084685035233
0.469,0.7633760361718162,0.38540552107853626,0.3779705150932799,0.16728752502379118
0.4691666666666667,0.7633760361718162,0.38561951637063985,0.3777565198011763,0.16724593720343778
0.4693333333333333,0.7633760361718162,0.38583351166274343,0.3775425245090727,0.16710928079725823
0.4695,0.7633760361718162,0.386047506954847,0.37732852921696913,0.16710928079725823
0.4696666666666667,0.7633760361718162,0.38626150224695055,0.3771145339248656,0.16710928079725823
0.4698333333333333,0.7633760361718162,0.38647549753905414,0.376900538632762,0.16710928079725823
0.47,0.7633760361718162,0.3866894928311577,0.37668654334065843,0.16710928079725823
0.4701666666666667,0.7633760361718162,0.3869034881232613,0.37647254804855484,0.16710928079725823
0.4703333333333333,0.7633760361718162,0.38711748341536484,0.3762585527564513,0.16710928079725823
0.4705,0.7633760361718162,0.3873314787074684,0.37604455746434773,0.16710928079725823
0.4706666666666667,0.7641296156744537,0.3873314787074684,0.3767981369669853,0.16710928079725823
0.4708333333333333,0.7641296156744537,0.387545473999572,0.3765841416748817,0.16710928079725823
0.471,0.7648831951770911,0.387545473999572,0.3773377211775191,0.16699710396653236
0.4711666666666667,0.7648831951770911,0.3877594692916756,0.37712372588541554,0.16683837152496458
0.4713333333333333,0.7648831951770911,0.3879734645837792,0.37690973059331195,0.16681083246231565
0.4715,0.7648831951770911,0.3881874598758827,0.3766957353012084,0.16675502698094963
0.4716666666666667,0.7656367746797287,0.3881874598758827,0.37744931480384597,0.16671010668531533
0.4718333333333333,0.7656367746797287,0.3884014551679863,0.3772353195117424,0.1667023298811512
0.472,0.7656367746797287,0.3886154504600899,0.3770213242196388,0.16667640881691131
0.4721666666666667,0.7656367746797287,0.38882944575219347,0.3768073289275352,0.16654868317564214
0.4723333333333333,0.7656367746797287,0.389043441044297,0.3765933336354317,0.16648776222457967
0.4725,0.7656367746797287,0.3892574363364006,0.3763793383433281,0.1664133592993847
0.4726666666666667,0.7656367746797287,0.38947143162850417,0.3761653430512245,0.16620696729366172
0.4728333333333333,0.7656367746797287,0.38968542692060776,0.3759513477591209,0.16620696729366172
0.473,0.7656367746797287,0.38989942221271134,0.37573735246701734,0.16590452884785536
0.4731666666666667,0.7656367746797287,0.3901134175048149,0.3755233571749138,0.16590452884785536
0.47333333333333333,0.7656367746797287,0.39032741279691846,0.3753093618828102,0.16586008578690442
0.4735,0.7656367746797287,0.39054140808902205,0.37509536659070664,0.1658560217388624
0.4736666666666667,0.7656367746797287,0.39075540338112563,0.37488137129860305,0.1658560217388624
0.47383333333333333,0.7656367746797287,0.39096939867322916,0.3746673760064995,0.1658560217388624
0.474,0.7656367746797287,0.39118339396533275,0.37445338071439593,0.1658560217388624
0.4741666666666667,0.7656367746797287,0.39139738925743633,0.37423938542229235,0.1658560217388624
0.47433333333333333,0.7656367746797287,0.3916113845495399,0.37402539013018876,0.1658560217388624
0.4745,0.7656367746797287,0.3918253798416435,0.3738113948380852,0.1658560217388624
0.4746666666666667,0.7656367746797287,0.39203937513374704,0.37359739954598165,0.1658560217388624
0.47483333333333333,0.7656367746797287,0.3922533704258506,0.37338340425387806,0.1658560217388624
0.475,0.7656367746797287,0.3924673657179542,0.3731694089617745,0.1658560217388624
0.4751666666666667,0.7656367746797287,0.3926813610100578,0.3729554136696709,0.1658560217388624
0.47533333333333333,0.7656367746797287,0.3928953563021613,0.37274141837756736,0.1658560217388624
0.4755,0.7656367746797287,0.3931093515942649,0.37252742308546377,0.1658560217388624
0.4756666666666667,0.7656367746797287,0.3933233468863685,0.3723134277933602,0.1658560217388624
0.47583333333333333,0.7656367746797287,0.3935373421784721,0.3720994325012566,0.1658560217388624
0.476,0.7656367746797287,0.39375133747057567,0.371885437209153,0.16565306232809557
0.4761666666666667,0.7656367746797287,0.3939653327626792,0.3716714419170495,0.16556526550300338
0.47633333333333333,0.7656367746797287,0.3941793280547828,0.3714574466249459,0.16552849706344033
0.4765,0.7656367746797287,0.39439332334688637,0.3712434513328423,0.16552849706344033
0.4766666666666667,0.7656367746797287,0.39460731863898996,0.3710294560407387,0.16552849706344033
0.47683333333333333,0.7656367746797287,0.39482131393109354,0.37081546074863514,0.16552849706344033
0.477,0.7656367746797287,0.3950353092231971,0.3706014654565316,0.1654019330517868
0.4771666666666667,0.7656367746797287,0.39524930451530066,0.370387470164428,0.16536047335647494
0.47733333333333333,0.7656367746797287,0.39546329980740424,0.37017347487232444,0.1652441647310464
0.4775,0.7656367746797287,0.39567729509950783,0.36995947958022085,0.16511705094856904
0.4776666666666667,0.7656367746797287,0.39589129039161136,0.3697454842881173,0.16476394447744994
0.47783333333333333,0.7656367746797287,0.39610528568371495,0.36953148899601374,0.16476394447744994
0.478,0.7656367746797287,0.39631928097581853,0.36931749370391015,0.16476282251676652
0.4781666666666667,0.7663903541823662,0.39631928097581853,0.3700710732065477,0.1647367202642209
0.47833333333333333,0.7663903541823662,0.3965332762679221,0.3698570779144441,0.1647367202642209
0.4785,0.7663903541823662,0.3967472715600257,0.3696430826223405,0.1646851203300308
0.4786666666666667,0.7663903541823662,0.39696126685212924,0.369429087330237,0.16462480237253846
0.47883333333333333,0.7663903541823662,0.3971752621442328,0.3692150920381334,0.16456067849970119
0.479,0.7663903541823662,0.3973892574363364,0.3690010967460298,0.16456067849970119
0.4791666666666667,0.7663903541823662,0.39760325272844,0.36878710145392624,0.16438877463637125
0.47933333333333333,0.7671439336850038,0.39760325272844,0.3695406809565638,0.16433117341382766
0.4795,0.7671439336850038,0.3978172480205435,0.36932668566446025,0.16433117341382766
0.4796666666666667,0.7678975131876413,0.3978172480205435,0.3700802651670978,0.16429176000764564
0.47983333333333333,0.7678975131876413,0.3980312433126471,0.3698662698749942,0.16429176000764564
0.48,0.7678975131876413,0.3982452386047507,0.3696522745828906,0.1642296798259574
0.4801666666666667,0.7678975131876413,0.3984592338968543,0.36943827929078704,0.16391145703828744
0.48033333333333333,0.7678975131876413,0.39867322918895787,0.36922428399868346,0.16390452943037315
0.4805,0.7678975131876413,0.3988872244810614,0.3690102887065799,0.16388241957965333
0.4806666666666667,0.7678975131876413,0.399101219773165,0.36879629341447634,0.16388241957965333
0.48083333333333333,0.7686510926902789,0.399101219773165,0.3695498729171139,0.16388241957965333
0.481,0.7686510926902789,0.39931521506526857,0.3693358776250103,0.16388241957965333
0.4811666666666667,0.7686510926902789,0.39952921035737216,0.3691218823329067,0.16388241957965333
0.48133333333333334,0.7686510926902789,0.3997432056494757,0.3689078870408032,0.16388241957965333
0.4815,0.7686510926902789,0.39995720094157927,0.3686938917486996,0.16388241957965333
0.4816666666666667,0.7686510926902789,0.40017119623368286,0.368479896456596,0.16388241957965333
0.48183333333333334,0.7694046721929163,0.40017119623368286,0.36923347595923345,0.16388241957965333
0.482,0.7701582516955539,0.40017119623368286,0.369987055461871,0.16388241957965333
0.4821666666666667,0.7701582516955539,0.40038519152578644,0.3697730601697674,0.16388241957965333
0.48233333333333334,0.7701582516955539,0.40059918681789003,0.3695590648776638,0.16388241957965333
0.4825,0.7701582516955539,0.40081318210999356,0.3693450695855603,0.1638791080172136
0.4826666666666667,0.7701582516955539,0.40102717740209715,0.3691310742934567,0.1638791080172136
0.48283333333333334,0.7701582516955539,0.40124117269420073,0.3689170790013531,0.1638791080172136
0.483,0.7701582516955539,0.4014551679863043,0.36870308370924954,0.1638791080172136
0.4831666666666667,0.7701582516955539,0.40166916327840785,0.368489088417146,0.1638791080172136
0.48333333333333334,0.7709118311981914,0.40166916327840785,0.36924266791978355,0.1637484252913941
0.4835,0.771665410700829,0.40166916327840785,0.3699962474224211,0.16372787766670258
0.4836666666666667,0.771665410700829,0.40188315857051143,0.3697822521303175,0.16372787766670258
0.48383333333333334,0.771665410700829,0.402097153862615,0.3695682568382139,0.16364330230003363
0.484,0.7724189902034665,0.402097153862615,0.3703218363408515,0.16364330230003363
0.4841666666666667,0.7724189902034665,0.4023111491547186,0.3701078410487479,0.16364330230003363
0.48433333333333334,0.773172569706104,0.4023111491547186,0.37086142055138543,0.16363621023092276
0.4845,0.773172569706104,0.4025251444468222,0.37064742525928185,0.16360659034905695
0.4846666666666667,0.773172569706104,0.4027391397389257,0.3704334299671783,0.16347445376104267
0.48483333333333334,0.773172569706104,0.4029531350310293,0.37021943467507473,0.16342726648114533
0.485,0.7739261492087415,0.4029531350310293,0.37097301417771217,0.1633332455007507
0.4851666666666667,0.7739261492087415,0.4031671303231329,0.3707590188856086,0.1633332455007507
0.48533333333333334,0.7739261492087415,0.4033811256152365,0.370545023593505,0.16331840298763617
0.4855,0.7739261492087415,0.40359512090734007,0.3703310283014014,0.16326674475965552
0.4856666666666667,0.7739261492087415,0.4038091161994436,0.3701170330092979,0.16325829995343177
0.48583333333333334,0.7739261492087415,0.4040231114915472,0.3699030377171943,0.16316546012834096
0.486,0.7739261492087415,0.40423710678365077,0.3696890424250907,0.16316546012834096
0.4861666666666667,0.7739261492087415,0.40445110207575435,0.3694750471329871,0.16316546012834096
0.48633333333333334,0.7739261492087415,0.4046650973678579,0.3692610518408836,0.16316546012834096
0.4865,0.7739261492087415,0.40487909265996147,0.36904705654878,0.16304071119084537
0.4866666666666667,0.7739261492087415,0.40509308795206506,0.3688330612566764,0.16304071119084537
0.48683333333333334,0.7739261492087415,0.40530708324416864,0.36861906596457283,0.16304071119084537
0.487,0.7739261492087415,0.40552107853627223,0.36840507067246925,0.16294017830745067
0.4871666666666667,0.7739261492087415,0.40573507382837576,0.3681910753803657,0.16294017830745067
0.48733333333333334,0.7739261492087415,0.40594906912047934,0.36797708008826213,0.16280374168707867
0.4875,0.7739261492087415,0.40616306441258293,0.36776308479615855,0.16275173029636908
0.4876666666666667,0.7739261492087415,0.4063770597046865,0.36754908950405496,0.16270892088700362
0.48783333333333334,0.7739261492087415,0.40659105499679005,0.36733509421195143,0.16270892088700362
0.488,0.7739261492087415,0.40680505028889363,0.36712109891984784,0.16267057505957336
0.4881666666666667,0.7739261492087415,0.4070190455809972,0.36690710362774426,0.16264366505071026
0.48833333333333334,0.7739261492087415,0.4072330408731008,0.36669310833564067,0.16248656194317604
0.4885,0.7739261492087415,0.4074470361652044,0.3664791130435371,0.16246644065545396
0.4886666666666667,0.7739261492087415,0.4076610314573079,0.36626511775143356,0.16246644065545396
0.48883333333333334,0.7739261492087415,0.4078750267494115,0.36605112245932997,0.1624443366851429
0.489,0.7739261492087415,0.4080890220415151,0.3658371271672264,0.1624443366851429
0.4891666666666667,0.7739261492087415,0.4083030173336187,0.3656231318751228,0.1624190882351032
0.48933333333333334,0.7739261492087415,0.4085170126257222,0.36540913658301927,0.1624109683819795
0.4895,0.7739261492087415,0.4087310079178258,0.3651951412909157,0.1624109683819795
0.48966666666666664,0.774679728711379,0.4087310079178258,0.36594872079355323,0.16233307832406133
0.48983333333333334,0.774679728711379,0.4089450032099294,0.36573472550144964,0.16227740447464065
0.49,0.774679728711379,0.40915899850203297,0.36552073020934606,0.16227740447464065
0.49016666666666664,0.774679728711379,0.40937299379413655,0.36530673491724247,0.16227740447464065
0.49033333333333334,0.774679728711379,0.4095869890862401,0.36509273962513894,0.16222055147046227
0.4905,0.774679728711379,0.40980098437834367,0.36487874433303535,0.16221090567327096
0.49066666666666664,0.774679728711379,0.41001497967044725,0.36466474904093177,0.16221090567327096
0.49083333333333334,0.774679728711379,0.41022897496255084,0.3644507537488282,0.16221090567327096
0.491,0.774679728711379,0.41044297025465437,0.36423675845672465,0.16201582766088554
0.49116666666666664,0.7754333082140166,0.41044297025465437,0.3649903379593622,0.16187575399133403
0.49133333333333334,0.7754333082140166,0.41065696554675796,0.3647763426672586,0.1617412444800173
0.4915,0.7754333082140166,0.41087096083886154,0.364562347375155,0.16169046556902925
0.49166666666666664,0.7754333082140166,0.41108495613096513,0.36434835208305144,0.16169046556902925
0.49183333333333334,0.7754333082140166,0.4112989514230687,0.36413435679094786,0.16169046556902925
0.492,0.7761868877166541,0.4112989514230687,0.3648879362935854,0.16168760637684743
0.49216666666666664,0.7761868877166541,0.41151294671517225,0.36467394100148187,0.16168760637684743
0.49233333333333335,0.7769404672192917,0.41151294671517225,0.3654275205041194,0.161680096343945
0.4925,0.7769404672192917,0.41172694200727583,0.36521352521201583,0.1616650095659222
0.49266666666666664,0.7769404672192917,0.4119409372993794,0.36499952991991225,0.1616650095659222
0.49283333333333335,0.7769404672192917,0.412154932591483,0.36478553462780866,0.16163186794530449
0.493,0.7769404672192917,0.41236892788358653,0.36457153933570513,0.16160998865903017
0.49316666666666664,0.7769404672192917,0.4125829231756901,0.36435754404360154,0.16160998865903017
0.49333333333333335,0.7769404672192917,0.4127969184677937,0.36414354875149796,0.16160998865903017
0.4935,0.7769404672192917,0.4130109137598973,0.3639295534593944,0.16160998865903017
0.49366666666666664,0.7769404672192917,0.4132249090520009,0.3637155581672908,0.16160998865903017
0.49383333333333335,0.7769404672192917,0.4134389043441044,0.36350156287518726,0.16140104969915856
0.494,0.7769404672192917,0.413652899636208,0.36328756758308367,0.16135459453897472
0.49416666666666664,0.7769404672192917,0.4138668949283116,0.3630735722909801,0.16128867589675616
0.49433333333333335,0.7776940467219292,0.4138668949283116,0.36382715179361763,0.16107772812816518
0.4945,0.7776940467219292,0.41408089022041517,0.36361315650151405,0.16105567874395263
0.49466666666666664,0.7784476262245666,0.41408089022041517,0.3643667360041515,0.16105567874395263
0.49483333333333335,0.7792012057272042,0.41408089022041517,0.36512031550678903,0.16105567874395263
0.495,0.7792012057272042,0.41429488551251875,0.36490632021468544,0.16105567874395263
0.49516666666666664,0.7792012057272042,0.4145088808046223,0.3646923249225819,0.16104162307515343
0.49533333333333335,0.7792012057272042,0.41472287609672587,0.3644783296304783,0.16097927476862425
0.4955,0.7792012057272042,0.41493687138882945,0.36426433433837474,0.16091597161740923
0.49566666666666664,0.7792012057272042,0.41515086668093304,0.36405033904627115,0.16090734277022448
0.49583333333333335,0.7792012057272042,0.41536486197303657,0.3638363437541676,0.1608035070716883
0.496,0.7792012057272042,0.41557885726514016,0.36362234846206404,0.1608035070716883
0.49616666666666664,0.7792012057272042,0.41579285255724374,0.36340835316996045,0.16075519838132857
0.49633333333333335,0.7792012057272042,0.4160068478493473,0.36319435787785687,0.16075519838132857
0.4965,0.7792012057272042,0.4162208431414509,0.3629803625857533,0.16070113971028538
0.49666666666666665,0.7792012057272042,0.41643483843355444,0.36276636729364975,0.16070113971028538
0.49683333333333335,0.7792012057272042,0.41664883372565803,0.36255237200154616,0.16070113971028538
0.497,0.7792012057272042,0.4168628290177616,0.3623383767094426,0.16070113971028538
0.49716666666666665,0.7792012057272042,0.4170768243098652,0.362124381417339,0.16070113971028538
0.49733333333333335,0.7792012057272042,0.41729081960196873,0.36191038612523546,0.16064661038304973
0.4975,0.7792012057272042,0.4175048148940723,0.3616963908331319,0.16052720843338364
0.49766666666666665,0.7792012057272042,0.4177188101861759,0.3614823955410283,0.16043846051224825
0.49783333333333335,0.7792012057272042,0.4179328054782795,0.3612684002489247,0.1603781551578605
0.498,0.7792012057272042,0.4181468007703831,0.3610544049568211,0.160377277500499
0.49816666666666665,0.7792012057272042,0.4183607960624866,0.3608404096647176,0.160377277500499
0.49833333333333335,0.7792012057272042,0.4185747913545902,0.360626414372614,0.160377277500499
0.4985,0.7792012057272042,0.4187887866466938,0.3604124190805104,0.160377277500499
0.49866666666666665,0.7799547852298417,0.4187887866466938,0.36116599858314796,0.16035758066654082
0.49883333333333335,0.7799547852298417,0.41900278193879736,0.3609520032910444,0.16031394045294467
0.499,0.7807083647324793,0.41900278193879736,0.3617055827936819,0.16031394045294467
0.49916666666666665,0.7807083647324793,0.4192167772309009,0.3614915875015784,0.16029647953023063
0.49933333333333335,0.7807083647324793,0.4194307725230045,0.3612775922094748,0.16020870225251624
0.4995,0.7807083647324793,0.41964476781510807,0.3610635969173712,0.16016513721081163
0.49966666666666665,0.7807083647324793,0.41985876310721165,0.36084960162526764,0.16014447021074127
0.49983333333333335,0.7807083647324793,0.42007275839931524,0.36063560633316405,0.16014447021074127
0.5,0.7814619442351168,0.42007275839931524,0.3613891858358016,0.1601105637204493
0.5001666666666666,0.7814619442351168,0.42028675369141877,0.36117519054369807,0.16006073430514423
0.5003333333333333,0.7814619442351168,0.42050074898352235,0.3609611952515945,0.16002623267442628
0.5005,0.7814619442351168,0.42071474427562594,0.3607471999594909,0.15998553169722843
0.5006666666666667,0.7814619442351168,0.4209287395677295,0.3605332046673873,0.15998553169722843
0.5008333333333334,0.7814619442351168,0.42114273485983306,0.3603192093752838,0.15998553169722843
0.501,0.7814619442351168,0.42135673015193664,0.3601052140831802,0.15998553169722843
0.5011666666666666,0.7814619442351168,0.42157072544404023,0.3598912187910766,0.15998553169722843
0.5013333333333333,0.7814619442351168,0.4217847207361438,0.359677223498973,0.15998553169722843
0.5015,0.7814619442351168,0.4219987160282474,0.35946322820686943,0.15998553169722843
0.5016666666666667,0.7814619442351168,0.42221271132035093,0.3592492329147659,0.15998553169722843
0.5018333333333334,0.7814619442351168,0.4224267066124545,0.3590352376226623,0.15998553169722843
0.502,0.7814619442351168,0.4226407019045581,0.35882124233055873,0.15998553169722843
0.5021666666666667,0.7814619442351168,0.4228546971966617,0.35860724703845515,0.15998553169722843
0.5023333333333333,0.7814619442351168,0.4230686924887653,0.35839325174635156,0.15998553169722843
0.5025,0.7814619442351168,0.4232826877808688,0.35817925645424803,0.15998553169722843
0.5026666666666667,0.7814619442351168,0.4234966830729724,0.35796526116214444,0.15998553169722843
0.5028333333333334,0.7814619442351168,0.423710678365076,0.35775126587004086,0.15998553169722843
0.503,0.7814619442351168,0.42392467365717956,0.35753727057793727,0.15981010444613372
0.5031666666666667,0.7814619442351168,0.4241386689492831,0.35732327528583374,0.1598097867640906
0.5033333333333333,0.7814619442351168,0.4243526642413867,0.35710927999373016,0.15975901519590371
0.5035,0.7814619442351168,0.42456665953349026,0.35689528470162657,0.15975901519590371
0.5036666666666667,0.7822155237377544,0.42456665953349026,0.3576488642042641,0.15975901519590371
0.5038333333333334,0.7822155237377544,0.42478065482559385,0.35743486891216053,0.15975901519590371
0.504,0.7822155237377544,0.42499465011769744,0.35722087362005694,0.15975901519590371
0.5041666666666667,0.7822155237377544,0.42520864540980097,0.3570068783279534,0.15975110079474591
0.5043333333333333,0.7822155237377544,0.42542264070190455,0.35679288303584983,0.15975110079474591
0.5045,0.7822155237377544,0.42563663599400814,0.35657888774374624,0.15975110079474591
0.5046666666666667,0.7822155237377544,0.4258506312861117,0.35636489245164266,0.15964077806825802
0.5048333333333334,0.7822155237377544,0.42606462657821526,0.3561508971595391,0.1593467119833973
0.505,0.7822155237377544,0.42627862187031884,0.35593690186743554,0.15921724489812517
0.5051666666666667,0.7822155237377544,0.4264926171624224,0.35572290657533195,0.15921724489812517
0.5053333333333333,0.7822155237377544,0.426706612454526,0.35550891128322837,0.15920838484628733
0.5055,0.7829691032403918,0.426706612454526,0.3562624907858658,0.15920838484628733
0.5056666666666667,0.7829691032403918,0.4269206077466296,0.3560484954937622,0.15919007884747624
0.5058333333333334,0.7829691032403918,0.42713460303873313,0.3558345002016587,0.15918529909412388
0.506,0.7829691032403918,0.4273485983308367,0.3556205049095551,0.15914942731711054
0.5061666666666667,0.7829691032403918,0.4275625936229403,0.3554065096174515,0.15914942731711054
0.5063333333333333,0.7837226827430294,0.4275625936229403,0.35616008912008906,0.15914942731711054
0.5065,0.7837226827430294,0.4277765889150439,0.3559460938279855,0.1591424116213168
0.5066666666666667,0.7837226827430294,0.4279905842071474,0.35573209853588195,0.15908429602161941
0.5068333333333334,0.7844762622456669,0.4279905842071474,0.3564856780385195,0.1590671192221985
0.507,0.7844762622456669,0.428204579499251,0.3562716827464159,0.15904455758828728
0.5071666666666667,0.7844762622456669,0.4284185747913546,0.3560576874543123,0.15899203249371532
0.5073333333333333,0.7844762622456669,0.4286325700834582,0.35584369216220874,0.15899203249371532
0.5075,0.7844762622456669,0.42884656537556176,0.35562969687010515,0.1588699728679288
0.5076666666666667,0.7844762622456669,0.4290605606676653,0.3554157015780016,0.1588699728679288
0.5078333333333334,0.7844762622456669,0.4292745559597689,0.35520170628589803,0.1588699728679288
0.508,0.7844762622456669,0.42948855125187246,0.35498771099379445,0.1588699728679288
0.5081666666666667,0.7844762622456669,0.42970254654397605,0.35477371570169086,0.1588699728679288
0.5083333333333333,0.7852298417483045,0.42970254654397605,0.3555272952043284,0.1588699728679288
0.5085,0.785983421250942,0.42970254654397605,0.35628087470696596,0.15882868167963268
0.5086666666666667,0.785983421250942,0.4299165418360796,0.3560668794148624,0.158753928346275
0.5088333333333334,0.7867370007535796,0.4299165418360796,0.35682045891749997,0.158753928346275
0.509,0.7867370007535796,0.43013053712818317,0.3566064636253964,0.158753928346275
0.5091666666666667,0.7867370007535796,0.43034453242028675,0.3563924683332928,0.158753928346275
0.5093333333333333,0.7867370007535796,0.43055852771239034,0.3561784730411892,0.158753928346275
0.5095,0.7867370007535796,0.4307725230044939,0.35596447774908563,0.158753928346275
0.5096666666666667,0.7867370007535796,0.43098651829659745,0.3557504824569821,0.158753928346275
0.5098333333333334,0.7867370007535796,0.43120051358870104,0.3555364871648785,0.15869860057816185
0.51,0.7867370007535796,0.4314145088808046,0.3553224918727749,0.15862676686770322
0.5101666666666667,0.7867370007535796,0.4316285041729082,0.35510849658067134,0.15847574411318618
0.5103333333333333,0.7867370007535796,0.43184249946501174,0.3548945012885678,0.15838141438967226
0.5105,0.7867370007535796,0.43205649475711533,0.3546805059964642,0.15838141438967226
0.5106666666666667,0.7867370007535796,0.4322704900492189,0.35446651070436064,0.15838141438967226
0.5108333333333334,0.7867370007535796,0.4324844853413225,0.35425251541225705,0.15831510429508178
0.511,0.7867370007535796,0.4326984806334261,0.35403852012015347,0.15831510429508178
0.5111666666666667,0.7867370007535796,0.4329124759255296,0.35382452482804994,0.1581612377472208
0.5113333333333333,0.7867370007535796,0.4331264712176332,0.35361052953594635,0.1581612377472208
0.5115,0.787490580256217,0.4331264712176332,0.3543641090385838,0.1581612377472208
0.5116666666666667,0.7882441597588545,0.4331264712176332,0.35511768854122133,0.1581612377472208
0.5118333333333334,0.7882441597588545,0.4333404665097368,0.35490369324911775,0.1581612377472208
0.512,0.7882441597588545,0.4335544618018404,0.35468969795701416,0.1581483895553361
0.5121666666666667,0.7882441597588545,0.43376845709394396,0.3544757026649106,0.1581396974489753
0.5123333333333333,0.7882441597588545,0.4339824523860475,0.35426170737280704,0.1581396974489753
0.5125,0.7882441597588545,0.4341964476781511,0.35404771208070346,0.1581396974489753
0.5126666666666667,0.7889977392614921,0.4341964476781511,0.354801291583341,0.1581396974489753
0.5128333333333334,0.7897513187641296,0.4341964476781511,0.35555487108597855,0.1581396974489753
0.513,0.7897513187641296,0.43441044297025466,0.35534087579387497,0.15812233134331266
0.5131666666666667,0.7897513187641296,0.43462443826235825,0.3551268805017714,0.15809654023606015
0.5133333333333333,0.7897513187641296,0.4348384335544618,0.35491288520966785,0.15809654023606015
0.5135,0.7897513187641296,0.43505242884656536,0.35469888991756426,0.1579778741747058
0.5136666666666667,0.7897513187641296,0.43526642413866895,0.3544848946254607,0.15789241081900066
0.5138333333333334,0.7897513187641296,0.43548041943077254,0.3542708993333571,0.1578707015025242
0.514,0.7897513187641296,0.4356944147228761,0.3540569040412535,0.1578707015025242
0.5141666666666667,0.7897513187641296,0.43590841001497965,0.35384290874915,0.15779919142613733
0.5143333333333333,0.7905048982667672,0.43590841001497965,0.3545964882517875,0.15778652092856515
0.5145,0.7912584777694047,0.43590841001497965,0.35535006775442507,0.15772764275010956
0.5146666666666667,0.7912584777694047,0.43612240530708324,0.3551360724623215,0.15772764275010956
0.5148333333333334,0.7912584777694047,0.4363364005991868,0.3549220771702179,0.15741233482840372
0.515,0.7920120572720422,0.4363364005991868,0.35567565667285533,0.15741233482840372
0.5151666666666667,0.7920120572720422,0.4365503958912904,0.35546166138075175,0.15728122445414303
0.5153333333333333,0.7927656367746797,0.4365503958912904,0.3562152408833893,0.15713684335127467
0.5155,0.7935192162773173,0.4365503958912904,0.35696882038602684,0.15713517644866254
0.5156666666666667,0.7935192162773173,0.43676439118339394,0.3567548250939233,0.15706282238160768
0.5158333333333334,0.7935192162773173,0.4369783864754975,0.3565408298018197,0.15704655797451017
0.516,0.7935192162773173,0.4371923817676011,0.35632683450971614,0.15697012253500164
0.5161666666666667,0.7935192162773173,0.4374063770597047,0.35611283921761255,0.15692570424780525
0.5163333333333333,0.7935192162773173,0.4376203723518083,0.35589884392550897,0.15690478737241986
0.5165,0.7935192162773173,0.4378343676439118,0.35568484863340544,0.15690478737241986
0.5166666666666667,0.7935192162773173,0.4380483629360154,0.35547085334130185,0.15690478737241986
0.5168333333333334,0.7935192162773173,0.438262358228119,0.35525685804919827,0.15688957911978008
0.517,0.7935192162773173,0.4384763535202226,0.3550428627570947,0.15667519958641574
0.5171666666666667,0.7942727957799548,0.4384763535202226,0.3557964422597322,0.15659681248592772
0.5173333333333333,0.7942727957799548,0.4386903488123261,0.3555824469676287,0.15658469897807845
0.5175,0.7942727957799548,0.4389043441044297,0.3553684516755251,0.15652110192385266
0.5176666666666667,0.7950263752825923,0.4389043441044297,0.35612203117816266,0.15642300432074052
0.5178333333333334,0.7950263752825923,0.4391183393965333,0.35590803588605907,0.15640367123934085
0.518,0.7950263752825923,0.43933233468863686,0.3556940405939555,0.15631382778555555
0.5181666666666667,0.7950263752825923,0.43954632998074045,0.3554800453018519,0.1563108573430907
0.5183333333333333,0.7950263752825923,0.439760325272844,0.35526605000974837,0.15623305730646553
0.5185,0.7950263752825923,0.43997432056494756,0.3550520547176448,0.15616585522775275
0.5186666666666667,0.7950263752825923,0.44018831585705115,0.3548380594255412,0.1560810778373178
0.5188333333333334,0.7950263752825923,0.44040231114915473,0.3546240641334376,0.15595640018895135
0.519,0.7950263752825923,0.44061630644125827,0.3544100688413341,0.15595640018895135
0.5191666666666667,0.7950263752825923,0.44083030173336185,0.3541960735492305,0.15595640018895135
0.5193333333333333,0.7950263752825923,0.44104429702546544,0.3539820782571269,0.15595640018895135
0.5195,0.7950263752825923,0.441258292317569,0.3537680829650233,0.15593157897630214
0.5196666666666667,0.7950263752825923,0.4414722876096726,0.35355408767291974,0.15593157897630214
0.5198333333333334,0.7950263752825923,0.44168628290177614,0.3533400923808162,0.15593157897630214
0.52,0.7950263752825923,0.4419002781938797,0.3531260970887126,0.15593157897630214
0.5201666666666667,0.7950263752825923,0.4421142734859833,0.35291210179660903,0.15593157897630214
0.5203333333333333,0.7957799547852299,0.4421142734859833,0.3536656812992466,0.15593157897630214
0.5205,0.7957799547852299,0.4423282687780869,0.353451686007143,0.15593157897630214
0.5206666666666667,0.7957799547852299,0.4425422640701905,0.3532376907150394,0.15593157897630214
0.5208333333333334,0.7957799547852299,0.442756259362294,0.3530236954229359,0.15593157897630214
0.521,0.7965335342878673,0.442756259362294,0.3537772749255733,0.15593157897630214
0.5211666666666667,0.7965335342878673,0.4429702546543976,0.35356327963346973,0.15593157897630214
0.5213333333333333,0.7965335342878673,0.4431842499465012,0.35334928434136614,0.15593157897630214
0.5215,0.7972871137905049,0.4431842499465012,0.3541028638440037,0.15593157897630214
0.5216666666666666,0.7972871137905049,0.44339824523860477,0.3538888685519001,0.15593157897630214
0.5218333333333334,0.7972871137905049,0.4436122405307083,0.3536748732597966,0.15593157897630214
0.522,0.7980406932931424,0.4436122405307083,0.3544284527624341,0.15593157897630214
0.5221666666666667,0.7980406932931424,0.4438262358228119,0.35421445747033053,0.15593157897630214
0.5223333333333333,0.7980406932931424,0.4440402311149155,0.35400046217822695,0.15593157897630214
0.5225,0.7980406932931424,0.44425422640701906,0.35378646688612336,0.15593157897630214
0.5226666666666666,0.7980406932931424,0.44446822169912265,0.3535724715940198,0.15593157897630214
0.5228333333333334,0.7980406932931424,0.4446822169912262,0.35335847630191625,0.15593157897630214
0.523,0.7980406932931424,0.44489621228332976,0.35314448100981266,0.15593157897630214
0.5231666666666667,0.7980406932931424,0.44511020757543335,0.3529304857177091,0.15593157897630214
0.5233333333333333,0.79879427279578,0.44511020757543335,0.3536840652203466,0.15593157897630214
0.5235,0.79879427279578,0.44532420286753693,0.35347006992824304,0.15593157897630214
0.5236666666666666,0.79879427279578,0.44553819815964046,0.3532560746361395,0.15593157897630214
0.5238333333333334,0.79879427279578,0.44575219345174405,0.3530420793440359,0.15593157897630214
0.524,0.79879427279578,0.44596618874384764,0.35282808405193233,0.15593157897630214
0.5241666666666667,0.79879427279578,0.4461801840359512,0.35261408875982875,0.15593157897630214
0.5243333333333333,0.79879427279578,0.4463941793280548,0.35240009346772516,0.15593157897630214
0.5245,0.79879427279578,0.44660817462015834,0.35218609817562163,0.15593157897630214
0.5246666666666666,0.7995478522984175,0.44660817462015834,0.3529396776782592,0.15593157897630214
0.5248333333333334,0.8003014318010551,0.44660817462015834,0.3536932571808967,0.15593157897630214
0.525,0.8003014318010551,0.4468221699122619,0.35347926188879314,0.15584174882930488
0.5251666666666667,0.8003014318010551,0.4470361652043655,0.35326526659668955,0.15584174882930488
0.5253333333333333,0.8003014318010551,0.4472501604964691,0.35305127130458597,0.15584174882930488
0.5255,0.8003014318010551,0.4474641557885726,0.35283727601248244,0.15581091404631794
0.5256666666666666,0.8010550113036925,0.4474641557885726,0.3535908555151199,0.15579989906678152
0.5258333333333334,0.8010550113036925,0.4476781510806762,0.3533768602230163,0.15576603060605548
0.526,0.8010550113036925,0.4478921463727798,0.3531628649309127,0.15576603060605548
0.5261666666666667,0.8010550113036925,0.4481061416648834,0.3529488696388091,0.15576603060605548
0.5263333333333333,0.8010550113036925,0.44832013695698697,0.35273487434670553,0.15576603060605548
0.5265,0.80180859080633,0.44832013695698697,0.3534884538493431,0.15576603060605548
0.5266666666666666,0.80180859080633,0.4485341322490905,0.35327445855723955,0.15576603060605548
0.5268333333333334,0.80180859080633,0.4487481275411941,0.35306046326513596,0.15576047132931095
0.527,0.80180859080633,0.44896212283329767,0.3528464679730324,0.15571783614653262
0.5271666666666667,0.80180859080633,0.44917611812540126,0.3526324726809288,0.15567028782016304
0.5273333333333333,0.80180859080633,0.4493901134175048,0.35241847738882526,0.15545133292614546
0.5275,0.80180859080633,0.4496041087096084,0.35220448209672167,0.1553703740716169
0.5276666666666666,0.80180859080633,0.44981810400171196,0.3519904868046181,0.1551182386585845
0.5278333333333334,0.80180859080633,0.45003209929381555,0.3517764915125145,0.15510248745557556
0.528,0.8025621703089676,0.45003209929381555,0.35253007101515205,0.15510248745557556
0.5281666666666667,0.8025621703089676,0.45024609458591913,0.35231607572304846,0.15496634657753294
0.5283333333333333,0.8025621703089676,0.45046008987802266,0.35210208043094493,0.15486587687735365
0.5285,0.8025621703089676,0.45067408517012625,0.35188808513884134,0.15486587687735365
0.5286666666666666,0.8025621703089676,0.45088808046222983,0.35167408984673776,0.15486587687735365
0.5288333333333334,0.8025621703089676,0.4511020757543334,0.3514600945546342,0.15486587687735365
0.529,0.8025621703089676,0.45131607104643695,0.35124609926253064,0.15486587687735365
0.5291666666666667,0.8025621703089676,0.45153006633854054,0.35103210397042706,0.15486587687735365
0.5293333333333333,0.8025621703089676,0.4517440616306441,0.35081810867832347,0.15486587687735365
0.5295,0.8025621703089676,0.4519580569227477,0.3506041133862199,0.15486587687735365
0.5296666666666666,0.8025621703089676,0.4521720522148513,0.3503901180941163,0.15486587687735365
0.5298333333333334,0.8025621703089676,0.4523860475069548,0.35017612280201277,0.15479870161915163
0.53,0.8025621703089676,0.4526000427990584,0.3499621275099092,0.15472923037033248
0.5301666666666667,0.8025621703089676,0.452814038091162,0.3497481322178056,0.1547145238429298
0.5303333333333333,0.8033157498116051,0.452814038091162,0.35050171172044314,0.1547145238429298
0.5305,0.8040693293142427,0.452814038091162,0.3512552912230807,0.1547145238429298
0.5306666666666666,0.8040693293142427,0.4530280333832656,0.3510412959309771,0.1546797011524165
0.5308333333333334,0.8040693293142427,0.45324202867536917,0.3508273006388735,0.1546328849434407
0.531,0.8048229088168802,0.45324202867536917,0.35158088014151107,0.1546328849434407
0.5311666666666667,0.8048229088168802,0.4534560239674727,0.35136688484940753,0.1546328849434407
0.5313333333333333,0.8055764883195177,0.4534560239674727,0.35212046435204497,0.1546328849434407
0.5315,0.8055764883195177,0.4536700192595763,0.3519064690599414,0.1546328849434407
0.5316666666666666,0.8063300678221552,0.4536700192595763,0.35266004856257893,0.15432156167968852
0.5318333333333334,0.8063300678221552,0.45388401455167987,0.35244605327047535,0.15432156167968852
0.532,0.8063300678221552,0.45409800984378346,0.35223205797837176,0.15432156167968852
0.5321666666666667,0.8063300678221552,0.454312005135887,0.35201806268626823,0.1540783525768124
0.5323333333333333,0.8063300678221552,0.4545260004279906,0.35180406739416464,0.1540351077509575
0.5325,0.8063300678221552,0.45473999572009416,0.35159007210206106,0.15397223437715585
0.5326666666666666,0.8063300678221552,0.45495399101219774,0.35137607680995747,0.15396632025618795
0.5328333333333334,0.8063300678221552,0.45516798630430133,0.3511620815178539,0.15390830844435593
0.533,0.8063300678221552,0.45538198159640486,0.35094808622575036,0.15386505106130682
0.5331666666666667,0.8063300678221552,0.45559597688850845,0.35073409093364677,0.15386272538402765
0.5333333333333333,0.8063300678221552,0.45580997218061203,0.3505200956415432,0.15386272538402765
0.5335,0.8070836473247928,0.45580997218061203,0.35127367514418073,0.15385646958424204
0.5336666666666666,0.8070836473247928,0.4560239674727156,0.35105967985207714,0.1538489842069297
0.5338333333333334,0.8070836473247928,0.45623796276481915,0.3508456845599736,0.1538489842069297
0.534,0.8070836473247928,0.45645195805692274,0.35063168926787003,0.1538489842069297
0.5341666666666667,0.8070836473247928,0.4566659533490263,0.35041769397576644,0.15381864120275396
0.5343333333333333,0.8078372268274303,0.4566659533490263,0.351171273478404,0.1537813159391663
0.5345,0.8078372268274303,0.4568799486411299,0.3509572781863004,0.1537813159391663
0.5346666666666666,0.8078372268274303,0.4570939439332335,0.3507432828941968,0.15371658758820098
0.5348333333333334,0.8078372268274303,0.457307939225337,0.3505292876020933,0.15371658758820098
0.535,0.8078372268274303,0.4575219345174406,0.3503152923099897,0.1536669444059911
0.5351666666666667,0.8078372268274303,0.4577359298095442,0.3501012970178861,0.1536669444059911
0.5353333333333333,0.8078372268274303,0.4579499251016478,0.34988730172578253,0.1536669444059911
0.5355,0.8078372268274303,0.4581639203937513,0.349673306433679,0.1536669444059911
0.5356666666666666,0.8078372268274303,0.4583779156858549,0.3494593111415754,0.1536669444059911
0.5358333333333334,0.8078372268274303,0.4585919109779585,0.3492453158494718,0.15363080978196833
0.536,0.8078372268274303,0.45880590627006207,0.34903132055736824,0.15357327285550443
0.5361666666666667,0.8078372268274303,0.45901990156216566,0.34881732526526465,0.15337708422194388
0.5363333333333333,0.8078372268274303,0.4592338968542692,0.3486033299731611,0.1533179506375354
0.5365,0.8078372268274303,0.45944789214637277,0.34838933468105754,0.15330845075919305
0.5366666666666666,0.8078372268274303,0.45966188743847636,0.34817533938895395,0.1532869943152065
0.5368333333333334,0.8078372268274303,0.45987588273057994,0.34796134409685037,0.1532059988864954
0.537,0.8078372268274303,0.4600898780226835,0.34774734880474684,0.1531993729646292
0.5371666666666667,0.8078372268274303,0.46030387331478706,0.34753335351264325,0.1531993729646292
0.5373333333333333,0.8078372268274303,0.46051786860689065,0.34731935822053966,0.1530178248885877
0.5375,0.8085908063300679,0.46051786860689065,0.3480729377231772,0.1530178248885877
0.5376666666666666,0.8085908063300679,0.46073186389899423,0.3478589424310736,0.1529529917941706
0.5378333333333334,0.8085908063300679,0.4609458591910978,0.34764494713897004,0.15293488851958517
0.538,0.8085908063300679,0.46115985448320135,0.3474309518468665,0.15293488851958517
0.5381666666666667,0.8085908063300679,0.46137384977530493,0.3472169565547629,0.15293488851958517
0.5383333333333333,0.8085908063300679,0.4615878450674085,0.34700296126265934,0.15292775801526115
0.5385,0.8085908063300679,0.4618018403595121,0.34678896597055575,0.1528043879904057
0.5386666666666666,0.8085908063300679,0.4620158356516157,0.34657497067845217,0.1528043879904057
0.5388333333333334,0.8085908063300679,0.4622298309437192,0.34636097538634864,0.1527766651915594
0.539,0.8085908063300679,0.4624438262358228,0.34614698009424505,0.1526790367769421
0.5391666666666667,0.8085908063300679,0.4626578215279264,0.34593298480214146,0.1525247253312807
0.5393333333333333,0.8085908063300679,0.46287181682003,0.3457189895100379,0.1525247253312807
0.5395,0.8085908063300679,0.4630858121121335,0.34550499421793435,0.1525247253312807
0.5396666666666666,0.8093443858327054,0.4630858121121335,0.3462585737205719,0.1525247253312807
0.5398333333333334,0.8093443858327054,0.4632998074042371,0.3460445784284683,0.15252238197387888
0.54,0.8093443858327054,0.4635138026963407,0.3458305831363647,0.15248757070797786
0.5401666666666667,0.8093443858327054,0.46372779798844427,0.34561658784426114,0.1524474901498792
0.5403333333333333,0.8093443858327054,0.46394179328054785,0.34540259255215755,0.15243291715148588
0.5405,0.8093443858327054,0.4641557885726514,0.345188597260054,0.15232222845019888
0.5406666666666666,0.8093443858327054,0.46436978386475497,0.34497460196795043,0.15232222845019888
0.5408333333333334,0.8093443858327054,0.46458377915685856,0.34476060667584685,0.15223427576927157
0.541,0.8100979653353428,0.46458377915685856,0.3455141861784843,0.15221618862593198
0.5411666666666667,0.8100979653353428,0.46479777444896214,0.3453001908863807,0.15213373422553014
0.5413333333333333,0.8108515448379804,0.46479777444896214,0.34605377038901824,0.15213373422553014
0.5415,0.8108515448379804,0.4650117697410657,0.3458397750969147,0.15202124847918239
0.5416666666666666,0.8108515448379804,0.46522576503316926,0.34562577980481113,0.15193569711033258
0.5418333333333333,0.8108515448379804,0.46543976032527284,0.34541178451270754,0.15193569711033258
0.542,0.8108515448379804,0.46565375561737643,0.34519778922060396,0.15193569711033258
0.5421666666666667,0.8116051243406179,0.46565375561737643,0.3459513687232415,0.15193569711033258
0.5423333333333333,0.8116051243406179,0.46586775090948,0.3457373734311379,0.15173420537986534
0.5425,0.8116051243406179,0.46608174620158355,0.3455233781390344,0.15173420537986534
0.5426666666666666,0.8116051243406179,0.46629574149368713,0.3453093828469308,0.15172094356540325
0.5428333333333333,0.8116051243406179,0.4665097367857907,0.3450953875548272,0.15166800841743833
0.543,0.8116051243406179,0.4667237320778943,0.34488139226272363,0.15146812180767072
0.5431666666666667,0.8116051243406179,0.46693772736999783,0.3446673969706201,0.15136824560970716
0.5433333333333333,0.8123587038432555,0.46693772736999783,0.34542097647325765,0.15131116605386652
0.5435,0.813112283345893,0.46693772736999783,0.3461745559758952,0.15117999077419192
0.5436666666666666,0.813112283345893,0.4671517226621014,0.3459605606837916,0.15104822948304755
0.5438333333333333,0.813112283345893,0.467365717954205,0.345746565391688,0.15101995052266382
0.544,0.8138658628485306,0.467365717954205,0.34650014489432557,0.15092637120229188
0.5441666666666667,0.8138658628485306,0.4675797132463086,0.346286149602222,0.1508029226624421
0.5443333333333333,0.814619442351168,0.4675797132463086,0.3470397291048594,0.15070558744096593
0.5445,0.814619442351168,0.4677937085384122,0.34682573381275583,0.15070558744096593
0.5446666666666666,0.814619442351168,0.4680077038305157,0.3466117385206523,0.15070558744096593
0.5448333333333333,0.814619442351168,0.4682216991226193,0.3463977432285487,0.15070558744096593
0.545,0.814619442351168,0.4684356944147229,0.34618374793644513,0.15046741821478796
0.5451666666666667,0.814619442351168,0.46864968970682647,0.34596975264434154,0.15046741821478796
0.5453333333333333,0.8153730218538056,0.46864968970682647,0.3467233321469791,0.15046741821478796
0.5455,0.8153730218538056,0.46886368499893,0.34650933685487556,0.15042308592135542
0.5456666666666666,0.8153730218538056,0.4690776802910336,0.346295341562772,0.15042279164241484
0.5458333333333333,0.8153730218538056,0.46929167558313717,0.3460813462706684,0.15041733609734584
0.546,0.8153730218538056,0.46950567087524075,0.3458673509785648,0.15039637774432774
0.5461666666666667,0.8161266013564431,0.46950567087524075,0.34662093048120235,0.15035310223488346
0.5463333333333333,0.8161266013564431,0.46971966616734434,0.34640693518909876,0.15032149404558906
0.5465,0.8161266013564431,0.46993366145944787,0.34619293989699523,0.15031970836969652
0.5466666666666666,0.8161266013564431,0.47014765675155146,0.34597894460489165,0.150190436175885
0.5468333333333333,0.8168801808590807,0.47014765675155146,0.3467325241075292,0.15003832569387743
0.547,0.8176337603617182,0.47014765675155146,0.34748610361016674,0.14997682385502745
0.5471666666666667,0.8176337603617182,0.47036165204365504,0.34727210831806316,0.14997109524300395
0.5473333333333333,0.8176337603617182,0.47057564733575863,0.34705811302595957,0.14985815162790173
0.5475,0.8176337603617182,0.47078964262786216,0.34684411773385604,0.14985815162790173
0.5476666666666666,0.8176337603617182,0.47100363791996575,0.34663012244175245,0.14973386073389597
0.5478333333333333,0.8183873398643556,0.47100363791996575,0.3473837019443899,0.1496948074667215
0.548,0.8183873398643556,0.47121763321206933,0.3471697066522863,0.14955556632325703
0.5481666666666667,0.8191409193669932,0.47121763321206933,0.34792328615492385,0.14955556632325703
0.5483333333333333,0.8191409193669932,0.4714316285041729,0.34770929086282026,0.14955556632325703
0.5485,0.8191409193669932,0.4716456237962765,0.3474952955707167,0.14955556632325703
0.5486666666666666,0.8191409193669932,0.47185961908838003,0.34728130027861315,0.14955556632325703
0.5488333333333333,0.8191409193669932,0.4720736143804836,0.34706730498650956,0.14955556632325703
0.549,0.8191409193669932,0.4722876096725872,0.346853309694406,0.14955214396150193
0.5491666666666667,0.8191409193669932,0.4725016049646908,0.3466393144023024,0.14946199902154056
0.5493333333333333,0.8191409193669932,0.4727156002567944,0.3464253191101988,0.14946199902154056
0.5495,0.8191409193669932,0.4729295955488979,0.3462113238180953,0.14945990526665015
0.5496666666666666,0.8191409193669932,0.4731435908410015,0.3459973285259917,0.14938246514414405
0.5498333333333333,0.8191409193669932,0.4733575861331051,0.3457833332338881,0.1493656820243695
0.55,0.8191409193669932,0.47357158142520867,0.3455693379417845,0.14929708695330957
0.5501666666666667,0.8191409193669932,0.4737855767173122,0.345355342649681,0.14929708695330957
0.5503333333333333,0.8191409193669932,0.4739995720094158,0.3451413473575774,0.14917360209200486
0.5505,0.8191409193669932,0.47421356730151937,0.3449273520654738,0.14902944081574987
0.5506666666666666,0.8191409193669932,0.47442756259362295,0.3447133567733702,0.14900502834791243
0.5508333333333333,0.8191409193669932,0.47464155788572654,0.34449936148126664,0.14900225295952407
0.551,0.8198944988696307,0.47464155788572654,0.3452529409839042,0.14896822657383624
0.5511666666666667,0.8198944988696307,0.47485555317783007,0.34503894569180066,0.14896822657383624
0.5513333333333333,0.8198944988696307,0.47506954846993366,0.34482495039969707,0.14896008116845771
0.5515,0.8198944988696307,0.47528354376203724,0.3446109551075935,0.14896008116845771
0.5516666666666666,0.8198944988696307,0.4754975390541408,0.3443969598154899,0.14896008116845771
0.5518333333333333,0.8198944988696307,0.47571153434624436,0.34418296452338637,0.14896008116845771
0.552,0.8206480783722683,0.47571153434624436,0.3449365440260239,0.14896008116845771
0.5521666666666667,0.8214016578749058,0.47571153434624436,0.34569012352866146,0.14896008116845771
0.5523333333333333,0.8214016578749058,0.47592552963834794,0.3454761282365579,0.14896008116845771
0.5525,0.8221552373775434,0.47592552963834794,0.3462297077391954,0.14896008116845771
0.5526666666666666,0.8221552373775434,0.47613952493045153,0.34601571244709184,0.14896008116845771
0.5528333333333333,0.8229088168801808,0.47613952493045153,0.3467692919497293,0.14896008116845771
0.553,0.8229088168801808,0.4763535202225551,0.3465552966576257,0.14896008116845771
0.5531666666666667,0.8236623963828184,0.4763535202225551,0.34730887616026324,0.14896008116845771
0.5533333333333333,0.8236623963828184,0.4765675155146587,0.34709488086815965,0.14896008116845771
0.5535,0.8244159758854559,0.4765675155146587,0.3478484603707972,0.14896008116845771
0.5536666666666666,0.8244159758854559,0.47678151080676223,0.34763446507869367,0.14896008116845771
0.5538333333333333,0.8244159758854559,0.4769955060988658,0.3474204697865901,0.14889036633935457
0.554,0.8244159758854559,0.4772095013909694,0.3472064744944865,0.14889036633935457
0.5541666666666667,0.8244159758854559,0.477423496683073,0.3469924792023829,0.14889036633935457
0.5543333333333333,0.8251695553880934,0.477423496683073,0.34774605870502046,0.14889036633935457
0.5545,0.8251695553880934,0.4776374919751765,0.3475320634129169,0.14889036633935457
0.5546666666666666,0.825923134890731,0.4776374919751765,0.34828564291555447,0.14889036633935457
0.5548333333333333,0.825923134890731,0.4778514872672801,0.3480716476234509,0.14886593291748731
0.555,0.8266767143933685,0.4778514872672801,0.34882522712608843,0.1488252070427276
0.5551666666666667,0.8266767143933685,0.4780654825593837,0.34861123183398485,0.1488252070427276
0.5553333333333333,0.827430293896006,0.4780654825593837,0.3493648113366223,0.14879365352053653
0.5555,0.827430293896006,0.4782794778514873,0.3491508160445187,0.1487665317976097
0.5556666666666666,0.827430293896006,0.47849347314359086,0.3489368207524151,0.1487078831856712
0.5558333333333333,0.827430293896006,0.4787074684356944,0.3487228254603116,0.14870403505342514
0.556,0.827430293896006,0.478921463727798,0.348508830168208,0.14869649650964428
0.5561666666666667,0.827430293896006,0.47913545901990157,0.3482948348761044,0.14864234353061861
0.5563333333333333,0.827430293896006,0.47934945431200515,0.3480808395840008,0.14864234353061861
0.5565,0.827430293896006,0.4795634496041087,0.3478668442918973,0.14864234353061861
0.5566666666666666,0.827430293896006,0.47977744489621227,0.3476528489997937,0.14863672932094626
0.5568333333333333,0.827430293896006,0.47999144018831585,0.3474388537076901,0.14863208808192238
0.557,0.827430293896006,0.48020543548041944,0.34722485841558653,0.1483107844417558
0.5571666666666667,0.827430293896006,0.480419430772523,0.34701086312348295,0.1483107844417558
0.5573333333333333,0.827430293896006,0.48063342606462656,0.3467968678313794,0.14830694073593143
0.5575,0.827430293896006,0.48084742135673014,0.34658287253927583,0.14828193261929554
0.5576666666666666,0.827430293896006,0.48106141664883373,0.34636887724717225,0.1482137145157551
0.5578333333333333,0.827430293896006,0.4812754119409373,0.34615488195506866,0.14810237559196177
0.558,0.8281838733986435,0.4812754119409373,0.3469084614577062,0.14810237559196177
0.5581666666666667,0.8281838733986435,0.4814894072330409,0.3466944661656026,0.14810237559196177
0.5583333333333333,0.8281838733986435,0.48170340252514443,0.3464804708734991,0.14810237559196177
0.5585,0.8281838733986435,0.481917397817248,0.3462664755813955,0.14808414514009713
0.5586666666666666,0.8289374529012811,0.481917397817248,0.34702005508403305,0.1480592845116599
0.5588333333333333,0.8296910324039186,0.481917397817248,0.3477736345866706,0.14801879665778578
0.559,0.8296910324039186,0.4821313931093516,0.347559639294567,0.14801879665778578
0.5591666666666667,0.8296910324039186,0.4823453884014552,0.3473456440024634,0.14801879665778578
0.5593333333333333,0.8296910324039186,0.4825593836935587,0.3471316487103599,0.14801879665778578
0.5595,0.8296910324039186,0.4827733789856623,0.3469176534182563,0.14801879665778578
0.5596666666666666,0.8296910324039186,0.4829873742777659,0.3467036581261527,0.14801125476451982
0.5598333333333333,0.8296910324039186,0.4832013695698695,0.34648966283404914,0.14800087701043083
0.56,0.8296910324039186,0.48341536486197306,0.34627566754194555,0.14793370707792178
0.5601666666666667,0.8304446119065562,0.48341536486197306,0.3470292470445831,0.14793370707792178
0.5603333333333333,0.8311981914091937,0.48341536486197306,0.34778282654722065,0.14793370707792178
0.5605,0.8311981914091937,0.4836293601540766,0.3475688312551171,0.14793370707792178
0.5606666666666666,0.8319517709118311,0.4836293601540766,0.34832241075775455,0.14793370707792178
0.5608333333333333,0.8319517709118311,0.4838433554461802,0.34810841546565097,0.14793370707792178
0.561,0.8319517709118311,0.48405735073828376,0.3478944201735474,0.14793370707792178
0.5611666666666667,0.8319517709118311,0.48427134603038735,0.3476804248814438,0.147904598781416
0.5613333333333334,0.8319517709118311,0.4844853413224909,0.34746642958934026,0.147885770165451
0.5615,0.8327053504144687,0.4844853413224909,0.3482200090919778,0.147885770165451
0.5616666666666666,0.8327053504144687,0.48469933661459447,0.3480060137998742,0.14788092661731125
0.5618333333333333,0.8327053504144687,0.48491333190669805,0.34779201850777064,0.1478070067009458
0.562,0.8327053504144687,0.48512732719880164,0.34757802321566705,0.14779981318835927
0.5621666666666667,0.8327053504144687,0.4853413224909052,0.34736402792356347,0.14779981318835927
0.5623333333333334,0.8327053504144687,0.48555531778300876,0.34715003263145994,0.14777331139174946
0.5625,0.8327053504144687,0.48576931307511234,0.34693603733935635,0.14773286443106196
0.5626666666666666,0.8334589299171062,0.48576931307511234,0.3476896168419939,0.14773286443106196
0.5628333333333333,0.8334589299171062,0.4859833083672159,0.3474756215498903,0.147701622603115
0.563,0.8334589299171062,0.4861973036593195,0.3472616262577867,0.147701622603115
0.5631666666666667,0.8334589299171062,0.48641129895142304,0.3470476309656832,0.147701622603115
0.5633333333333334,0.8334589299171062,0.48662529424352663,0.3468336356735796,0.14766113505847303
0.5635,0.8334589299171062,0.4868392895356302,0.346619640381476,0.1476433276677037
0.5636666666666666,0.8334589299171062,0.4870532848277338,0.34640564508937244,0.1476343166993657
0.5638333333333333,0.8334589299171062,0.4872672801198374,0.34619164979726885,0.14754777932234112
0.564,0.8334589299171062,0.4874812754119409,0.3459776545051653,0.14754777932234112
0.5641666666666667,0.8334589299171062,0.4876952707040445,0.34576365921306174,0.14754777932234112
0.5643333333333334,0.8334589299171062,0.4879092659961481,0.34554966392095815,0.14754777932234112
0.5645,0.8342125094197438,0.4879092659961481,0.3463032434235957,0.14754777932234112
0.5646666666666667,0.8342125094197438,0.4881232612882517,0.3460892481314921,0.1475386940977707
0.5648333333333333,0.8342125094197438,0.4883372565803552,0.3458752528393886,0.14749509559377721
0.565,0.8342125094197438,0.4885512518724588,0.345661257547285,0.14746963657315112
0.5651666666666667,0.8342125094197438,0.4887652471645624,0.3454472622551814,0.1473179265117661
0.5653333333333334,0.8342125094197438,0.48897924245666596,0.3452332669630778,0.14728185272460367
0.5655,0.8349660889223813,0.48897924245666596,0.34598684646571537,0.14728185272460367
0.5656666666666667,0.8349660889223813,0.48919323774876955,0.3457728511736118,0.14728185272460367
0.5658333333333333,0.8357196684250189,0.48919323774876955,0.34652643067624933,0.14725728833583
0.566,0.8357196684250189,0.4894072330408731,0.3463124353841458,0.14724236243182687
0.5661666666666667,0.8357196684250189,0.48962122833297667,0.3460984400920422,0.14719591471373009
0.5663333333333334,0.8357196684250189,0.48983522362508025,0.34588444479993863,0.14716798323723482
0.5665,0.8357196684250189,0.49004921891718384,0.34567044950783504,0.14711827908480896
0.5666666666666667,0.8357196684250189,0.49026321420928737,0.3454564542157315,0.14710751551757364
0.5668333333333333,0.8357196684250189,0.49047720950139095,0.3452424589236279,0.14710751551757364
0.567,0.8357196684250189,0.49069120479349454,0.34502846363152434,0.14707887436096467
0.5671666666666667,0.8357196684250189,0.4909052000855981,0.34481446833942075,0.1470758792644524
0.5673333333333334,0.8357196684250189,0.4911191953777017,0.34460047304731717,0.1470758792644524
0.5675,0.8357196684250189,0.49133319066980524,0.34438647775521364,0.1470758792644524
0.5676666666666667,0.8357196684250189,0.49154718596190883,0.34417248246311005,0.1470758792644524
0.5678333333333333,0.8357196684250189,0.4917611812540124,0.34395848717100647,0.1470758792644524
0.568,0.8357196684250189,0.491975176546116,0.3437444918789029,0.1470758792644524
0.5681666666666667,0.8364732479276563,0.491975176546116,0.3444980713815403,0.1470758792644524
0.5683333333333334,0.8364732479276563,0.4921891718382196,0.34428407608943673,0.1470758792644524
0.5685,0.8364732479276563,0.4924031671303231,0.3440700807973332,0.14707491839478223
0.5686666666666667,0.8372268274302939,0.4924031671303231,0.34482366029997075,0.14699955866273673
0.5688333333333333,0.8372268274302939,0.4926171624224267,0.34460966500786716,0.14696170678627912
0.569,0.8372268274302939,0.4928311577145303,0.3443956697157636,0.14694898822057614
0.5691666666666667,0.8372268274302939,0.4930451530066339,0.34418167442366,0.14694898822057614
0.5693333333333334,0.8372268274302939,0.4932591482987374,0.34396767913155646,0.14689930000145496
0.5695,0.8379804069329314,0.4932591482987374,0.344721258634194,0.14686193223348265
0.5696666666666667,0.8379804069329314,0.493473143590841,0.3445072633420904,0.1468423873159169
0.5698333333333333,0.8379804069329314,0.4936871388829446,0.34429326804998683,0.14682865404470277
0.57,0.8379804069329314,0.49390113417504816,0.34407927275788325,0.14670881854477869
0.5701666666666667,0.8379804069329314,0.49411512946715175,0.34386527746577966,0.14667847027533212
0.5703333333333334,0.838733986435569,0.49411512946715175,0.3446188569684172,0.14666627176317457
0.5705,0.8394875659382065,0.49411512946715175,0.34537243647105476,0.14659634431994414
0.5706666666666667,0.8394875659382065,0.4943291247592553,0.3451584411789512,0.14653233880893096
0.5708333333333333,0.840241145440844,0.4943291247592553,0.34591202068158877,0.14652689351342466
0.571,0.840241145440844,0.49454312005135886,0.3456980253894852,0.14652689351342466
0.5711666666666667,0.840241145440844,0.49475711534346245,0.3454840300973816,0.14652689351342466
0.5713333333333334,0.840241145440844,0.49497111063556604,0.345270034805278,0.14644107836525344
0.5715,0.840241145440844,0.49518510592766957,0.3450560395131745,0.14641066704060393
0.5716666666666667,0.840241145440844,0.49539910121977315,0.3448420442210709,0.14641066704060393
0.5718333333333333,0.840241145440844,0.49561309651187674,0.3446280489289673,0.14641066704060393
0.572,0.840241145440844,0.4958270918039803,0.3444140536368637,0.14641066704060393
0.5721666666666667,0.840241145440844,0.4960410870960839,0.34420005834476014,0.14641066704060393
0.5723333333333334,0.8409947249434815,0.4960410870960839,0.3449536378473976,0.14641066704060393
0.5725,0.8409947249434815,0.49625508238818744,0.34473964255529405,0.14641066704060393
0.5726666666666667,0.8409947249434815,0.496469077680291,0.34452564726319046,0.14639918846287964
0.5728333333333333,0.8409947249434815,0.4966830729723946,0.3443116519710869,0.14630411946107552
0.573,0.8409947249434815,0.4968970682644982,0.3440976566789833,0.1462532034823444
0.5731666666666667,0.8409947249434815,0.49711106355660173,0.34388366138687976,0.1462532034823444
0.5733333333333334,0.8409947249434815,0.4973250588487053,0.34366966609477617,0.1462532034823444
0.5735,0.8409947249434815,0.4975390541408089,0.3434556708026726,0.14612274094025723
0.5736666666666667,0.8409947249434815,0.4977530494329125,0.343241675510569,0.14611932471535724
0.5738333333333333,0.841748304446119,0.4977530494329125,0.34399525501320655,0.14611434290534023
0.574,0.841748304446119,0.4979670447250161,0.34378125972110296,0.1460215969578513
0.5741666666666667,0.841748304446119,0.4981810400171196,0.34356726442899943,0.14591516837870516
0.5743333333333334,0.841748304446119,0.4983950353092232,0.34335326913689584,0.14591516837870516
0.5745,0.841748304446119,0.4986090306013268,0.34313927384479226,0.14591516837870516
0.5746666666666667,0.841748304446119,0.49882302589343036,0.3429252785526887,0.14591516837870516
0.5748333333333333,0.841748304446119,0.4990370211855339,0.34271128326058514,0.14586251832394562
0.575,0.841748304446119,0.4992510164776375,0.34249728796848156,0.14578809007093632
0.5751666666666667,0.841748304446119,0.49946501176974106,0.34228329267637797,0.14578809007093632
0.5753333333333334,0.8425018839487566,0.49946501176974106,0.3430368721790155,0.14578809007093632
0.5755,0.8425018839487566,0.49967900706184465,0.34282287688691193,0.14578809007093632
0.5756666666666667,0.8425018839487566,0.49989300235394823,0.34260888159480835,0.14571559109143747
0.5758333333333333,0.8425018839487566,0.5001069976460518,0.34239488630270476,0.1456819950726862
0.576,0.8425018839487566,0.5003209929381554,0.34218089101060123,0.1456819950726862
0.5761666666666667,0.8425018839487566,0.5005349882302589,0.3419668957184977,0.14555995917832593
0.5763333333333334,0.8432554634513941,0.5005349882302589,0.34272047522113525,0.14555995917832593
0.5765,0.8432554634513941,0.5007489835223625,0.3425064799290316,0.14555995917832593
0.5766666666666667,0.8432554634513941,0.500962978814466,0.3422924846369281,0.14555704689339508
0.5768333333333333,0.8432554634513941,0.5011769741065697,0.34207848934482443,0.14555704689339508
0.577,0.8432554634513941,0.5013909693986732,0.3418644940527209,0.145471077152043
0.5771666666666667,0.8432554634513941,0.5016049646907768,0.34165049876061737,0.1453309127702557
0.5773333333333334,0.8432554634513941,0.5018189599828804,0.34143650346851373,0.1453103818048219
0.5775,0.8432554634513941,0.5020329552749839,0.3412225081764102,0.1453103818048219
0.5776666666666667,0.8432554634513941,0.5022469505670876,0.34100851288430656,0.1453103818048219
0.5778333333333333,0.8432554634513941,0.5024609458591911,0.34079451759220303,0.1453103818048219
0.578,0.8432554634513941,0.5026749411512946,0.3405805223000995,0.1453103818048219
0.5781666666666667,0.8432554634513941,0.5028889364433983,0.34036652700799586,0.1453103818048219
0.5783333333333334,0.8432554634513941,0.5031029317355018,0.3401525317158923,0.14508492394634653
0.5785,0.8432554634513941,0.5033169270276054,0.3399385364237887,0.14508492394634653
0.5786666666666667,0.8432554634513941,0.503530922319709,0.33972454113168515,0.14508492394634653
0.5788333333333333,0.8432554634513941,0.5037449176118125,0.3395105458395816,0.14504407389299684
0.579,0.8432554634513941,0.5039589129039161,0.339296550547478,0.14501534293030202
0.5791666666666667,0.8440090429540317,0.5039589129039161,0.34005013005011553,0.14501534293030202
0.5793333333333334,0.8440090429540317,0.5041729081960197,0.339836134758012,0.1448116054191487
0.5795,0.8440090429540317,0.5043869034881232,0.33962213946590847,0.14460837958655645
0.5796666666666667,0.8440090429540317,0.5046008987802268,0.3394081441738048,0.14459164495639776
0.5798333333333333,0.8447626224566692,0.5046008987802268,0.3401617236764424,0.14447436526483387
0.58,0.8447626224566692,0.5048148940723304,0.33994772838433884,0.14447436526483387
0.5801666666666667,0.8455162019593067,0.5048148940723304,0.3407013078869763,0.14447436526483387
0.5803333333333334,0.8455162019593067,0.505028889364434,0.34048731259487264,0.14447436526483387
0.5805,0.8455162019593067,0.5052428846565375,0.3402733173027691,0.14447436526483387
0.5806666666666667,0.8462697814619442,0.5052428846565375,0.34102689680540665,0.14447436526483387
0.5808333333333333,0.8462697814619442,0.5054568799486411,0.3408129015133031,0.14447436526483387
0.581,0.8462697814619442,0.5056708752407447,0.3405989062211995,0.14447436526483387
0.5811666666666667,0.8462697814619442,0.5058848705328483,0.34038491092909595,0.14447436526483387
0.5813333333333334,0.8462697814619442,0.5060988658249519,0.3401709156369923,0.14447436526483387
0.5815,0.8462697814619442,0.5063128611170554,0.3399569203448888,0.14447436526483387
0.5816666666666667,0.8462697814619442,0.506526856409159,0.33974292505278525,0.14444521468921315
0.5818333333333333,0.8470233609645818,0.506526856409159,0.3404965045554228,0.14444521468921315
0.582,0.8470233609645818,0.5067408517012626,0.34028250926331916,0.14435750985931795
0.5821666666666667,0.8470233609645818,0.5069548469933661,0.3400685139712156,0.144354624247612
0.5823333333333334,0.8470233609645818,0.5071688422854698,0.339854518679112,0.14427308068705375
0.5825,0.8470233609645818,0.5073828375775733,0.33964052338700845,0.1442649680511181
0.5826666666666667,0.8477769404672193,0.5073828375775733,0.340394102889646,0.14425448974735333
0.5828333333333333,0.8477769404672193,0.5075968328696768,0.34018010759754247,0.14405531666551652
0.583,0.8477769404672193,0.5078108281617805,0.33996611230543883,0.14405531666551652
0.5831666666666667,0.8477769404672193,0.508024823453884,0.3397521170133353,0.14405531666551652
0.5833333333333334,0.8485305199698568,0.508024823453884,0.34050569651597284,0.14405531666551652
0.5835,0.8485305199698568,0.5082388187459876,0.3402917012238692,0.14403856466130924
0.5836666666666667,0.8485305199698568,0.5084528140380912,0.3400777059317657,0.14398339027001797
0.5838333333333333,0.8485305199698568,0.5086668093301947,0.33986371063966214,0.14398339027001797
0.584,0.8485305199698568,0.5088808046222983,0.3396497153475585,0.1437283520809233
0.5841666666666666,0.8485305199698568,0.5090947999144019,0.33943572005545497,0.1437283520809233
0.5843333333333334,0.8485305199698568,0.5093087952065054,0.33922172476335144,0.1437283520809233
0.5845,0.8485305199698568,0.509522790498609,0.3390077294712478,0.14356436215236837
0.5846666666666667,0.8492840994724944,0.509522790498609,0.33976130897388535,0.14356436215236837
0.5848333333333333,0.8492840994724944,0.5097367857907126,0.3395473136817818,0.14339922498928
0.585,0.8492840994724944,0.5099507810828162,0.3393333183896782,0.14337728814038647
0.5851666666666666,0.8500376789751318,0.5099507810828162,0.3400868978923156,0.14337728814038647
0.5853333333333334,0.8500376789751318,0.5101647763749197,0.3398729026002121,0.14337728814038647
0.5855,0.8500376789751318,0.5103787716670233,0.33965890730810855,0.14337728814038647
0.5856666666666667,0.8500376789751318,0.5105927669591269,0.3394449120160049,0.14337728814038647
0.5858333333333333,0.8500376789751318,0.5108067622512305,0.3392309167239014,0.14337728814038647
0.586,0.8507912584777694,0.5108067622512305,0.3399844962265389,0.14337728814038647
0.5861666666666666,0.8507912584777694,0.5110207575433341,0.3397705009344353,0.14337728814038647
0.5863333333333334,0.8507912584777694,0.5112347528354376,0.33955650564233175,0.14337728814038647
0.5865,0.8515448379804069,0.5112347528354376,0.3403100851449693,0.14337728814038647
0.5866666666666667,0.8515448379804069,0.5114487481275412,0.34009608985286577,0.14337728814038647
0.5868333333333333,0.8515448379804069,0.5116627434196448,0.3398820945607621,0.14337728814038647
0.587,0.8522984174830445,0.5116627434196448,0.3406356740633997,0.14337728814038647
0.5871666666666666,0.8522984174830445,0.5118767387117483,0.34042167877129614,0.14337728814038647
0.5873333333333334,0.8522984174830445,0.512090734003852,0.3402076834791925,0.14337728814038647
0.5875,0.8522984174830445,0.5123047292959555,0.33999368818708897,0.14337728814038647
0.5876666666666667,0.8522984174830445,0.512518724588059,0.33977969289498544,0.14337728814038647
0.5878333333333333,0.8522984174830445,0.5127327198801627,0.3395656976028818,0.14337728814038647
0.588,0.8522984174830445,0.5129467151722662,0.33935170231077827,0.14337728814038647
0.5881666666666666,0.8522984174830445,0.5131607104643697,0.33913770701867474,0.14337728814038647
0.5883333333333334,0.8522984174830445,0.5133747057564734,0.3389237117265711,0.14337728814038647
0.5885,0.8522984174830445,0.5135887010485769,0.33870971643446757,0.14327916535196442
0.5886666666666667,0.8522984174830445,0.5138026963406805,0.3384957211423639,0.14312413425223028
0.5888333333333333,0.8522984174830445,0.5140166916327841,0.3382817258502604,0.14312413425223028
0.589,0.8522984174830445,0.5142306869248876,0.33806773055815686,0.14312413425223028
0.5891666666666666,0.8522984174830445,0.5144446822169912,0.3378537352660532,0.143115210548665
0.5893333333333334,0.8522984174830445,0.5146586775090948,0.3376397399739497,0.14307200933367345
0.5895,0.8522984174830445,0.5148726728011984,0.33742574468184605,0.14299150841172306
0.5896666666666667,0.8522984174830445,0.515086668093302,0.3372117493897425,0.1429686950180904
0.5898333333333333,0.8522984174830445,0.5153006633854055,0.336997754097639,0.1429686950180904
0.59,0.8522984174830445,0.5155146586775091,0.33678375880553535,0.1427417878891915
0.5901666666666666,0.8522984174830445,0.5157286539696126,0.3365697635134318,0.1427417878891915
0.5903333333333334,0.8522984174830445,0.5159426492617163,0.3363557682213282,0.1427417878891915
0.5905,0.8522984174830445,0.5161566445538198,0.33614177292922465,0.1427417878891915
0.5906666666666667,0.8522984174830445,0.5163706398459234,0.3359277776371211,0.1426261767592095
0.5908333333333333,0.8522984174830445,0.516584635138027,0.3357137823450175,0.1426261767592095
0.591,0.8522984174830445,0.5167986304301305,0.33549978705291394,0.1426261767592095
0.5911666666666666,0.8522984174830445,0.5170126257222342,0.3352857917608103,0.1426261767592095
0.5913333333333334,0.8522984174830445,0.5172266210143377,0.3350717964687068,0.1426261767592095
0.5915,0.8522984174830445,0.5174406163064412,0.33485780117660324,0.14257752940388868
0.5916666666666667,0.8522984174830445,0.5176546115985449,0.3346438058844996,0.14257752940388868
0.5918333333333333,0.8522984174830445,0.5178686068906484,0.33442981059239607,0.14257752940388868
0.592,0.8522984174830445,0.5180826021827519,0.33421581530029254,0.14257752940388868
0.5921666666666666,0.853051996985682,0.5180826021827519,0.3349693948029301,0.14257752940388868
0.5923333333333334,0.853051996985682,0.5182965974748556,0.33475539951082645,0.14257752940388868
0.5925,0.853051996985682,0.5185105927669591,0.3345414042187229,0.14257752940388868
0.5926666666666667,0.853051996985682,0.5187245880590627,0.3343274089266193,0.1425619401836745
0.5928333333333333,0.853051996985682,0.5189385833511663,0.33411341363451574,0.14243710797405998
0.593,0.853051996985682,0.5191525786432698,0.3338994183424122,0.1422761890805409
0.5931666666666666,0.853051996985682,0.5193665739353734,0.33368542305030857,0.1422733497659051
0.5933333333333334,0.853051996985682,0.519580569227477,0.33347142775820504,0.14226041090660976
0.5935,0.8538055764883196,0.519580569227477,0.3342250072608426,0.1422493311537567
0.5936666666666667,0.8538055764883196,0.5197945645195806,0.33401101196873895,0.14221675675871254
0.5938333333333333,0.8538055764883196,0.5200085598116841,0.3337970166766354,0.14214219047950027
0.594,0.8538055764883196,0.5202225551037877,0.3335830213845319,0.14214219047950027
0.5941666666666666,0.8538055764883196,0.5204365503958913,0.33336902609242824,0.14214219047950027
0.5943333333333334,0.8538055764883196,0.5206505456879948,0.3331550308003247,0.14214219047950027
0.5945,0.8538055764883196,0.5208645409800985,0.3329410355082211,0.14214219047950027
0.5946666666666667,0.8538055764883196,0.521078536272202,0.33272704021611754,0.14208281505189171
0.5948333333333333,0.8538055764883196,0.5212925315643056,0.332513044924014,0.1420713601958841
0.595,0.8538055764883196,0.5215065268564092,0.33229904963191037,0.1419600475510158
0.5951666666666666,0.8538055764883196,0.5217205221485127,0.33208505433980684,0.14191037456624167
0.5953333333333334,0.8538055764883196,0.5219345174406163,0.3318710590477033,0.141903620790339
0.5955,0.8538055764883196,0.5221485127327199,0.33165706375559967,0.14186502978177196
0.5956666666666667,0.8538055764883196,0.5223625080248234,0.33144306846349614,0.14174379841609683
0.5958333333333333,0.8538055764883196,0.5225765033169271,0.3312290731713925,0.14170705534781103
0.596,0.854559155990957,0.5225765033169271,0.33198265267402993,0.14169278417560993
0.5961666666666666,0.854559155990957,0.5227904986090306,0.3317686573819264,0.1416761559412996
0.5963333333333334,0.854559155990957,0.5230044939011341,0.33155466208982287,0.14165077937790335
0.5965,0.854559155990957,0.5232184891932378,0.33134066679771923,0.14159600125351599
0.5966666666666667,0.854559155990957,0.5234324844853413,0.3311266715056157,0.14159600125351599
0.5968333333333333,0.854559155990957,0.5236464797774449,0.33091267621351206,0.14140578461977707
0.597,0.854559155990957,0.5238604750695485,0.3306986809214085,0.1414021386278711
0.5971666666666666,0.854559155990957,0.524074470361652,0.330484685629305,0.1414021386278711
0.5973333333333334,0.854559155990957,0.5242884656537556,0.33027069033720136,0.14134501910784097
0.5975,0.854559155990957,0.5245024609458592,0.3300566950450978,0.14123635955244265
0.5976666666666667,0.854559155990957,0.5247164562379628,0.3298426997529942,0.14123635955244265
0.5978333333333333,0.854559155990957,0.5249304515300663,0.32962870446089065,0.1411811117923838
0.598,0.854559155990957,0.5251444468221699,0.3294147091687871,0.1411811117923838
0.5981666666666666,0.854559155990957,0.5253584421142735,0.3292007138766835,0.1411811117923838
0.5983333333333334,0.854559155990957,0.525572437406377,0.32898671858457995,0.14114167600531385
0.5985,0.854559155990957,0.5257864326984807,0.3287727232924763,0.14101715975565104
0.5986666666666667,0.854559155990957,0.5260004279905842,0.3285587280003728,0.14100669428174026
0.5988333333333333,0.854559155990957,0.5262144232826877,0.32834473270826925,0.14092934382251174
0.599,0.854559155990957,0.5264284185747914,0.3281307374161656,0.14092934382251174
0.5991666666666666,0.854559155990957,0.5266424138668949,0.3279167421240621,0.14092934382251174
0.5993333333333334,0.854559155990957,0.5268564091589985,0.32770274683195855,0.14092934382251174
0.5995,0.854559155990957,0.5270704044511021,0.3274887515398549,0.14092934382251174
0.5996666666666667,0.854559155990957,0.5272843997432056,0.3272747562477514,0.14092934382251174
0.5998333333333333,0.854559155990957,0.5274983950353093,0.32706076095564773,0.14092934382251174
0.6,0.854559155990957,0.5277123903274128,0.3268467656635442,0.14092934382251174
0.6001666666666666,0.8553127354935945,0.5277123903274128,0.32760034516618175,0.14092934382251174
0.6003333333333334,0.8553127354935945,0.5279263856195163,0.3273863498740782,0.14092934382251174
0.6005,0.8553127354935945,0.52814038091162,0.3271723545819746,0.14092934382251174
0.6006666666666667,0.8553127354935945,0.5283543762037235,0.32695835928987105,0.14092934382251174
0.6008333333333333,0.8553127354935945,0.5285683714958271,0.3267443639977674,0.14092934382251174
0.601,0.8553127354935945,0.5287823667879307,0.3265303687056639,0.14092934382251174
0.6011666666666666,0.8553127354935945,0.5289963620800342,0.32631637341356035,0.14092934382251174
0.6013333333333334,0.8553127354935945,0.5292103573721378,0.3261023781214567,0.14092934382251174
0.6015,0.8553127354935945,0.5294243526642414,0.3258883828293532,0.14092934382251174
0.6016666666666667,0.8553127354935945,0.529638347956345,0.32567438753724953,0.14092934382251174
0.6018333333333333,0.8560663149962321,0.529638347956345,0.3264279670398871,0.14092934382251174
0.602,0.8560663149962321,0.5298523432484485,0.32621397174778355,0.14092934382251174
0.6021666666666666,0.8568198944988696,0.5298523432484485,0.3269675512504211,0.14092934382251174
0.6023333333333334,0.8568198944988696,0.5300663385405521,0.32675355595831757,0.14092934382251174
0.6025,0.8568198944988696,0.5302803338326557,0.3265395606662139,0.14092934382251174
0.6026666666666667,0.8568198944988696,0.5304943291247592,0.3263255653741104,0.14092934382251174
0.6028333333333333,0.8568198944988696,0.5307083244168628,0.32611157008200686,0.14092934382251174
0.603,0.8568198944988696,0.5309223197089664,0.3258975747899032,0.14092934382251174
0.6031666666666666,0.8568198944988696,0.53113631500107,0.3256835794977997,0.14092934382251174
0.6033333333333334,0.8568198944988696,0.5313503102931736,0.32546958420569605,0.14092934382251174
0.6035,0.8568198944988696,0.5315643055852771,0.3252555889135925,0.14092934382251174
0.6036666666666667,0.8568198944988696,0.5317783008773806,0.325041593621489,0.14092934382251174
0.6038333333333333,0.8568198944988696,0.5319922961694843,0.32482759832938535,0.14092934382251174
0.604,0.8568198944988696,0.5322062914615878,0.3246136030372818,0.14092934382251174
0.6041666666666666,0.8568198944988696,0.5324202867536915,0.3243996077451782,0.14092934382251174
0.6043333333333333,0.8568198944988696,0.532634282045795,0.32418561245307465,0.14092934382251174
0.6045,0.8568198944988696,0.5328482773378985,0.3239716171609711,0.14076560760991522
0.6046666666666667,0.8575734740015072,0.5328482773378985,0.32472519666360866,0.14064480773795798
0.6048333333333333,0.8575734740015072,0.5330622726300022,0.324511201371505,0.14054602936811347
0.605,0.8575734740015072,0.5332762679221057,0.3242972060794015,0.14051702220385187
0.6051666666666666,0.8575734740015072,0.5334902632142093,0.32408321078729785,0.14042774495403595
0.6053333333333333,0.8583270535041447,0.5334902632142093,0.3248367902899354,0.14039446074687087
0.6055,0.8583270535041447,0.5337042585063129,0.32462279499783186,0.14035691389452312
0.6056666666666667,0.8583270535041447,0.5339182537984164,0.32440879970572833,0.14035691389452312
0.6058333333333333,0.8583270535041447,0.53413224909052,0.3241948044136247,0.14035691389452312
0.606,0.8583270535041447,0.5343462443826236,0.32398080912152116,0.14028534090761954
0.6061666666666666,0.8590806330067822,0.5343462443826236,0.3247343886241586,0.1402324273892148
0.6063333333333333,0.8598342125094197,0.5343462443826236,0.32548796812679615,0.1402324273892148
0.6065,0.8598342125094197,0.5345602396747272,0.3252739728346925,0.1402324273892148
0.6066666666666667,0.8598342125094197,0.5347742349668307,0.325059977542589,0.1402005019981449
0.6068333333333333,0.8598342125094197,0.5349882302589343,0.32484598225048544,0.14017501584881334
0.607,0.8605877920120573,0.5349882302589343,0.325599561753123,0.1401313364699944
0.6071666666666666,0.8605877920120573,0.5352022255510379,0.32538556646101935,0.14008164588645775
0.6073333333333333,0.8605877920120573,0.5354162208431414,0.3251715711689158,0.14008164588645775
0.6075,0.8605877920120573,0.535630216135245,0.3249575758768123,0.14006810345193058
0.6076666666666667,0.8605877920120573,0.5358442114273486,0.32474358058470865,0.14004474882744639
0.6078333333333333,0.8605877920120573,0.5360582067194521,0.3245295852926051,0.14001886307974432
0.608,0.8613413715146948,0.5360582067194521,0.32528316479524266,0.1398620707688055
0.6081666666666666,0.8620949510173324,0.5360582067194521,0.3260367442978802,0.13968659609753534
0.6083333333333333,0.8620949510173324,0.5362722020115558,0.32582274900577657,0.1395950618351871
0.6085,0.8620949510173324,0.5364861973036593,0.32560875371367304,0.13952723435034667
0.6086666666666667,0.8620949510173324,0.5367001925957628,0.3253947584215695,0.1394578207995137
0.6088333333333333,0.8620949510173324,0.5369141878878665,0.32518076312946587,0.13939584400848884
0.609,0.8620949510173324,0.53712818317997,0.32496676783736234,0.13939584400848884
0.6091666666666666,0.8620949510173324,0.5373421784720737,0.3247527725452587,0.13921370671940714
0.6093333333333333,0.8620949510173324,0.5375561737641772,0.32453877725315516,0.13921370671940714
0.6095,0.8620949510173324,0.5377701690562807,0.32432478196105163,0.13921370671940714
0.6096666666666667,0.8620949510173324,0.5379841643483844,0.324110786668948,0.13921152133080017
0.6098333333333333,0.8620949510173324,0.5381981596404879,0.32389679137684446,0.13920161794797822
0.61,0.8620949510173324,0.5384121549325915,0.3236827960847408,0.1390279396813984
0.6101666666666666,0.8620949510173324,0.5386261502246951,0.3234688007926373,0.13900113733540287
0.6103333333333333,0.8620949510173324,0.5388401455167986,0.32325480550053376,0.1389894722218762
0.6105,0.8620949510173324,0.5390541408089022,0.3230408102084301,0.1388965419562594
0.6106666666666667,0.8620949510173324,0.5392681361010058,0.3228268149163266,0.13884368910928674
0.6108333333333333,0.8620949510173324,0.5394821313931093,0.32261281962422306,0.1387301611681799
0.611,0.8620949510173324,0.5396961266852129,0.3223988243321194,0.13871173607473444
0.6111666666666666,0.8628485305199699,0.5396961266852129,0.32315240383475696,0.13871173607473444
0.6113333333333333,0.8628485305199699,0.5399101219773165,0.32293840854265343,0.13871173607473444
0.6115,0.8628485305199699,0.5401241172694201,0.3227244132505498,0.13864520307275016
0.6116666666666667,0.8628485305199699,0.5403381125615236,0.32251041795844626,0.13864520307275016
0.6118333333333333,0.8628485305199699,0.5405521078536272,0.32229642266634273,0.13863821310524582
0.612,0.8628485305199699,0.5407661031457308,0.3220824273742391,0.13851184067451827
0.6121666666666666,0.8636021100226073,0.5407661031457308,0.3228360068768765,0.13843314172239393
0.6123333333333333,0.8636021100226073,0.5409800984378343,0.322622011584773,0.13836114493734386
0.6125,0.8636021100226073,0.541194093729938,0.32240801629266935,0.13834068941412073
0.6126666666666667,0.8636021100226073,0.5414080890220415,0.3221940210005658,0.13831211559978726
0.6128333333333333,0.8636021100226073,0.541622084314145,0.3219800257084623,0.13831211559978726
0.613,0.8636021100226073,0.5418360796062487,0.32176603041635865,0.13793286048874723
0.6131666666666666,0.8636021100226073,0.5420500748983522,0.3215520351242551,0.1378338516570251
0.6133333333333333,0.8636021100226073,0.5422640701904559,0.3213380398321515,0.13771945036167535
0.6135,0.8643556895252449,0.5422640701904559,0.322091619334789,0.13770110281301162
0.6136666666666667,0.8643556895252449,0.5424780654825594,0.3218776240426855,0.13769181255979068
0.6138333333333333,0.8643556895252449,0.5426920607746629,0.32166362875058196,0.13769181255979068
0.614,0.8651092690278824,0.5426920607746629,0.3224172082532195,0.13768130224884298
0.6141666666666666,0.8651092690278824,0.5429060560667666,0.32220321296111587,0.13768130224884298
0.6143333333333333,0.8651092690278824,0.5431200513588701,0.32198921766901234,0.1376685783874853
0.6145,0.8651092690278824,0.5433340466509736,0.3217752223769088,0.1376685783874853
0.6146666666666667,0.8651092690278824,0.5435480419430773,0.32156122708480517,0.13756494116316764
0.6148333333333333,0.8651092690278824,0.5437620372351808,0.32134723179270164,0.13754875713226297
0.615,0.8651092690278824,0.5439760325272844,0.321133236500598,0.13753939347354682
0.6151666666666666,0.8651092690278824,0.544190027819388,0.32091924120849447,0.13753939347354682
0.6153333333333333,0.8651092690278824,0.5444040231114915,0.32070524591639094,0.13745441950397075
0.6155,0.8651092690278824,0.5446180184035951,0.3204912506242873,0.13739192983840184
0.6156666666666667,0.86586284853052,0.5446180184035951,0.32124483012692484,0.13735403531433277
0.6158333333333333,0.86586284853052,0.5448320136956987,0.3210308348348213,0.13727913373319084
0.616,0.86586284853052,0.5450460089878023,0.32081683954271767,0.13727384697611703
0.6161666666666666,0.86586284853052,0.5452600042799058,0.32060284425061414,0.13715164136510896
0.6163333333333333,0.86586284853052,0.5454739995720094,0.3203888489585106,0.13715164136510896
0.6165,0.8666164280331575,0.5454739995720094,0.32114242846114815,0.13715164136510896
0.6166666666666667,0.8666164280331575,0.545687994864113,0.3209284331690445,0.13715164136510896
0.6168333333333333,0.8666164280331575,0.5459019901562165,0.320714437876941,0.13715164136510896
0.617,0.8666164280331575,0.5461159854483202,0.32050044258483734,0.13715164136510896
0.6171666666666666,0.8666164280331575,0.5463299807404237,0.3202864472927338,0.13715164136510896
0.6173333333333333,0.8666164280331575,0.5465439760325272,0.3200724520006303,0.13715164136510896
0.6175,0.8666164280331575,0.5467579713246309,0.31985845670852664,0.1371400382812435
0.6176666666666667,0.8666164280331575,0.5469719666167344,0.3196444614164231,0.13699140173449723
0.6178333333333333,0.8666164280331575,0.5471859619088381,0.31943046612431947,0.13691545698778615
0.618,0.8666164280331575,0.5473999572009416,0.31921647083221594,0.13688125367269868
0.6181666666666666,0.8666164280331575,0.5476139524930451,0.3190024755401124,0.13688125367269868
0.6183333333333333,0.8666164280331575,0.5478279477851488,0.31878848024800877,0.13688125367269868
0.6185,0.8666164280331575,0.5480419430772523,0.31857448495590523,0.13688125367269868
0.6186666666666667,0.8666164280331575,0.5482559383693558,0.3183604896638017,0.13686219346050618
0.6188333333333333,0.8666164280331575,0.5484699336614595,0.31814649437169806,0.1368014795674329
0.619,0.8666164280331575,0.548683928953563,0.31793249907959453,0.1368014795674329
0.6191666666666666,0.8666164280331575,0.5488979242456666,0.3177185037874909,0.13667449213093946
0.6193333333333333,0.8666164280331575,0.5491119195377702,0.31750450849538736,0.13666439916949366
0.6195,0.8666164280331575,0.5493259148298737,0.31729051320328383,0.13660954409004986
0.6196666666666667,0.8666164280331575,0.5495399101219773,0.3170765179111802,0.136600370314409
0.6198333333333333,0.8666164280331575,0.5497539054140809,0.31686252261907666,0.136600370314409
0.62,0.8666164280331575,0.5499679007061845,0.316648527326973,0.136600370314409
0.6201666666666666,0.8666164280331575,0.550181895998288,0.3164345320348695,0.136600370314409
0.6203333333333333,0.8666164280331575,0.5503958912903916,0.31622053674276596,0.136600370314409
0.6205,0.8666164280331575,0.5506098865824952,0.3160065414506623,0.13649373722683542
0.6206666666666667,0.8666164280331575,0.5508238818745987,0.3157925461585588,0.1364441972107848
0.6208333333333333,0.8666164280331575,0.5510378771667024,0.31557855086645514,0.13638998719239076
0.621,0.8666164280331575,0.5512518724588059,0.3153645555743516,0.13638998719239076
0.6211666666666666,0.8666164280331575,0.5514658677509094,0.3151505602822481,0.13625075081330135
0.6213333333333333,0.8673700075357951,0.5514658677509094,0.31590413978488563,0.13603927667717736
0.6215,0.8673700075357951,0.5516798630430131,0.315690144492782,0.13603927667717736
0.6216666666666667,0.8673700075357951,0.5518938583351166,0.31547614920067846,0.13592435421414067
0.6218333333333333,0.8673700075357951,0.5521078536272201,0.3152621539085749,0.13592361797943145
0.622,0.8673700075357951,0.5523218489193238,0.3150481586164713,0.13589432319601644
0.6221666666666666,0.8673700075357951,0.5525358442114273,0.31483416332436776,0.13589289343106778
0.6223333333333333,0.8673700075357951,0.552749839503531,0.3146201680322641,0.13589289343106778
0.6225,0.8673700075357951,0.5529638347956345,0.3144061727401606,0.13587719580178292
0.6226666666666667,0.8673700075357951,0.553177830087738,0.31419217744805705,0.13584023590533112
0.6228333333333333,0.8673700075357951,0.5533918253798417,0.3139781821559534,0.13577637494153807
0.623,0.8673700075357951,0.5536058206719452,0.3137641868638499,0.13577637494153807
0.6231666666666666,0.8673700075357951,0.5538198159640488,0.31355019157174624,0.1353855610641029
0.6233333333333333,0.8681235870384325,0.5538198159640488,0.3143037710743837,0.13529991245415268
0.6235,0.8681235870384325,0.5540338112561524,0.31408977578228015,0.1350502885265172
0.6236666666666667,0.8688771665410701,0.5540338112561524,0.3148433552849177,0.1350502885265172
0.6238333333333334,0.8688771665410701,0.5542478065482559,0.31462935999281416,0.13502429451925907
0.624,0.8688771665410701,0.5544618018403595,0.3144153647007105,0.13501151167293393
0.6241666666666666,0.8688771665410701,0.5546757971324631,0.314201369408607,0.13497197781175369
0.6243333333333333,0.8696307460437076,0.5546757971324631,0.31495494891124454,0.13492198465256885
0.6245,0.8696307460437076,0.5548897924245667,0.3147409536191409,0.13478532161243667
0.6246666666666667,0.8696307460437076,0.5551037877166702,0.31452695832703736,0.13475038893536398
0.6248333333333334,0.8696307460437076,0.5553177830087738,0.31431296303493383,0.13459713448764843
0.625,0.8703843255463452,0.5553177830087738,0.3150665425375714,0.13458426730434475
0.6251666666666666,0.8703843255463452,0.5555317783008774,0.31485254724546774,0.1345717874977307
0.6253333333333333,0.8703843255463452,0.5557457735929809,0.3146385519533642,0.13455671454946871
0.6255,0.8703843255463452,0.5559597688850846,0.31442455666126057,0.13455671454946871
0.6256666666666667,0.8703843255463452,0.5561737641771881,0.31421056136915704,0.13454471627383216
0.6258333333333334,0.8703843255463452,0.5563877594692916,0.3139965660770535,0.13431125213883682
0.626,0.8703843255463452,0.5566017547613953,0.31378257078494987,0.13428421425756884
0.6261666666666666,0.8703843255463452,0.5568157500534988,0.31356857549284634,0.13426971273647256
0.6263333333333333,0.8711379050489827,0.5568157500534988,0.3143221549954839,0.1341331444015075
0.6265,0.8711379050489827,0.5570297453456023,0.31410815970338035,0.1341331444015075
0.6266666666666667,0.8711379050489827,0.557243740637706,0.3138941644112767,0.1341331444015075
0.6268333333333334,0.8718914845516202,0.557243740637706,0.31464774391391426,0.1341331444015075
0.627,0.8718914845516202,0.5574577359298095,0.3144337486218107,0.1341331444015075
0.6271666666666667,0.8718914845516202,0.5576717312219132,0.3142197533297071,0.13405751468124114
0.6273333333333333,0.8726450640542577,0.5576717312219132,0.3149733328323445,0.13399995458919317
0.6275,0.8726450640542577,0.5578857265140167,0.314759337540241,0.1338921423843259
0.6276666666666667,0.8733986435568952,0.5578857265140167,0.31551291704287854,0.1337476202104877
0.6278333333333334,0.8733986435568952,0.5580997218061202,0.315298921750775,0.1337476202104877
0.628,0.8733986435568952,0.5583137170982239,0.31508492645867137,0.13367881014670166
0.6281666666666667,0.8733986435568952,0.5585277123903274,0.31487093116656784,0.13367881014670166
0.6283333333333333,0.8733986435568952,0.558741707682431,0.3146569358744642,0.13367881014670166
0.6285,0.8733986435568952,0.5589557029745346,0.31444294058236066,0.13367881014670166
0.6286666666666667,0.8733986435568952,0.5591696982666381,0.31422894529025713,0.13362254535142817
0.6288333333333334,0.8733986435568952,0.5593836935587417,0.3140149499981535,0.13362254535142817
0.629,0.8741522230595328,0.5593836935587417,0.31476852950079104,0.13362254535142817
0.6291666666666667,0.8741522230595328,0.5595976888508453,0.3145545342086875,0.13359963963502455
0.6293333333333333,0.8749058025621703,0.5595976888508453,0.31530811371132506,0.13345026513746738
0.6295,0.8749058025621703,0.5598116841429489,0.3150941184192214,0.13345026513746738
0.6296666666666667,0.8749058025621703,0.5600256794350524,0.3148801231271179,0.13345026513746738
0.6298333333333334,0.8749058025621703,0.560239674727156,0.31466612783501435,0.13345026513746738
0.63,0.8749058025621703,0.5604536700192596,0.3144521325429107,0.13345026513746738
0.6301666666666667,0.8749058025621703,0.5606676653113631,0.3142381372508072,0.13345026513746738
0.6303333333333333,0.8749058025621703,0.5608816606034667,0.31402414195870365,0.13345026513746738
0.6305,0.8749058025621703,0.5610956558955703,0.3138101466666,0.1334176776553627
0.6306666666666667,0.8749058025621703,0.5613096511876738,0.3135961513744965,0.1333912687430349
0.6308333333333334,0.8749058025621703,0.5615236464797775,0.31338215608239284,0.1333912687430349
0.631,0.8749058025621703,0.561737641771881,0.3131681607902893,0.1333912687430349
0.6311666666666667,0.8749058025621703,0.5619516370639845,0.3129541654981858,0.1333912687430349
0.6313333333333333,0.8749058025621703,0.5621656323560882,0.31274017020608214,0.1333912687430349
0.6315,0.8749058025621703,0.5623796276481917,0.3125261749139786,0.13338104300874418
0.6316666666666667,0.8749058025621703,0.5625936229402954,0.31231217962187496,0.1332960393142918
0.6318333333333334,0.8749058025621703,0.5628076182323989,0.31209818432977143,0.13326469568086938
0.632,0.8749058025621703,0.5630216135245024,0.3118841890376679,0.13326469568086938
0.6321666666666667,0.8749058025621703,0.5632356088166061,0.31167019374556426,0.1330496919407751
0.6323333333333333,0.8749058025621703,0.5634496041087096,0.31145619845346073,0.13298718002718618
0.6325,0.8749058025621703,0.5636635994008132,0.3112422031613571,0.1327735273416708
0.6326666666666667,0.8749058025621703,0.5638775946929168,0.31102820786925356,0.1327735273416708
0.6328333333333334,0.8749058025621703,0.5640915899850203,0.31081421257715003,0.13256813481611218
0.633,0.8749058025621703,0.5643055852771239,0.3106002172850464,0.13256813481611218
0.6331666666666667,0.8749058025621703,0.5645195805692275,0.31038622199294286,0.13256076335533365
0.6333333333333333,0.8749058025621703,0.5647335758613311,0.3101722267008392,0.1325531666896093
0.6335,0.8749058025621703,0.5649475711534346,0.3099582314087357,0.1325531666896093
0.6336666666666667,0.8749058025621703,0.5651615664455382,0.30974423611663215,0.13247901851925664
0.6338333333333334,0.8749058025621703,0.5653755617376418,0.3095302408245285,0.13247901851925664
0.634,0.8749058025621703,0.5655895570297453,0.309316245532425,0.13241162051075375
0.6341666666666667,0.8749058025621703,0.5658035523218489,0.30910225024032145,0.13236358997129186
0.6343333333333333,0.8749058025621703,0.5660175476139525,0.3088882549482178,0.13236358997129186
0.6345,0.8749058025621703,0.566231542906056,0.3086742596561143,0.13236358997129186
0.6346666666666667,0.8749058025621703,0.5664455381981597,0.30846026436401064,0.13236358997129186
0.6348333333333334,0.8749058025621703,0.5666595334902632,0.3082462690719071,0.13236358997129186
0.635,0.8749058025621703,0.5668735287823667,0.3080322737798036,0.13236358997129186
0.6351666666666667,0.8749058025621703,0.5670875240744704,0.30781827848769994,0.13236358997129186
0.6353333333333333,0.8749058025621703,0.5673015193665739,0.3076042831955964,0.13235877648330308
0.6355,0.8749058025621703,0.5675155146586776,0.30739028790349276,0.13234747902072946
0.6356666666666667,0.8749058025621703,0.5677295099507811,0.30717629261138923,0.1321473179206617
0.6358333333333334,0.8749058025621703,0.5679435052428846,0.3069622973192857,0.13213234861011872
0.636,0.8749058025621703,0.5681575005349883,0.30674830202718206,0.13206996611388477
0.6361666666666667,0.8749058025621703,0.5683714958270918,0.30653430673507853,0.13182589789722726
0.6363333333333333,0.8749058025621703,0.5685854911191954,0.3063203114429749,0.13181167372799296
0.6365,0.8749058025621703,0.568799486411299,0.30610631615087136,0.13181167372799296
0.6366666666666667,0.8749058025621703,0.5690134817034025,0.30589232085876783,0.13181167372799296
0.6368333333333334,0.8749058025621703,0.5692274769955061,0.3056783255666642,0.13167457113713293
0.637,0.8749058025621703,0.5694414722876097,0.30546433027456066,0.13133320502753457
0.6371666666666667,0.8749058025621703,0.5696554675797132,0.3052503349824571,0.13125499058529203
0.6373333333333333,0.8749058025621703,0.5698694628718168,0.3050363396903535,0.1312342300325175
0.6375,0.8749058025621703,0.5700834581639204,0.30482234439824996,0.13121011089666848
0.6376666666666667,0.8749058025621703,0.570297453456024,0.3046083491061463,0.13121011089666848
0.6378333333333334,0.8749058025621703,0.5705114487481275,0.3043943538140428,0.13121011089666848
0.638,0.8749058025621703,0.5707254440402311,0.30418035852193925,0.13121011089666848
0.6381666666666667,0.8749058025621703,0.5709394393323347,0.3039663632298356,0.13121011089666848
0.6383333333333333,0.8756593820648079,0.5709394393323347,0.30471994273247316,0.13121011089666848
0.6385,0.8756593820648079,0.5711534346244382,0.30450594744036963,0.13117609435273536
0.6386666666666667,0.8756593820648079,0.5713674299165419,0.304291952148266,0.13112276817420263
0.6388333333333334,0.8756593820648079,0.5715814252086454,0.30407795685616246,0.1309695801746313
0.639,0.8756593820648079,0.5717954205007489,0.3038639615640589,0.13095598207005832
0.6391666666666667,0.8756593820648079,0.5720094157928526,0.3036499662719553,0.13095598207005832
0.6393333333333333,0.8756593820648079,0.5722234110849561,0.30343597097985175,0.13095598207005832
0.6395,0.8756593820648079,0.5724374063770598,0.3032219756877481,0.13095598207005832
0.6396666666666667,0.8756593820648079,0.5726514016691633,0.3030079803956446,0.13095598207005832
0.6398333333333334,0.8764129615674454,0.5726514016691633,0.30376155989828213,0.13095598207005832
0.64,0.8764129615674454,0.5728653969612668,0.3035475646061786,0.13095598207005832
0.6401666666666667,0.8764129615674454,0.5730793922533705,0.30333356931407496,0.13095598207005832
0.6403333333333333,0.8764129615674454,0.573293387545474,0.3031195740219714,0.13095598207005832
0.6405,0.8764129615674454,0.5735073828375776,0.3029055787298678,0.13094249075288034
0.6406666666666667,0.8764129615674454,0.5737213781296812,0.30269158343776426,0.13081911590632064
0.6408333333333334,0.8764129615674454,0.5739353734217847,0.3024775881456607,0.13071804611404503
0.641,0.8764129615674454,0.5741493687138883,0.3022635928535571,0.13060751326882866
0.6411666666666667,0.8764129615674454,0.5743633640059919,0.30204959756145355,0.13050961730461125
0.6413333333333333,0.8764129615674454,0.5745773592980954,0.30183560226935,0.13039859192726025
0.6415,0.8764129615674454,0.574791354590199,0.3016216069772464,0.13039859192726025
0.6416666666666667,0.8764129615674454,0.5750053498823026,0.30140761168514285,0.1303441789775981
0.6418333333333334,0.8764129615674454,0.5752193451744062,0.3011936163930392,0.13030482854374553
0.642,0.8764129615674454,0.5754333404665097,0.3009796211009357,0.13023011290525283
0.6421666666666667,0.8764129615674454,0.5756473357586133,0.30076562580883215,0.1301116073287141
0.6423333333333333,0.8771665410700829,0.5756473357586133,0.3015192053114696,0.1300621371222113
0.6425,0.8771665410700829,0.5758613310507169,0.30130521001936594,0.12982562358865465
0.6426666666666667,0.8771665410700829,0.5760753263428204,0.3010912147272624,0.12982562358865465
0.6428333333333334,0.8771665410700829,0.5762893216349241,0.30087721943515877,0.12978922212828753
0.643,0.8771665410700829,0.5765033169270276,0.30066322414305524,0.12965911573917552
0.6431666666666667,0.8771665410700829,0.5767173122191311,0.3004492288509517,0.12964418532027516
0.6433333333333333,0.8779201205727204,0.5767173122191311,0.30120280835358926,0.12952920063948403
0.6435,0.8779201205727204,0.5769313075112348,0.3009888130614856,0.1295119361547892
0.6436666666666667,0.8779201205727204,0.5771453028033383,0.3007748177693821,0.12934781951086127
0.6438333333333334,0.8779201205727204,0.577359298095442,0.30056082247727844,0.12934781951086127
0.644,0.8779201205727204,0.5775732933875455,0.3003468271851749,0.12918815178067236
0.6441666666666667,0.8779201205727204,0.577787288679649,0.3001328318930714,0.12909268813444727
0.6443333333333333,0.8779201205727204,0.5780012839717527,0.29991883660096774,0.12906033320099147
0.6445,0.8779201205727204,0.5782152792638562,0.2997048413088642,0.12892906524787415
0.6446666666666667,0.8779201205727204,0.5784292745559597,0.2994908460167607,0.12886921222699987
0.6448333333333334,0.8779201205727204,0.5786432698480634,0.29927685072465704,0.1287388575102306
0.645,0.8779201205727204,0.5788572651401669,0.2990628554325535,0.12869462807792065
0.6451666666666667,0.8779201205727204,0.5790712604322705,0.29884886014044987,0.12869462807792065
0.6453333333333333,0.8786737000753579,0.5790712604322705,0.2996024396430874,0.12867695124926162
0.6455,0.8794272795779955,0.5790712604322705,0.30035601914572496,0.12867695124926162
0.6456666666666667,0.8794272795779955,0.5792852557243741,0.30014202385362143,0.1285431283739386
0.6458333333333334,0.8794272795779955,0.5794992510164776,0.2999280285615179,0.1285431283739386
0.646,0.8794272795779955,0.5797132463085812,0.29971403326941426,0.1284341964568218
0.6461666666666667,0.8794272795779955,0.5799272416006848,0.29950003797731073,0.12836990085285777
0.6463333333333333,0.8794272795779955,0.5801412368927884,0.2992860426852071,0.12836054253683174
0.6465,0.8794272795779955,0.5803552321848919,0.29907204739310356,0.1282558623897002
0.6466666666666666,0.8794272795779955,0.5805692274769955,0.298858052101,0.1282492326948871
0.6468333333333334,0.8794272795779955,0.5807832227690991,0.2986440568088964,0.12824760992388623
0.647,0.8794272795779955,0.5809972180612026,0.29843006151679285,0.12824760992388623
0.6471666666666667,0.8794272795779955,0.5812112133533063,0.2982160662246892,0.1281695293049011
0.6473333333333333,0.8794272795779955,0.5814252086454098,0.2980020709325857,0.1281508784462476
0.6475,0.8794272795779955,0.5816392039375133,0.29778807564048215,0.1281508784462476
0.6476666666666666,0.8794272795779955,0.581853199229617,0.2975740803483785,0.12811519455441772
0.6478333333333334,0.8794272795779955,0.5820671945217205,0.297360085056275,0.12811374639373319
0.648,0.8794272795779955,0.582281189813824,0.29714608976417145,0.12794492583420178
0.6481666666666667,0.8794272795779955,0.5824951851059277,0.2969320944720678,0.12790564021831166
0.6483333333333333,0.8794272795779955,0.5827091803980312,0.2967180991799643,0.12790564021831166
0.6485,0.8794272795779955,0.5829231756901349,0.29650410388786064,0.12790564021831166
0.6486666666666666,0.8794272795779955,0.5831371709822384,0.2962901085957571,0.12790564021831166
0.6488333333333334,0.8794272795779955,0.5833511662743419,0.2960761133036536,0.12790564021831166
0.649,0.8794272795779955,0.5835651615664456,0.29586211801154993,0.1278724827675263
0.6491666666666667,0.8794272795779955,0.5837791568585491,0.2956481227194464,0.1278724827675263
0.6493333333333333,0.8794272795779955,0.5839931521506527,0.29543412742734276,0.12786506766979458
0.6495,0.8794272795779955,0.5842071474427563,0.29522013213523923,0.12775805064736095
0.6496666666666666,0.8794272795779955,0.5844211427348598,0.2950061368431357,0.12774274763498644
0.6498333333333334,0.880180859080633,0.5844211427348598,0.29575971634577325,0.12768332602604776
0.65,0.880180859080633,0.5846351380269634,0.2955457210536696,0.12767152121784933
0.6501666666666667,0.880180859080633,0.584849133319067,0.2953317257615661,0.12766699242287335
0.6503333333333333,0.880180859080633,0.5850631286111706,0.29511773046946244,0.12757886762868073
0.6505,0.8809344385832706,0.5850631286111706,0.2958713099721,0.12748750044146903
0.6506666666666666,0.8809344385832706,0.5852771239032741,0.29565731467999645,0.12741860135817262
0.6508333333333334,0.8809344385832706,0.5854911191953777,0.2954433193878929,0.127247989072144
0.651,0.881688018085908,0.5854911191953777,0.29619689889053036,0.127247989072144
0.6511666666666667,0.881688018085908,0.5857051144874813,0.2959829035984267,0.12724035912592183
0.6513333333333333,0.881688018085908,0.5859191097795848,0.2957689083063232,0.12723783360515553
0.6515,0.881688018085908,0.5861331050716885,0.29555491301421954,0.127212505439662
0.6516666666666666,0.881688018085908,0.586347100363792,0.295340917722116,0.1271378584430224
0.6518333333333334,0.881688018085908,0.5865610956558955,0.2951269224300125,0.12699274144079192
0.652,0.881688018085908,0.5867750909479992,0.29491292713790884,0.12698049882569762
0.6521666666666667,0.881688018085908,0.5869890862401027,0.2946989318458053,0.1268719319810809
0.6523333333333333,0.8824415975885456,0.5869890862401027,0.29545251134844286,0.12670602118331356
0.6525,0.8824415975885456,0.5872030815322062,0.29523851605633933,0.12659517447080484
0.6526666666666666,0.8824415975885456,0.5874170768243099,0.2950245207642357,0.12656120839524265
0.6528333333333334,0.8824415975885456,0.5876310721164134,0.29481052547213216,0.12631820438948738
0.653,0.8824415975885456,0.587845067408517,0.2945965301800285,0.12629311870864576
0.6531666666666667,0.8824415975885456,0.5880590627006206,0.294382534887925,0.12596407077831054
0.6533333333333333,0.8824415975885456,0.5882730579927241,0.29416853959582145,0.12595458848280336
0.6535,0.8824415975885456,0.5884870532848278,0.2939545443037178,0.12595458848280336
0.6536666666666666,0.8824415975885456,0.5887010485769313,0.2937405490116143,0.12595458848280336
0.6538333333333334,0.8824415975885456,0.5889150438690349,0.29352655371951064,0.12595458848280336
0.654,0.8824415975885456,0.5891290391611385,0.2933125584274071,0.125583522934988
0.6541666666666667,0.8824415975885456,0.589343034453242,0.2930985631353036,0.12554152426050996
0.6543333333333333,0.8824415975885456,0.5895570297453456,0.29288456784319994,0.12553577679742742
0.6545,0.8824415975885456,0.5897710250374492,0.2926705725510964,0.12546649934443543
0.6546666666666666,0.8824415975885456,0.5899850203295528,0.29245657725899277,0.12545823746248994
0.6548333333333334,0.8824415975885456,0.5901990156216563,0.29224258196688924,0.1253194562682749
0.655,0.8824415975885456,0.5904130109137599,0.2920285866747857,0.12508911660624167
0.6551666666666667,0.8824415975885456,0.5906270062058635,0.29181459138268206,0.12490468176060938
0.6553333333333333,0.8824415975885456,0.590841001497967,0.29160059609057853,0.12490468176060938
0.6555,0.8824415975885456,0.5910549967900706,0.291386600798475,0.12485719506716114
0.6556666666666666,0.8824415975885456,0.5912689920821742,0.29117260550637136,0.12478681787216082
0.6558333333333334,0.8824415975885456,0.5914829873742777,0.29095861021426783,0.12478681787216082
0.656,0.8824415975885456,0.5916969826663814,0.2907446149221642,0.12477258594752363
0.6561666666666667,0.8824415975885456,0.5919109779584849,0.29053061963006066,0.12459352605004057
0.6563333333333333,0.8824415975885456,0.5921249732505884,0.29031662433795713,0.12417832432051576
0.6565,0.8824415975885456,0.5923389685426921,0.2901026290458535,0.12410895993926593
0.6566666666666666,0.8824415975885456,0.5925529638347956,0.28988863375374996,0.12386192785375634
0.6568333333333334,0.8824415975885456,0.5927669591268993,0.2896746384616463,0.12383552969787762
0.657,0.8824415975885456,0.5929809544190028,0.2894606431695428,0.12363356376501287
0.6571666666666667,0.8824415975885456,0.5931949497111063,0.28924664787743926,0.1235553869604052
0.6573333333333333,0.8824415975885456,0.59340894500321,0.2890326525853356,0.1235553869604052
0.6575,0.8824415975885456,0.5936229402953135,0.2888186572932321,0.12353231269873483
0.6576666666666666,0.8824415975885456,0.5938369355874171,0.28860466200112844,0.12344926448342897
0.6578333333333334,0.8831951770911831,0.5938369355874171,0.289358241503766,0.1232682813787394
0.658,0.8831951770911831,0.5940509308795207,0.28914424621166246,0.1232436301182862
0.6581666666666667,0.8839487565938207,0.5940509308795207,0.2898978257143,0.12319433798167297
0.6583333333333333,0.8839487565938207,0.5942649261716242,0.2896838304221965,0.12311214650126583
0.6585,0.8839487565938207,0.5944789214637278,0.28946983513009283,0.12311214650126583
0.6586666666666666,0.8839487565938207,0.5946929167558314,0.2892558398379893,0.1228535584914206
0.6588333333333334,0.8847023360964582,0.5946929167558314,0.29000941934062685,0.1228535584914206
0.659,0.8847023360964582,0.594906912047935,0.2897954240485232,0.12284375320181994
0.6591666666666667,0.8847023360964582,0.5951209073400385,0.2895814287564197,0.12284375320181994
0.6593333333333333,0.8847023360964582,0.5953349026321421,0.28936743346431615,0.12284375320181994
0.6595,0.8847023360964582,0.5955488979242457,0.2891534381722125,0.12284375320181994
0.6596666666666666,0.8847023360964582,0.5957628932163492,0.288939442880109,0.12284375320181994
0.6598333333333334,0.8847023360964582,0.5959768885084528,0.28872544758800545,0.12284375320181994
0.66,0.8847023360964582,0.5961908838005564,0.2885114522959018,0.12284375320181994
0.6601666666666667,0.8847023360964582,0.5964048790926599,0.2882974570037983,0.1228125342592661
0.6603333333333333,0.8847023360964582,0.5966188743847636,0.28808346171169463,0.12268346344766853
0.6605,0.8847023360964582,0.5968328696768671,0.2878694664195911,0.1226048464966521
0.6606666666666666,0.8847023360964582,0.5970468649689706,0.28765547112748757,0.12256444286504926
0.6608333333333334,0.8847023360964582,0.5972608602610743,0.28744147583538393,0.12249908672216092
0.661,0.8847023360964582,0.5974748555531778,0.2872274805432804,0.12249908672216092
0.6611666666666667,0.8847023360964582,0.5976888508452814,0.28701348525117676,0.12245709425848852
0.6613333333333333,0.8847023360964582,0.597902846137385,0.28679948995907323,0.12223666644012399
0.6615,0.8847023360964582,0.5981168414294885,0.2865854946669697,0.12223666644012399
0.6616666666666666,0.8854559155990958,0.5981168414294885,0.28733907416960724,0.1220060261564065
0.6618333333333334,0.8854559155990958,0.5983308367215922,0.2871250788775036,0.12177514564819683
0.662,0.8854559155990958,0.5985448320136957,0.2869110835854001,0.12177514564819683
0.6621666666666667,0.8854559155990958,0.5987588273057993,0.28669708829329643,0.12166550617084902
0.6623333333333333,0.8854559155990958,0.5989728225979029,0.2864830930011929,0.12162711894816126
0.6625,0.8854559155990958,0.5991868178900064,0.28626909770908937,0.12134184357740736
0.6626666666666666,0.8854559155990958,0.59940081318211,0.28605510241698573,0.12121018724813679
0.6628333333333334,0.8854559155990958,0.5996148084742136,0.2858411071248822,0.12118696720042517
0.663,0.8862094951017332,0.5996148084742136,0.28659468662751963,0.12118696720042517
0.6631666666666667,0.8869630746043707,0.5996148084742136,0.2873482661301572,0.12115678048031474
0.6633333333333333,0.8869630746043707,0.5998288037663171,0.28713427083805365,0.12110356688054141
0.6635,0.8869630746043707,0.6000427990584207,0.28692027554595,0.12104316185958788
0.6636666666666666,0.8869630746043707,0.6002567943505243,0.2867062802538465,0.12102058413720423
0.6638333333333334,0.8877166541070083,0.6002567943505243,0.287459859756484,0.12090217743789067
0.664,0.8884702336096458,0.6002567943505243,0.2882134392591216,0.12090217743789067
0.6641666666666667,0.8884702336096458,0.6004707896426279,0.28799944396701793,0.12090217743789067
0.6643333333333333,0.8892238131122834,0.6004707896426279,0.2887530234696555,0.12090217743789067
0.6645,0.8892238131122834,0.6006847849347314,0.28853902817755195,0.12090217743789067
0.6646666666666666,0.8892238131122834,0.600898780226835,0.2883250328854484,0.12088386806874604
0.6648333333333334,0.8892238131122834,0.6011127755189386,0.2881110375933448,0.12076183546649859
0.665,0.8892238131122834,0.6013267708110421,0.28789704230124125,0.12072874225925233
0.6651666666666667,0.8892238131122834,0.6015407661031458,0.2876830470091376,0.12072874225925233
0.6653333333333333,0.8892238131122834,0.6017547613952493,0.2874690517170341,0.12056429647085676
0.6655,0.8892238131122834,0.6019687566873528,0.28725505642493054,0.12052333240307724
0.6656666666666666,0.8892238131122834,0.6021827519794565,0.2870410611328269,0.12051688034047495
0.6658333333333334,0.8892238131122834,0.60239674727156,0.28682706584072337,0.12037239640372384
0.666,0.8899773926149209,0.60239674727156,0.2875806453433609,0.1202447641816304
0.6661666666666667,0.8899773926149209,0.6026107425636636,0.2873666500512573,0.12022055285631626
0.6663333333333333,0.8899773926149209,0.6028247378557672,0.28715265475915375,0.12019078727942967
0.6665,0.8899773926149209,0.6030387331478707,0.2869386594670502,0.12018880923060826
0.6666666666666666,0.8907309721175584,0.6030387331478707,0.28769223896968765,0.12018455137326127
0.6668333333333333,0.8907309721175584,0.6032527284399744,0.287478243677584,0.12011670805675696
0.667,0.8914845516201959,0.6032527284399744,0.28823182318022156,0.12000163462642673
0.6671666666666667,0.8914845516201959,0.6034667237320779,0.288017827888118,0.11992149009419814
0.6673333333333333,0.8914845516201959,0.6036807190241815,0.2878038325960144,0.11986027542210154
0.6675,0.8914845516201959,0.603894714316285,0.28758983730391086,0.11986027542210154
0.6676666666666666,0.8922381311228335,0.603894714316285,0.2883434168065484,0.11983219551149914
0.6678333333333333,0.8922381311228335,0.6041087096083886,0.2881294215144449,0.11983219551149914
0.668,0.8922381311228335,0.6043227049004922,0.28791542622234123,0.11983219551149914
0.6681666666666667,0.8922381311228335,0.6045367001925958,0.2877014309302377,0.11983219551149914
0.6683333333333333,0.8922381311228335,0.6047506954846993,0.28748743563813417,0.11983219551149914
0.6685,0.8922381311228335,0.6049646907768029,0.28727344034603053,0.11983219551149914
0.6686666666666666,0.8922381311228335,0.6051786860689065,0.287059445053927,0.11983219551149914
0.6688333333333333,0.892991710625471,0.6051786860689065,0.28781302455656455,0.11983219551149914
0.669,0.892991710625471,0.6053926813610101,0.2875990292644609,0.11983219551149914
0.6691666666666667,0.892991710625471,0.6056066766531136,0.2873850339723574,0.11983219551149914
0.6693333333333333,0.892991710625471,0.6058206719452172,0.28717103868025384,0.11965200178200061
0.6695,0.892991710625471,0.6060346672373208,0.2869570433881502,0.11956416671618826
0.6696666666666666,0.892991710625471,0.6062486625294243,0.28674304809604667,0.11956416671618826
0.6698333333333333,0.892991710625471,0.606462657821528,0.28652905280394303,0.1195369350348575
0.67,0.892991710625471,0.6066766531136315,0.2863150575118395,0.11950180388266675
0.6701666666666667,0.892991710625471,0.606890648405735,0.28610106221973597,0.11950180388266675
0.6703333333333333,0.892991710625471,0.6071046436978387,0.2858870669276323,0.11936588363698482
0.6705,0.892991710625471,0.6073186389899422,0.2856730716355288,0.11924876251159254
0.6706666666666666,0.892991710625471,0.6075326342820458,0.28545907634342516,0.11921831487148724
0.6708333333333333,0.892991710625471,0.6077466295741494,0.2852450810513216,0.1191846647891944
0.671,0.892991710625471,0.6079606248662529,0.2850310857592181,0.1189170744830433
0.6711666666666667,0.8937452901281085,0.6079606248662529,0.28578466526185564,0.11884261319493959
0.6713333333333333,0.8937452901281085,0.6081746201583565,0.285570669969752,0.11871889872456798
0.6715,0.8944988696307461,0.6081746201583565,0.28632424947238955,0.11860436321244655
0.6716666666666666,0.8944988696307461,0.6083886154504601,0.286110254180286,0.11854174601149928
0.6718333333333333,0.8944988696307461,0.6086026107425636,0.2858962588881825,0.11854174601149928
0.672,0.8944988696307461,0.6088166060346673,0.28568226359607884,0.11841291048235605
0.6721666666666667,0.8944988696307461,0.6090306013267708,0.2854682683039753,0.11840674876255768
0.6723333333333333,0.8944988696307461,0.6092445966188744,0.2852542730118717,0.11837160571185064
0.6725,0.8944988696307461,0.609458591910978,0.28504027771976814,0.11826352903648384
0.6726666666666666,0.8944988696307461,0.6096725872030815,0.2848262824276646,0.11826352903648384
0.6728333333333333,0.8952524491333835,0.6096725872030815,0.28557986193030205,0.11818839937176612
0.673,0.8952524491333835,0.6098865824951851,0.2853658666381984,0.11817530410098952
0.6731666666666667,0.8952524491333835,0.6101005777872887,0.2851518713460949,0.11814984323952972
0.6733333333333333,0.8952524491333835,0.6103145730793923,0.28493787605399123,0.11811061770277957
0.6735,0.8952524491333835,0.6105285683714958,0.2847238807618877,0.11809188366602245
0.6736666666666666,0.8952524491333835,0.6107425636635994,0.2845098854697842,0.11781033799418096
0.6738333333333333,0.8952524491333835,0.610956558955703,0.28429589017768053,0.11780140207073922
0.674,0.8952524491333835,0.6111705542478065,0.284081894885577,0.11780140207073922
0.6741666666666667,0.8952524491333835,0.6113845495399102,0.28386789959347336,0.11772655595949462
0.6743333333333333,0.8952524491333835,0.6115985448320137,0.28365390430136983,0.11771829441527698
0.6745,0.8952524491333835,0.6118125401241172,0.2834399090092663,0.11763769993580481
0.6746666666666666,0.8952524491333835,0.6120265354162209,0.28322591371716266,0.11760919515892554
0.6748333333333333,0.8952524491333835,0.6122405307083244,0.28301191842505913,0.11759686719391012
0.675,0.8952524491333835,0.612454526000428,0.2827979231329555,0.11759686719391012
0.6751666666666667,0.8952524491333835,0.6126685212925316,0.28258392784085196,0.1173657266957783
0.6753333333333333,0.8952524491333835,0.6128825165846351,0.2823699325487484,0.1173657266957783
0.6755,0.8952524491333835,0.6130965118767387,0.2821559372566448,0.1173657266957783
0.6756666666666666,0.8952524491333835,0.6133105071688423,0.28194194196454125,0.1173657266957783
0.6758333333333333,0.8952524491333835,0.6135245024609458,0.2817279466724377,0.11735243337859476
0.676,0.8952524491333835,0.6137384977530495,0.2815139513803341,0.11735243337859476
0.6761666666666667,0.8952524491333835,0.613952493045153,0.28129995608823055,0.11733605630247221
0.6763333333333333,0.8952524491333835,0.6141664883372566,0.2810859607961269,0.11733597523845814
0.6765,0.8952524491333835,0.6143804836293602,0.2808719655040234,0.11733597523845814
0.6766666666666666,0.8952524491333835,0.6145944789214637,0.28065797021191985,0.11733569274834728
0.6768333333333333,0.8960060286360211,0.6145944789214637,0.2814115497145574,0.11728984809068632
0.677,0.8967596081386586,0.6145944789214637,0.28216512921719494,0.11701353371437304
0.6771666666666667,0.8967596081386586,0.6148084742135673,0.2819511339250913,0.11690257167401666
0.6773333333333333,0.8967596081386586,0.6150224695056709,0.28173713863298777,0.11679454674997163
0.6775,0.8967596081386586,0.6152364647977745,0.28152314334088413,0.1165389187024742
0.6776666666666666,0.8967596081386586,0.615450460089878,0.2813091480487806,0.1165389187024742
0.6778333333333333,0.8967596081386586,0.6156644553819816,0.28109515275667707,0.11649081174609842
0.678,0.8967596081386586,0.6158784506740852,0.2808811574645734,0.1162656497037195
0.6781666666666667,0.8967596081386586,0.6160924459661887,0.2806671621724699,0.11618681009864375
0.6783333333333333,0.8967596081386586,0.6163064412582924,0.28045316688036626,0.11567203198345083
0.6785,0.8967596081386586,0.6165204365503959,0.2802391715882627,0.11549174626343216
0.6786666666666666,0.8967596081386586,0.6167344318424994,0.2800251762961592,0.11549174626343216
0.6788333333333333,0.8967596081386586,0.6169484271346031,0.27981118100405555,0.11549174626343216
0.679,0.8967596081386586,0.6171624224267066,0.279597185711952,0.11549174626343216
0.6791666666666667,0.8967596081386586,0.6173764177188101,0.2793831904198485,0.11549174626343216
0.6793333333333333,0.8967596081386586,0.6175904130109138,0.27916919512774485,0.11549174626343216
0.6795,0.8967596081386586,0.6178044083030173,0.2789551998356413,0.11549174626343216
0.6796666666666666,0.8967596081386586,0.618018403595121,0.2787412045435377,0.11549174626343216
0.6798333333333333,0.8967596081386586,0.6182323988872245,0.27852720925143415,0.11549174626343216
0.68,0.8967596081386586,0.618446394179328,0.2783132139593306,0.11537955051269375
0.6801666666666667,0.8975131876412962,0.618446394179328,0.27906679346196817,0.11510544071315501
0.6803333333333333,0.8975131876412962,0.6186603894714316,0.2788527981698645,0.11510544071315501
0.6805,0.8975131876412962,0.6188743847635352,0.278638802877761,0.11510544071315501
0.6806666666666666,0.8975131876412962,0.6190883800556388,0.27842480758565735,0.11509776649191042
0.6808333333333333,0.8975131876412962,0.6193023753477424,0.2782108122935538,0.11502860928799746
0.681,0.8975131876412962,0.6195163706398459,0.2779968170014503,0.11502860928799746
0.6811666666666667,0.8975131876412962,0.6197303659319495,0.27778282170934665,0.11502860928799746
0.6813333333333333,0.8975131876412962,0.619944361224053,0.2775688264172431,0.1147369394457879
0.6815,0.8975131876412962,0.6201583565161567,0.2773548311251395,0.1147369394457879
0.6816666666666666,0.8975131876412962,0.6203723518082602,0.27714083583303595,0.1147369394457879
0.6818333333333333,0.8982667671439337,0.6203723518082602,0.2778944153356735,0.1147369394457879
0.682,0.8982667671439337,0.6205863471003638,0.27768042004356996,0.1146221376208216
0.6821666666666667,0.8990203466465713,0.6205863471003638,0.2784339995462075,0.1146221376208216
0.6823333333333333,0.8990203466465713,0.6208003423924674,0.27822000425410387,0.11453026227081671
0.6825,0.8990203466465713,0.6210143376845709,0.27800600896200034,0.11449789680266513
0.6826666666666666,0.8990203466465713,0.6212283329766745,0.2777920136698968,0.11441452360482263
0.6828333333333333,0.8997739261492087,0.6212283329766745,0.27854559317253424,0.11440650555225777
0.683,0.8997739261492087,0.6214423282687781,0.2783315978804306,0.11439470705505952
0.6831666666666667,0.8997739261492087,0.6216563235608816,0.2781176025883271,0.11437150973953512
0.6833333333333333,0.8997739261492087,0.6218703188529853,0.27790360729622343,0.11435622605885529
0.6835,0.8997739261492087,0.6220843141450888,0.2776896120041199,0.11435622605885529
0.6836666666666666,0.8997739261492087,0.6222983094371923,0.27747561671201637,0.1143517159870504
0.6838333333333333,0.9005275056518462,0.6222983094371923,0.2782291962146539,0.11416793891119138
0.684,0.9005275056518462,0.622512304729296,0.2780152009225503,0.11413134895952871
0.6841666666666667,0.9005275056518462,0.6227263000213995,0.27780120563044675,0.1139910314496152
0.6843333333333333,0.9005275056518462,0.6229402953135031,0.2775872103383431,0.1139910314496152
0.6845,0.9012810851544838,0.6229402953135031,0.27834078984098065,0.11366192608196969
0.6846666666666666,0.9012810851544838,0.6231542906056067,0.2781267945488771,0.11366192608196969
0.6848333333333333,0.9012810851544838,0.6233682858977102,0.2779127992567736,0.11347262311418321
0.685,0.9012810851544838,0.6235822811898138,0.27769880396466995,0.11342457749823036
0.6851666666666667,0.9012810851544838,0.6237962764819174,0.2774848086725664,0.11335261838356632
0.6853333333333333,0.9012810851544838,0.624010271774021,0.2772708133804628,0.11335261838356632
0.6855,0.9012810851544838,0.6242242670661245,0.27705681808835925,0.11335261838356632
0.6856666666666666,0.9012810851544838,0.6244382623582281,0.2768428227962557,0.1132367384104772
0.6858333333333333,0.9012810851544838,0.6246522576503317,0.2766288275041521,0.11303896454907603
0.686,0.9012810851544838,0.6248662529424353,0.27641483221204854,0.11303896454907603
0.6861666666666667,0.9012810851544838,0.6250802482345389,0.2762008369199449,0.11303896454907603
0.6863333333333334,0.9012810851544838,0.6252942435266424,0.2759868416278414,0.1128509769254694
0.6865,0.9012810851544838,0.625508238818746,0.27577284633573784,0.11239284017391782
0.6866666666666666,0.9012810851544838,0.6257222341108496,0.2755588510436342,0.11236325615141388
0.6868333333333333,0.9012810851544838,0.6259362294029531,0.27534485575153067,0.11231780621414413
0.687,0.9012810851544838,0.6261502246950567,0.27513086045942714,0.11231780621414413
0.6871666666666667,0.9012810851544838,0.6263642199871603,0.2749168651673235,0.11231780621414413
0.6873333333333334,0.9012810851544838,0.6265782152792638,0.27470286987521997,0.11231780621414413
0.6875,0.9020346646571213,0.6265782152792638,0.2754564493778575,0.11231780621414413
0.6876666666666666,0.9020346646571213,0.6267922105713675,0.2752424540857539,0.11231780621414413
0.6878333333333333,0.9020346646571213,0.627006205863471,0.27502845879365034,0.11230031865775315
0.688,0.9020346646571213,0.6272202011555745,0.2748144635015468,0.11230031865775315
0.6881666666666667,0.9020346646571213,0.6274341964476782,0.27460046820944317,0.11230031865775315
0.6883333333333334,0.9020346646571213,0.6276481917397817,0.27438647291733964,0.11230031865775315
0.6885,0.9027882441597589,0.6276481917397817,0.2751400524199772,0.11230031865775315
0.6886666666666666,0.9027882441597589,0.6278621870318853,0.27492605712787355,0.11215073931926176
0.6888333333333333,0.9027882441597589,0.6280761823239889,0.27471206183577,0.11213775211091437
0.689,0.9035418236623964,0.6280761823239889,0.27546564133840756,0.11213490815686587
0.6891666666666667,0.9042954031650339,0.6280761823239889,0.276219220841045,0.11213225867808126
0.6893333333333334,0.9042954031650339,0.6282901776160924,0.27600522554894147,0.1120665466890309
0.6895,0.9042954031650339,0.628504172908196,0.2757912302568378,0.11205496856717043
0.6896666666666667,0.9042954031650339,0.6287181682002996,0.2755772349647343,0.11191505515046511
0.6898333333333333,0.9042954031650339,0.6289321634924032,0.27536323967263066,0.11187919863367182
0.69,0.9042954031650339,0.6291461587845067,0.2751492443805271,0.11180832020756891
0.6901666666666667,0.9042954031650339,0.6293601540766103,0.2749352490884236,0.11180832020756891
0.6903333333333334,0.9042954031650339,0.6295741493687139,0.27472125379631995,0.11170170808665171
0.6905,0.9050489826676714,0.6295741493687139,0.2754748332989575,0.11158598690508713
0.6906666666666667,0.9050489826676714,0.6297881446608175,0.27526083800685397,0.11132994828750713
0.6908333333333333,0.9050489826676714,0.630002139952921,0.27504684271475044,0.11132994828750713
0.691,0.9050489826676714,0.6302161352450246,0.2748328474226468,0.11125669401896149
0.6911666666666667,0.9050489826676714,0.6304301305371282,0.27461885213054327,0.11125669401896149
0.6913333333333334,0.9050489826676714,0.6306441258292318,0.2744048568384396,0.11117586396745939
0.6915,0.9050489826676714,0.6308581211213353,0.2741908615463361,0.11110454997275052
0.6916666666666667,0.9050489826676714,0.6310721164134389,0.27397686625423257,0.11067849846792363
0.6918333333333333,0.9050489826676714,0.6312861117055425,0.2737628709621289,0.11067849846792363
0.692,0.9050489826676714,0.631500106997646,0.2735488756700254,0.11067849846792363
0.6921666666666667,0.9050489826676714,0.6317141022897497,0.27333488037792175,0.11056481019677511
0.6923333333333334,0.9050489826676714,0.6319280975818532,0.2731208850858182,0.11053967833546936
0.6925,0.9050489826676714,0.6321420928739567,0.2729068897937147,0.11053967833546936
0.6926666666666667,0.9050489826676714,0.6323560881660604,0.27269289450161105,0.11053621106735047
0.6928333333333333,0.9050489826676714,0.6325700834581639,0.2724788992095075,0.1104634771782588
0.693,0.9050489826676714,0.6327840787502675,0.2722649039174039,0.11043277517710239
0.6931666666666667,0.9050489826676714,0.6329980740423711,0.27205090862530035,0.11043277517710239
0.6933333333333334,0.9050489826676714,0.6332120693344746,0.2718369133331968,0.1103263284321577
0.6935,0.905802562170309,0.6332120693344746,0.27259049283583436,0.11025242566944857
0.6936666666666667,0.905802562170309,0.6334260646265782,0.2723764975437307,0.11025242566944857
0.6938333333333333,0.905802562170309,0.6336400599186818,0.2721625022516272,0.11025242566944857
0.694,0.905802562170309,0.6338540552107854,0.27194850695952355,0.11025242566944857
0.6941666666666667,0.905802562170309,0.634068050502889,0.27173451166742,0.11025242566944857
0.6943333333333334,0.905802562170309,0.6342820457949925,0.2715205163753165,0.11025242566944857
0.6945,0.905802562170309,0.6344960410870961,0.27130652108321285,0.11025242566944857
0.6946666666666667,0.905802562170309,0.6347100363791996,0.2710925257911093,0.11025242566944857
0.6948333333333333,0.905802562170309,0.6349240316713032,0.2708785304990058,0.11025242566944857
0.695,0.9065561416729465,0.6349240316713032,0.27163211000164333,0.11025242566944857
0.6951666666666667,0.9065561416729465,0.6351380269634068,0.2714181147095397,0.11025242566944857
0.6953333333333334,0.9065561416729465,0.6353520222555104,0.27120411941743616,0.11023780404570506
0.6955,0.9065561416729465,0.635566017547614,0.2709901241253325,0.11023780404570506
0.6956666666666667,0.9065561416729465,0.6357800128397175,0.270776128833229,0.11023780404570506
0.6958333333333333,0.9065561416729465,0.635994008131821,0.27056213354112546,0.11012527753300864
0.696,0.9065561416729465,0.6362080034239247,0.2703481382490218,0.10997040878488872
0.6961666666666667,0.9065561416729465,0.6364219987160282,0.2701341429569183,0.1099585176298575
0.6963333333333334,0.9073097211755841,0.6364219987160282,0.27088772245955584,0.10990979806605568
0.6965,0.9080633006782216,0.6364219987160282,0.2716413019621934,0.1098568700599128
0.6966666666666667,0.9080633006782216,0.6366359940081319,0.27142730667008974,0.10960980476238164
0.6968333333333333,0.9080633006782216,0.6368499893002354,0.2712133113779862,0.1093562531245253
0.697,0.908816880180859,0.6368499893002354,0.27196689088062365,0.10931936427863777
0.6971666666666667,0.908816880180859,0.6370639845923389,0.2717528955885201,0.10930836627935793
0.6973333333333334,0.908816880180859,0.6372779798844426,0.2715389002964165,0.10927558390293701
0.6975,0.908816880180859,0.6374919751765461,0.27132490500431294,0.10920293499909176
0.6976666666666667,0.908816880180859,0.6377059704686497,0.2711109097122093,0.10919484484235473
0.6978333333333333,0.908816880180859,0.6379199657607533,0.27089691442010577,0.10909797168613813
0.698,0.9095704596834966,0.6379199657607533,0.2716504939227433,0.10905805168006878
0.6981666666666667,0.9095704596834966,0.6381339610528568,0.2714364986306398,0.10894145488426389
0.6983333333333334,0.9095704596834966,0.6383479563449604,0.27122250333853615,0.10891509828318506
0.6985,0.9095704596834966,0.638561951637064,0.2710085080464326,0.10887689970158236
0.6986666666666667,0.9095704596834966,0.6387759469291675,0.2707945127543291,0.10886427013069892
0.6988333333333333,0.9095704596834966,0.6389899422212711,0.27058051746222544,0.10877160438653787
0.699,0.9103240391861341,0.6389899422212711,0.271334096964863,0.10875990461285552
0.6991666666666667,0.9103240391861341,0.6392039375133747,0.27112010167275946,0.10869736058090945
0.6993333333333334,0.9103240391861341,0.6394179328054783,0.2709061063806558,0.10830123732321796
0.6995,0.9110776186887717,0.6394179328054783,0.27165968588329337,0.10830123732321796
0.6996666666666667,0.9110776186887717,0.6396319280975818,0.27144569059118984,0.10830123732321796
0.6998333333333333,0.9110776186887717,0.6398459233896854,0.2712316952990863,0.10830123732321796
0.7,0.9110776186887717,0.640059918681789,0.27101770000698266,0.10815200019299774
0.7001666666666667,0.9110776186887717,0.6402739139738926,0.27080370471487913,0.10805463341529105
0.7003333333333334,0.9110776186887717,0.6404879092659962,0.2705897094227755,0.10805463341529105
0.7005,0.9110776186887717,0.6407019045580997,0.27037571413067196,0.10799342185510091
0.7006666666666667,0.9110776186887717,0.6409158998502033,0.27016171883856843,0.10788160342495481
0.7008333333333333,0.9110776186887717,0.6411298951423069,0.2699477235464648,0.10786938683068698
0.701,0.9118311981914092,0.6411298951423069,0.27070130304910234,0.10778498827443884
0.7011666666666667,0.9118311981914092,0.6413438904344104,0.2704873077569988,0.10759056001646827
0.7013333333333334,0.9118311981914092,0.6415578857265141,0.27027331246489517,0.10759056001646827
0.7015,0.9118311981914092,0.6417718810186176,0.27005931717279164,0.10759056001646827
0.7016666666666667,0.9118311981914092,0.6419858763107211,0.2698453218806881,0.10759056001646827
0.7018333333333333,0.9118311981914092,0.6421998716028248,0.26963132658858446,0.10759056001646827
0.702,0.9118311981914092,0.6424138668949283,0.26941733129648093,0.10759056001646827
0.7021666666666667,0.9118311981914092,0.6426278621870319,0.2692033360043773,0.10759056001646827
0.7023333333333334,0.9118311981914092,0.6428418574791355,0.26898934071227376,0.10759056001646827
0.7025,0.9118311981914092,0.643055852771239,0.26877534542017023,0.10759056001646827
0.7026666666666667,0.9118311981914092,0.6432698480633426,0.2685613501280666,0.10759056001646827
0.7028333333333333,0.9118311981914092,0.6434838433554462,0.26834735483596306,0.10759056001646827
0.703,0.9118311981914092,0.6436978386475497,0.26813335954385953,0.10759056001646827
0.7031666666666667,0.9125847776940467,0.6436978386475497,0.26888693904649696,0.10759056001646827
0.7033333333333334,0.9125847776940467,0.6439118339396533,0.2686729437543933,0.10759056001646827
0.7035,0.9125847776940467,0.6441258292317569,0.2684589484622898,0.10759056001646827
0.7036666666666667,0.9125847776940467,0.6443398245238605,0.26824495317018615,0.10759056001646827
0.7038333333333333,0.9125847776940467,0.644553819815964,0.2680309578780826,0.10759056001646827
0.704,0.9125847776940467,0.6447678151080676,0.2678169625859791,0.10759056001646827
0.7041666666666667,0.9125847776940467,0.6449818104001712,0.26760296729387545,0.10759056001646827
0.7043333333333334,0.9125847776940467,0.6451958056922747,0.2673889720017719,0.10759056001646827
0.7045,0.9133383571966842,0.6451958056922747,0.26814255150440947,0.1075202894121377
0.7046666666666667,0.9140919366993218,0.6451958056922747,0.268896131007047,0.10729850233557693
0.7048333333333333,0.9140919366993218,0.6454098009843784,0.26868213571494337,0.10701756397666579
0.705,0.9148455162019593,0.6454098009843784,0.2694357152175809,0.10688225132588779
0.7051666666666667,0.9148455162019593,0.6456237962764819,0.2692217199254774,0.10684234321348479
0.7053333333333334,0.9148455162019593,0.6458377915685855,0.26900772463337386,0.10684234321348479
0.7055,0.9148455162019593,0.6460517868606891,0.2687937293412702,0.10672840485005035
0.7056666666666667,0.9148455162019593,0.6462657821527926,0.2685797340491667,0.10672840485005035
0.7058333333333333,0.9148455162019593,0.6464797774448963,0.26836573875706304,0.10667754275979749
0.706,0.9148455162019593,0.6466937727369998,0.2681517434649595,0.10655413531817781
0.7061666666666667,0.9148455162019593,0.6469077680291033,0.267937748172856,0.10652184507999318
0.7063333333333334,0.9148455162019593,0.647121763321207,0.26772375288075234,0.10652184507999318
0.7065,0.9148455162019593,0.6473357586133105,0.2675097575886488,0.1064273602819951
0.7066666666666667,0.9148455162019593,0.647549753905414,0.2672957622965453,0.10642221538899657
0.7068333333333333,0.9148455162019593,0.6477637491975177,0.26708176700444164,0.10631167520661176
0.707,0.9155990957045969,0.6477637491975177,0.2678353465070792,0.1061231097351948
0.7071666666666667,0.9163526752072344,0.6477637491975177,0.26858892600971673,0.10598514728010008
0.7073333333333334,0.9163526752072344,0.6479777444896212,0.2683749307176132,0.10598514728010008
0.7075,0.9163526752072344,0.6481917397817248,0.26816093542550956,0.10590513438799826
0.7076666666666667,0.9171062547098718,0.6481917397817248,0.268914514928147,0.10590513438799826
0.7078333333333333,0.9171062547098718,0.6484057350738284,0.26870051963604347,0.10590513438799826
0.708,0.9171062547098718,0.6486197303659319,0.26848652434393994,0.10584004107016294
0.7081666666666667,0.9171062547098718,0.6488337256580355,0.2682725290518363,0.10572783854496767
0.7083333333333334,0.9171062547098718,0.6490477209501391,0.26805853375973276,0.10572783854496767
0.7085,0.9171062547098718,0.6492617162422427,0.2678445384676291,0.10554586173011596
0.7086666666666667,0.9171062547098718,0.6494757115343462,0.2676305431755256,0.10551590374324649
0.7088333333333333,0.9171062547098718,0.6496897068264498,0.26741654788342206,0.10549962194553092
0.709,0.9171062547098718,0.6499037021185534,0.2672025525913184,0.10543162392189676
0.7091666666666666,0.9171062547098718,0.650117697410657,0.2669885572992149,0.10543162392189676
0.7093333333333334,0.9178598342125094,0.650117697410657,0.26774213680185244,0.10534533918586578
0.7095,0.9178598342125094,0.6503316927027606,0.2675281415097488,0.10530824116670495
0.7096666666666667,0.9178598342125094,0.6505456879948641,0.26731414621764527,0.1052767277744656
0.7098333333333333,0.9178598342125094,0.6507596832869676,0.26710015092554173,0.10499297310537559
0.71,0.9178598342125094,0.6509736785790713,0.2668861556334381,0.10487201640500272
0.7101666666666666,0.9178598342125094,0.6511876738711748,0.26667216034133456,0.10482466997640781
0.7103333333333334,0.9178598342125094,0.6514016691632785,0.2664581650492309,0.10481478718762083
0.7105,0.9178598342125094,0.651615664455382,0.2662441697571274,0.10481478718762083
0.7106666666666667,0.9178598342125094,0.6518296597474855,0.26603017446502386,0.10467539698106926
0.7108333333333333,0.9178598342125094,0.6520436550395892,0.2658161791729202,0.1045797559978781
0.711,0.9178598342125094,0.6522576503316927,0.2656021838808167,0.10449795335513816
0.7111666666666666,0.9178598342125094,0.6524716456237962,0.26538818858871316,0.10449795335513816
0.7113333333333334,0.9178598342125094,0.6526856409158999,0.2651741932966095,0.10449688583332359
0.7115,0.9178598342125094,0.6528996362080034,0.264960198004506,0.10448126336704862
0.7116666666666667,0.9178598342125094,0.653113631500107,0.26474620271240235,0.10447801441819897
0.7118333333333333,0.9178598342125094,0.6533276267922106,0.2645322074202988,0.10447801441819897
0.712,0.9178598342125094,0.6535416220843141,0.2643182121281953,0.10437309874678856
0.7121666666666666,0.9178598342125094,0.6537556173764177,0.26410421683609164,0.10437309874678856
0.7123333333333334,0.9178598342125094,0.6539696126685213,0.2638902215439881,0.10437309874678856
0.7125,0.9178598342125094,0.6541836079606249,0.26367622625188447,0.10437309874678856
0.7126666666666667,0.9178598342125094,0.6543976032527284,0.26346223095978094,0.10437309874678856
0.7128333333333333,0.9178598342125094,0.654611598544832,0.2632482356676774,0.10435156600627943
0.713,0.9178598342125094,0.6548255938369356,0.26303424037557377,0.10434482969190859
0.7131666666666666,0.9178598342125094,0.6550395891290391,0.26282024508347024,0.10433362698482554
0.7133333333333334,0.9178598342125094,0.6552535844211428,0.2626062497913666,0.10414675563119447
0.7135,0.9186134137151469,0.6552535844211428,0.26335982929400414,0.10414675563119447
0.7136666666666667,0.9186134137151469,0.6554675797132463,0.2631458340019006,0.10414675563119447
0.7138333333333333,0.9186134137151469,0.6556815750053498,0.2629318387097971,0.1040711508497218
0.714,0.9186134137151469,0.6558955702974535,0.26271784341769344,0.1040711508497218
0.7141666666666666,0.9186134137151469,0.656109565589557,0.2625038481255899,0.10399752641199991
0.7143333333333334,0.9186134137151469,0.6563235608816606,0.2622898528334864,0.10398011795358998
0.7145,0.9186134137151469,0.6565375561737642,0.26207585754138274,0.10390219399402603
0.7146666666666667,0.9186134137151469,0.6567515514658677,0.2618618622492792,0.10388488196945403
0.7148333333333333,0.9186134137151469,0.6569655467579714,0.26164786695717557,0.10379842069780637
0.715,0.9193669932177845,0.6569655467579714,0.2624014464598131,0.10378955171524071
0.7151666666666666,0.9193669932177845,0.6571795420500749,0.2621874511677096,0.10376895584057318
0.7153333333333334,0.9193669932177845,0.6573935373421784,0.26197345587560605,0.10367803539800072
0.7155,0.9193669932177845,0.6576075326342821,0.2617594605835024,0.10361174337994268
0.7156666666666667,0.9193669932177845,0.6578215279263856,0.2615454652913989,0.10356807923083684
0.7158333333333333,0.9193669932177845,0.6580355232184892,0.26133146999929524,0.10341816891895436
0.716,0.9193669932177845,0.6582495185105928,0.2611174747071917,0.10340089212717923
0.7161666666666666,0.9193669932177845,0.6584635138026963,0.2609034794150882,0.10339611082794455
0.7163333333333334,0.9193669932177845,0.6586775090947999,0.26068948412298454,0.1032634377414503
0.7165,0.9193669932177845,0.6588915043869035,0.260475488830881,0.10321376714299615
0.7166666666666667,0.9193669932177845,0.6591054996790071,0.26026149353877737,0.10308156585285429
0.7168333333333333,0.9193669932177845,0.6593194949711106,0.26004749824667384,0.10308156585285429
0.717,0.9193669932177845,0.6595334902632142,0.2598335029545703,0.10308156585285429
0.7171666666666666,0.9193669932177845,0.6597474855553178,0.25961950766246666,0.10308156585285429
0.7173333333333334,0.9193669932177845,0.6599614808474213,0.25940551237036313,0.10300803811097682
0.7175,0.9193669932177845,0.6601754761395249,0.2591915170782596,0.10300803811097682
0.7176666666666667,0.9193669932177845,0.6603894714316285,0.25897752178615596,0.10276228847660293
0.7178333333333333,0.9193669932177845,0.660603466723732,0.25876352649405243,0.10274945742672727
0.718,0.9193669932177845,0.6608174620158357,0.2585495312019488,0.10274945742672727
0.7181666666666666,0.9193669932177845,0.6610314573079392,0.25833553590984526,0.10274945742672727
0.7183333333333334,0.9193669932177845,0.6612454526000427,0.25812154061774173,0.10233033916461708
0.7185,0.9193669932177845,0.6614594478921464,0.2579075453256381,0.10230747611590713
0.7186666666666667,0.9193669932177845,0.6616734431842499,0.25769355003353456,0.10219650677512568
0.7188333333333333,0.9193669932177845,0.6618874384763536,0.2574795547414309,0.10219650677512568
0.719,0.9193669932177845,0.6621014337684571,0.2572655594493274,0.10214410534516678
0.7191666666666666,0.9193669932177845,0.6623154290605606,0.25705156415722386,0.1020939658206931
0.7193333333333334,0.9193669932177845,0.6625294243526643,0.2568375688651202,0.1020939658206931
0.7195,0.9193669932177845,0.6627434196447678,0.2566235735730167,0.10205936281387591
0.7196666666666667,0.9193669932177845,0.6629574149368714,0.25640957828091304,0.10205936281387591
0.7198333333333333,0.9193669932177845,0.663171410228975,0.2561955829888095,0.10200413834594421
0.72,0.9193669932177845,0.6633854055210785,0.255981587696706,0.10200413834594421
0.7201666666666666,0.9193669932177845,0.6635994008131821,0.25576759240460234,0.10200413834594421
0.7203333333333334,0.9193669932177845,0.6638133961052857,0.2555535971124988,0.1020027424043629
0.7205,0.9193669932177845,0.6640273913973893,0.25533960182039517,0.10186111860838426
0.7206666666666667,0.9193669932177845,0.6642413866894928,0.25512560652829164,0.10184863859544833
0.7208333333333333,0.9193669932177845,0.6644553819815964,0.2549116112361881,0.10164995708598235
0.721,0.9193669932177845,0.6646693772737,0.25469761594408447,0.10150332099354602
0.7211666666666666,0.9193669932177845,0.6648833725658035,0.25448362065198094,0.10126152817139693
0.7213333333333334,0.920120572720422,0.6648833725658035,0.2552372001546185,0.10089998815244047
0.7215,0.920120572720422,0.6650973678579071,0.25502320486251495,0.10081913745301611
0.7216666666666667,0.920120572720422,0.6653113631500107,0.2548092095704113,0.10080727858197167
0.7218333333333333,0.920120572720422,0.6655253584421142,0.2545952142783078,0.10078202990976563
0.722,0.920120572720422,0.6657393537342179,0.25438121898620414,0.10071736637684787
0.7221666666666666,0.9208741522230596,0.6657393537342179,0.2551347984888417,0.10058089108436745
0.7223333333333334,0.9208741522230596,0.6659533490263214,0.25492080319673815,0.10054025017058282
0.7225,0.9208741522230596,0.666167344318425,0.2547068079046346,0.10054025017058282
0.7226666666666667,0.9208741522230596,0.6663813396105286,0.254492812612531,0.10054025017058282
0.7228333333333333,0.9208741522230596,0.6665953349026321,0.25427881732042745,0.10054025017058282
0.723,0.9208741522230596,0.6668093301947358,0.2540648220283238,0.10054025017058282
0.7231666666666666,0.9208741522230596,0.6670233254868393,0.2538508267362203,0.10054025017058282
0.7233333333333334,0.9208741522230596,0.6672373207789428,0.25363683144411675,0.10054025017058282
0.7235,0.9208741522230596,0.6674513160710465,0.2534228361520131,0.10054025017058282
0.7236666666666667,0.9208741522230596,0.66766531136315,0.2532088408599096,0.10054025017058282
0.7238333333333333,0.9208741522230596,0.6678793066552536,0.25299484556780594,0.10049801161581155
0.724,0.9208741522230596,0.6680933019473572,0.2527808502757024,0.10048805651699216
0.7241666666666666,0.9208741522230596,0.6683072972394607,0.2525668549835989,0.10023409624213607
0.7243333333333334,0.9208741522230596,0.6685212925315643,0.25235285969149523,0.10012770220773952
0.7245,0.9208741522230596,0.6687352878236679,0.2521388643993917,0.10002955111193655
0.7246666666666667,0.9208741522230596,0.6689492831157714,0.2519248691072882,0.0997731314263077
0.7248333333333333,0.9208741522230596,0.669163278407875,0.25171087381518453,0.09972789080797805
0.725,0.9208741522230596,0.6693772736999786,0.251496878523081,0.09964823366772242
0.7251666666666666,0.9208741522230596,0.6695912689920822,0.25128288323097736,0.09951112934820427
0.7253333333333334,0.9208741522230596,0.6698052642841857,0.25106888793887383,0.09948458870431164
0.7255,0.9208741522230596,0.6700192595762893,0.2508548926467703,0.0992636174869891
0.7256666666666667,0.9208741522230596,0.6702332548683929,0.25064089735466666,0.0992636174869891
0.7258333333333333,0.9208741522230596,0.6704472501604964,0.25042690206256313,0.0992636174869891
0.726,0.9208741522230596,0.6706612454526001,0.2502129067704595,0.09922744860444103
0.7261666666666666,0.9208741522230596,0.6708752407447036,0.24999891147835596,0.09901621406741376
0.7263333333333334,0.9208741522230596,0.6710892360368071,0.24978491618625243,0.09899172632106197
0.7265,0.9208741522230596,0.6713032313289108,0.24957092089414878,0.09899172632106197
0.7266666666666667,0.9208741522230596,0.6715172266210143,0.24935692560204525,0.09899172632106197
0.7268333333333333,0.9208741522230596,0.671731221913118,0.2491429303099416,0.09884918563550403
0.727,0.9208741522230596,0.6719452172052215,0.24892893501783808,0.09884170900752631
0.7271666666666666,0.9208741522230596,0.672159212497325,0.24871493972573455,0.0987827674956885
0.7273333333333334,0.9208741522230596,0.6723732077894287,0.2485009444336309,0.09876530344493131
0.7275,0.9208741522230596,0.6725872030815322,0.24828694914152738,0.09873356036064494
0.7276666666666667,0.9208741522230596,0.6728011983736358,0.24807295384942374,0.09869885594294465
0.7278333333333333,0.9208741522230596,0.6730151936657394,0.2478589585573202,0.09869885594294465
0.728,0.9208741522230596,0.6732291889578429,0.24764496326521668,0.09869885594294465
0.7281666666666666,0.9208741522230596,0.6734431842499465,0.24743096797311304,0.09869885594294465
0.7283333333333334,0.9208741522230596,0.6736571795420501,0.2472169726810095,0.09869885594294465
0.7285,0.9208741522230596,0.6738711748341536,0.24700297738890598,0.09869885594294465
0.7286666666666667,0.9208741522230596,0.6740851701262572,0.24678898209680233,0.09869885594294465
0.7288333333333333,0.9208741522230596,0.6742991654183608,0.2465749868046988,0.09869885594294465
0.729,0.9208741522230596,0.6745131607104644,0.24636099151259516,0.09869885594294465
0.7291666666666666,0.9208741522230596,0.6747271560025679,0.24614699622049163,0.09869885594294465
0.7293333333333333,0.9208741522230596,0.6749411512946715,0.2459330009283881,0.09866450707913611
0.7295,0.9208741522230596,0.6751551465867751,0.24571900563628446,0.09855497996880896
0.7296666666666667,0.9208741522230596,0.6753691418788786,0.24550501034418093,0.09855497996880896
0.7298333333333333,0.9208741522230596,0.6755831371709823,0.2452910150520773,0.09846848927297404
0.73,0.9208741522230596,0.6757971324630858,0.24507701975997376,0.09846848927297404
0.7301666666666666,0.9208741522230596,0.6760111277551893,0.24486302446787023,0.09842963445565492
0.7303333333333333,0.9208741522230596,0.676225123047293,0.24464902917576659,0.09842963445565492
0.7305,0.9208741522230596,0.6764391183393965,0.24443503388366306,0.09842963445565492
0.7306666666666667,0.9208741522230596,0.6766531136315002,0.24422103859155941,0.09839145103699491
0.7308333333333333,0.9208741522230596,0.6768671089236037,0.24400704329945588,0.09839097016751797
0.731,0.9208741522230596,0.6770811042157072,0.24379304800735235,0.09839097016751797
0.7311666666666666,0.9208741522230596,0.6772950995078109,0.2435790527152487,0.09839097016751797
0.7313333333333333,0.9208741522230596,0.6775090947999144,0.24336505742314518,0.09832570180741125
0.7315,0.9208741522230596,0.6777230900920179,0.24315106213104165,0.098245546732794
0.7316666666666667,0.9208741522230596,0.6779370853841216,0.242937066838938,0.098245546732794
0.7318333333333333,0.9208741522230596,0.6781510806762251,0.24272307154683448,0.0981720272051586
0.732,0.9208741522230596,0.6783650759683287,0.24250907625473084,0.0981720272051586
0.7321666666666666,0.9208741522230596,0.6785790712604323,0.2422950809626273,0.0981720272051586
0.7323333333333333,0.9208741522230596,0.6787930665525358,0.24208108567052378,0.0981720272051586
0.7325,0.9208741522230596,0.6790070618446394,0.24186709037842014,0.09808861321620825
0.7326666666666667,0.9208741522230596,0.679221057136743,0.2416530950863166,0.09806511255744815
0.7328333333333333,0.9208741522230596,0.6794350524288466,0.24143909979421296,0.09806511255744815
0.733,0.9208741522230596,0.6796490477209501,0.24122510450210943,0.09805089168170823
0.7331666666666666,0.9208741522230596,0.6798630430130537,0.2410111092100059,0.09791528257226992
0.7333333333333333,0.9208741522230596,0.6800770383051573,0.24079711391790226,0.09791342255916712
0.7335,0.9208741522230596,0.6802910335972608,0.24058311862579873,0.09791342255916712
0.7336666666666667,0.9208741522230596,0.6805050288893645,0.2403691233336951,0.09791342255916712
0.7338333333333333,0.9208741522230596,0.680719024181468,0.24015512804159156,0.09791342255916712
0.734,0.9208741522230596,0.6809330194735715,0.23994113274948803,0.09791342255916712
0.7341666666666666,0.9208741522230596,0.6811470147656752,0.2397271374573844,0.09791342255916712
0.7343333333333333,0.9208741522230596,0.6813610100577787,0.23951314216528086,0.09791342255916712
0.7345,0.9208741522230596,0.6815750053498824,0.23929914687317722,0.09791282112634815
0.7346666666666667,0.9208741522230596,0.6817890006419859,0.23908515158107368,0.09791282112634815
0.7348333333333333,0.9208741522230596,0.6820029959340894,0.23887115628897015,0.0978518995609155
0.735,0.9208741522230596,0.6822169912261931,0.2386571609968665,0.09776929881686201
0.7351666666666666,0.9208741522230596,0.6824309865182966,0.23844316570476298,0.09767201204557313
0.7353333333333333,0.9208741522230596,0.6826449818104001,0.23822917041265945,0.09765127053419186
0.7355,0.9208741522230596,0.6828589771025038,0.2380151751205558,0.09762625435110105
0.7356666666666667,0.9208741522230596,0.6830729723946073,0.23780117982845228,0.09753521183168318
0.7358333333333333,0.9208741522230596,0.6832869676867109,0.23758718453634864,0.09753521183168318
0.736,0.9208741522230596,0.6835009629788145,0.2373731892442451,0.09753521183168318
0.7361666666666666,0.9208741522230596,0.683714958270918,0.23715919395214158,0.09753521183168318
0.7363333333333333,0.9208741522230596,0.6839289535630216,0.23694519866003794,0.09753521183168318
0.7365,0.9208741522230596,0.6841429488551252,0.2367312033679344,0.09753521183168318
0.7366666666666667,0.9208741522230596,0.6843569441472288,0.23651720807583076,0.09753521183168318
0.7368333333333333,0.9208741522230596,0.6845709394393323,0.23630321278372723,0.09752027496493221
0.737,0.921627731725697,0.6845709394393323,0.23705679228636467,0.0968978803907156
0.7371666666666666,0.921627731725697,0.6847849347314359,0.23684279699426114,0.0968978803907156
0.7373333333333333,0.921627731725697,0.6849989300235395,0.2366288017021575,0.0968978803907156
0.7375,0.921627731725697,0.685212925315643,0.23641480641005397,0.0968978803907156
0.7376666666666667,0.921627731725697,0.6854269206077467,0.23620081111795033,0.0968978803907156
0.7378333333333333,0.921627731725697,0.6856409158998502,0.2359868158258468,0.0968978803907156
0.738,0.921627731725697,0.6858549111919537,0.23577282053374327,0.0968978803907156
0.7381666666666666,0.921627731725697,0.6860689064840574,0.23555882524163962,0.09675781897808731
0.7383333333333333,0.921627731725697,0.6862829017761609,0.2353448299495361,0.09675781897808731
0.7385,0.921627731725697,0.6864968970682644,0.23513083465743256,0.09675781897808731
0.7386666666666667,0.921627731725697,0.6867108923603681,0.23491683936532892,0.09675781897808731
0.7388333333333333,0.921627731725697,0.6869248876524716,0.2347028440732254,0.09675781897808731
0.739,0.921627731725697,0.6871388829445753,0.23448884878112175,0.09675781897808731
0.7391666666666666,0.921627731725697,0.6873528782366788,0.23427485348901822,0.09675781897808731
0.7393333333333333,0.921627731725697,0.6875668735287823,0.2340608581969147,0.09675781897808731
0.7395,0.921627731725697,0.687780868820886,0.23384686290481105,0.09675781897808731
0.7396666666666667,0.9223813112283346,0.687780868820886,0.2346004424074486,0.09675781897808731
0.7398333333333333,0.9223813112283346,0.6879948641129895,0.23438644711534506,0.09675781897808731
0.74,0.9223813112283346,0.6882088594050931,0.23417245182324142,0.09671949712400843
0.7401666666666666,0.9223813112283346,0.6884228546971967,0.2339584565311379,0.09643872110057557
0.7403333333333333,0.9223813112283346,0.6886368499893002,0.23374446123903436,0.0964170268783504
0.7405,0.9223813112283346,0.6888508452814038,0.23353046594693072,0.09640879014808425
0.7406666666666667,0.9223813112283346,0.6890648405735074,0.2333164706548272,0.09639420601656054
0.7408333333333333,0.9223813112283346,0.689278835865611,0.23310247536272355,0.09632808615473777
0.741,0.9223813112283346,0.6894928311577145,0.23288848007062002,0.09613940281175291
0.7411666666666666,0.9223813112283346,0.6897068264498181,0.2326744847785165,0.09608310325455616
0.7413333333333333,0.9223813112283346,0.6899208217419217,0.23246048948641285,0.09601642836435499
0.7415,0.9223813112283346,0.6901348170340252,0.23224649419430932,0.09586601401739468
0.7416666666666667,0.9223813112283346,0.6903488123261289,0.23203249890220567,0.09584001423293868
0.7418333333333333,0.9223813112283346,0.6905628076182324,0.23181850361010214,0.09584001423293868
0.742,0.9223813112283346,0.6907768029103359,0.23160450831799861,0.09580530871719793
0.7421666666666666,0.9223813112283346,0.6909907982024396,0.23139051302589497,0.09580276941021053
0.7423333333333333,0.9223813112283346,0.6912047934945431,0.23117651773379144,0.09580276941021053
0.7425,0.9223813112283346,0.6914187887866466,0.2309625224416879,0.09580276941021053
0.7426666666666667,0.9223813112283346,0.6916327840787503,0.23074852714958427,0.09580276941021053
0.7428333333333333,0.9223813112283346,0.6918467793708538,0.23053453185748074,0.09574187974788635
0.743,0.9223813112283346,0.6920607746629575,0.2303205365653771,0.09572931652862476
0.7431666666666666,0.9223813112283346,0.692274769955061,0.23010654127327357,0.0957156219406013
0.7433333333333333,0.9223813112283346,0.6924887652471645,0.22989254598117004,0.09544397362192072
0.7435,0.9223813112283346,0.6927027605392682,0.2296785506890664,0.09541853076645139
0.7436666666666667,0.9231348907309721,0.6927027605392682,0.23043213019170394,0.09538575156729548
0.7438333333333333,0.9231348907309721,0.6929167558313717,0.2302181348996004,0.09538575156729548
0.744,0.9231348907309721,0.6931307511234753,0.23000413960749677,0.09531423468592216
0.7441666666666666,0.9231348907309721,0.6933447464155789,0.22979014431539324,0.09494867889601347
0.7443333333333333,0.9231348907309721,0.6935587417076824,0.2295761490232897,0.09492416206500731
0.7445,0.9231348907309721,0.693772736999786,0.22936215373118607,0.09477181111797213
0.7446666666666667,0.9231348907309721,0.6939867322918896,0.22914815843908254,0.09477181111797213
0.7448333333333333,0.9231348907309721,0.6942007275839932,0.2289341631469789,0.09477181111797213
0.745,0.9231348907309721,0.6944147228760967,0.22872016785487537,0.09477181111797213
0.7451666666666666,0.9231348907309721,0.6946287181682003,0.22850617256277184,0.09477181111797213
0.7453333333333333,0.9231348907309721,0.6948427134603039,0.2282921772706682,0.09473769742447959
0.7455,0.9231348907309721,0.6950567087524074,0.22807818197856466,0.09465694766492874
0.7456666666666667,0.9231348907309721,0.695270704044511,0.22786418668646113,0.09438791539436332
0.7458333333333333,0.9231348907309721,0.6954846993366146,0.2276501913943575,0.09437387824538986
0.746,0.9231348907309721,0.6956986946287181,0.22743619610225396,0.09437387824538986
0.7461666666666666,0.9231348907309721,0.6959126899208218,0.22722220081015032,0.09437387824538986
0.7463333333333333,0.9231348907309721,0.6961266852129253,0.2270082055180468,0.09437387824538986
0.7465,0.9231348907309721,0.6963406805050288,0.22679421022594326,0.09437387824538986
0.7466666666666667,0.9231348907309721,0.6965546757971325,0.22658021493383962,0.09437387824538986
0.7468333333333333,0.9231348907309721,0.696768671089236,0.2263662196417361,0.09437387824538986
0.747,0.9231348907309721,0.6969826663813397,0.22615222434963245,0.09436036479006171
0.7471666666666666,0.9231348907309721,0.6971966616734432,0.22593822905752892,0.09436036479006171
0.7473333333333333,0.9231348907309721,0.6974106569655467,0.22572423376542539,0.09436036479006171
0.7475,0.9231348907309721,0.6976246522576504,0.22551023847332174,0.09436036479006171
0.7476666666666667,0.9231348907309721,0.6978386475497539,0.22529624318121821,0.09436036479006171
0.7478333333333333,0.9231348907309721,0.6980526428418575,0.22508224788911457,0.09436036479006171
0.748,0.9231348907309721,0.6982666381339611,0.22486825259701104,0.09436036479006171
0.7481666666666666,0.9231348907309721,0.6984806334260646,0.2246542573049075,0.09436036479006171
0.7483333333333333,0.9231348907309721,0.6986946287181682,0.22444026201280387,0.09436036479006171
0.7485,0.9231348907309721,0.6989086240102718,0.22422626672070034,0.09436036479006171
0.7486666666666667,0.9231348907309721,0.6991226193023754,0.2240122714285967,0.09436036479006171
0.7488333333333334,0.9231348907309721,0.6993366145944789,0.22379827613649317,0.09436036479006171
0.749,0.9231348907309721,0.6995506098865825,0.22358428084438964,0.09436036479006171
0.7491666666666666,0.9231348907309721,0.6997646051786861,0.223370285552286,0.09436036479006171
0.7493333333333333,0.9231348907309721,0.6999786004707896,0.22315629026018247,0.09436036479006171
0.7495,0.9231348907309721,0.7001925957628932,0.22294229496807894,0.09436036479006171
0.7496666666666667,0.9231348907309721,0.7004065910549968,0.2227282996759753,0.09436036479006171
0.7498333333333334,0.9231348907309721,0.7006205863471003,0.22251430438387176,0.09436036479006171
0.75,0.9231348907309721,0.700834581639204,0.22230030909176812,0.09436036479006171
0.7501666666666666,0.9231348907309721,0.7010485769313075,0.2220863137996646,0.09436036479006171
0.7503333333333333,0.9231348907309721,0.701262572223411,0.22187231850756106,0.09436036479006171
0.7505,0.9238884702336096,0.701262572223411,0.2226258980101986,0.09436036479006171
0.7506666666666667,0.9238884702336096,0.7014765675155147,0.22241190271809497,0.09436036479006171
0.7508333333333334,0.9238884702336096,0.7016905628076182,0.22219790742599144,0.09436036479006171
0.751,0.9238884702336096,0.7019045580997219,0.2219839121338878,0.09436036479006171
0.7511666666666666,0.9246420497362472,0.7019045580997219,0.22273749163652534,0.09432115280336362
0.7513333333333333,0.9246420497362472,0.7021185533918254,0.2225234963444218,0.09431167497442468
0.7515,0.9246420497362472,0.7023325486839289,0.22230950105231828,0.0942987647852889
0.7516666666666667,0.9246420497362472,0.7025465439760326,0.22209550576021464,0.09429459413461505
0.7518333333333334,0.9246420497362472,0.7027605392681361,0.2218815104681111,0.09417515250930188
0.752,0.9246420497362472,0.7029745345602397,0.22166751517600747,0.09413739266183126
0.7521666666666667,0.9253956292388847,0.7029745345602397,0.22242109467864501,0.09413739266183126
0.7523333333333333,0.9253956292388847,0.7031885298523433,0.22220709938654148,0.09413739266183126
0.7525,0.9253956292388847,0.7034025251444468,0.22199310409443795,0.09413739266183126
0.7526666666666667,0.9253956292388847,0.7036165204365504,0.2217791088023343,0.09413739266183126
0.7528333333333334,0.9253956292388847,0.703830515728654,0.22156511351023078,0.09413739266183126
0.753,0.9253956292388847,0.7040445110207575,0.22135111821812725,0.09409320955685409
0.7531666666666667,0.9253956292388847,0.7042585063128611,0.2211371229260236,0.09409320955685409
0.7533333333333333,0.9261492087415222,0.7042585063128611,0.22189070242866105,0.09408999280542282
0.7535,0.9261492087415222,0.7044725016049647,0.22167670713655752,0.09395593944332312
0.7536666666666667,0.9261492087415222,0.7046864968970683,0.22146271184445387,0.09393855240664618
0.7538333333333334,0.9261492087415222,0.7049004921891718,0.22124871655235034,0.09393855240664618
0.754,0.9261492087415222,0.7051144874812754,0.2210347212602468,0.09393855240664618
0.7541666666666667,0.9261492087415222,0.705328482773379,0.22082072596814317,0.09393855240664618
0.7543333333333333,0.9261492087415222,0.7055424780654825,0.22060673067603964,0.09393855240664618
0.7545,0.9261492087415222,0.7057564733575862,0.220392735383936,0.09393855240664618
0.7546666666666667,0.9269027882441597,0.7057564733575862,0.22114631488657355,0.09393855240664618
0.7548333333333334,0.9269027882441597,0.7059704686496897,0.22093231959447002,0.09390686185413134
0.755,0.9269027882441597,0.7061844639417932,0.2207183243023665,0.09390686185413134
0.7551666666666667,0.9269027882441597,0.7063984592338969,0.22050432901026285,0.09390686185413134
0.7553333333333333,0.9269027882441597,0.7066124545260004,0.22029033371815931,0.09365991383409891
0.7555,0.9269027882441597,0.706826449818104,0.22007633842605567,0.09328689935894258
0.7556666666666667,0.9269027882441597,0.7070404451102076,0.21986234313395214,0.0932861146707085
0.7558333333333334,0.9269027882441597,0.7072544404023111,0.2196483478418486,0.09327601522934785
0.756,0.9269027882441597,0.7074684356944148,0.21943435254974497,0.09327151309330266
0.7561666666666667,0.9276563677467973,0.7074684356944148,0.22018793205238252,0.0932007499058414
0.7563333333333333,0.9276563677467973,0.7076824309865183,0.219973936760279,0.09316445042180685
0.7565,0.9284099472494348,0.7076824309865183,0.22072751626291653,0.09301379934247019
0.7566666666666667,0.9284099472494348,0.7078964262786218,0.220513520970813,0.09300256078056628
0.7568333333333334,0.9284099472494348,0.7081104215707255,0.22029952567870936,0.09291019918704378
0.757,0.9284099472494348,0.708324416862829,0.22008553038660583,0.09283765915617202
0.7571666666666667,0.9284099472494348,0.7085384121549326,0.2198715350945022,0.09280392780799764
0.7573333333333333,0.9284099472494348,0.7087524074470362,0.21965753980239866,0.09256222284191942
0.7575,0.9284099472494348,0.7089664027391397,0.21944354451029513,0.09256222284191942
0.7576666666666667,0.9284099472494348,0.7091803980312433,0.2192295492181915,0.09255166328084542
0.7578333333333334,0.9284099472494348,0.7093943933233469,0.21901555392608796,0.09230269949517628
0.758,0.9284099472494348,0.7096083886154505,0.21880155863398432,0.09223259098052757
0.7581666666666667,0.9284099472494348,0.709822383907554,0.2185875633418808,0.09222343832249107
0.7583333333333333,0.9284099472494348,0.7100363791996576,0.21837356804977726,0.09222343832249107
0.7585,0.9284099472494348,0.7102503744917612,0.21815957275767361,0.09214269550118227
0.7586666666666667,0.9284099472494348,0.7104643697838647,0.21794557746557008,0.09212767161745876
0.7588333333333334,0.9291635267520724,0.7104643697838647,0.21869915696820763,0.09212767161745876
0.759,0.9291635267520724,0.7106783650759684,0.218485161676104,0.09212767161745876
0.7591666666666667,0.9291635267520724,0.7108923603680719,0.21827116638400046,0.09212408111796021
0.7593333333333333,0.9291635267520724,0.7111063556601754,0.21805717109189693,0.09210208648125202
0.7595,0.9291635267520724,0.7113203509522791,0.2178431757997933,0.09178250307244876
0.7596666666666667,0.9291635267520724,0.7115343462443826,0.21762918050768976,0.09169780154971098
0.7598333333333334,0.9299171062547099,0.7115343462443826,0.2183827600103273,0.09162949653378831
0.76,0.9299171062547099,0.7117483415364863,0.21816876471822366,0.09162949653378831
0.7601666666666667,0.9299171062547099,0.7119623368285898,0.21795476942612013,0.09162949653378831
0.7603333333333333,0.9299171062547099,0.7121763321206933,0.2177407741340166,0.09162949653378831
0.7605,0.9299171062547099,0.712390327412797,0.21752677884191296,0.09162949653378831
0.7606666666666667,0.9299171062547099,0.7126043227049005,0.21731278354980943,0.09162949653378831
0.7608333333333334,0.9299171062547099,0.712818317997004,0.2170987882577059,0.09162949653378831
0.761,0.9299171062547099,0.7130323132891077,0.21688479296560226,0.09162949653378831
0.7611666666666667,0.9299171062547099,0.7132463085812112,0.21667079767349873,0.09162949653378831
0.7613333333333333,0.9306706857573473,0.7132463085812112,0.21742437717613616,0.09162949653378831
0.7615,0.9306706857573473,0.7134603038733148,0.21721038188403252,0.09162949653378831
0.7616666666666667,0.9306706857573473,0.7136742991654184,0.216996386591929,0.09162949653378831
0.7618333333333334,0.9306706857573473,0.7138882944575219,0.21678239129982546,0.09162949653378831
0.762,0.9306706857573473,0.7141022897496255,0.21656839600772182,0.09162949653378831
0.7621666666666667,0.9306706857573473,0.7143162850417291,0.2163544007156183,0.09162949653378831
0.7623333333333333,0.9306706857573473,0.7145302803338327,0.21614040542351465,0.09162949653378831
0.7625,0.9306706857573473,0.7147442756259362,0.21592641013141112,0.09162949653378831
0.7626666666666667,0.9306706857573473,0.7149582709180398,0.2157124148393076,0.09162949653378831
0.7628333333333334,0.9306706857573473,0.7151722662101434,0.21549841954720395,0.0916208556196121
0.763,0.9306706857573473,0.7153862615022469,0.21528442425510042,0.0916208556196121
0.7631666666666667,0.9306706857573473,0.7156002567943506,0.21507042896299677,0.0916208556196121
0.7633333333333333,0.9306706857573473,0.7158142520864541,0.21485643367089324,0.09158260266305163
0.7635,0.9306706857573473,0.7160282473785576,0.2146424383787897,0.09153505089829028
0.7636666666666667,0.9306706857573473,0.7162422426706613,0.21442844308668607,0.09153505089829028
0.7638333333333334,0.9306706857573473,0.7164562379627648,0.21421444779458254,0.09150774257770122
0.764,0.9314242652599849,0.7164562379627648,0.2149680272972201,0.09150774257770122
0.7641666666666667,0.9314242652599849,0.7166702332548683,0.21475403200511656,0.09150774257770122
0.7643333333333333,0.9314242652599849,0.716884228546972,0.21454003671301292,0.09150774257770122
0.7645,0.9314242652599849,0.7170982238390755,0.21432604142090939,0.09150774257770122
0.7646666666666667,0.9314242652599849,0.7173122191311792,0.21411204612880574,0.09150774257770122
0.7648333333333334,0.9321778447626224,0.7173122191311792,0.2148656256314433,0.09150774257770122
0.765,0.9321778447626224,0.7175262144232827,0.21465163033933976,0.09150774257770122
0.7651666666666667,0.93293142426526,0.7175262144232827,0.2154052098419773,0.09150774257770122
0.7653333333333333,0.93293142426526,0.7177402097153862,0.21519121454987378,0.09150774257770122
0.7655,0.93293142426526,0.7179542050074899,0.21497721925777014,0.09150774257770122
0.7656666666666667,0.93293142426526,0.7181682002995934,0.2147632239656666,0.09150774257770122
0.7658333333333334,0.93293142426526,0.718382195591697,0.21454922867356296,0.09150774257770122
0.766,0.93293142426526,0.7185961908838006,0.21433523338145943,0.09150774257770122
0.7661666666666667,0.9336850037678975,0.7185961908838006,0.21508881288409698,0.09150774257770122
0.7663333333333333,0.9336850037678975,0.7188101861759041,0.21487481759199345,0.09150774257770122
0.7665,0.9336850037678975,0.7190241814680077,0.2146608222998898,0.09150774257770122
0.7666666666666667,0.9336850037678975,0.7192381767601113,0.21444682700778628,0.09150774257770122
0.7668333333333334,0.9336850037678975,0.7194521720522149,0.21423283171568264,0.09150774257770122
0.767,0.9336850037678975,0.7196661673443184,0.2140188364235791,0.09150774257770122
0.7671666666666667,0.9336850037678975,0.719880162636422,0.21380484113147558,0.09150774257770122
0.7673333333333333,0.9336850037678975,0.7200941579285256,0.21359084583937193,0.0914947521709486
0.7675,0.9336850037678975,0.7203081532206291,0.2133768505472684,0.0914947521709486
0.7676666666666667,0.9336850037678975,0.7205221485127328,0.21316285525516476,0.0914947521709486
0.7678333333333334,0.9336850037678975,0.7207361438048363,0.21294885996306123,0.0914947521709486
0.768,0.9344385832705351,0.7207361438048363,0.21370243946569878,0.0914947521709486
0.7681666666666667,0.9344385832705351,0.7209501390969398,0.21348844417359525,0.0914947521709486
0.7683333333333333,0.9344385832705351,0.7211641343890435,0.2132744488814916,0.0914947521709486
0.7685,0.9344385832705351,0.721378129681147,0.21306045358938808,0.0914947521709486
0.7686666666666667,0.9344385832705351,0.7215921249732505,0.21284645829728455,0.0914947521709486
0.7688333333333334,0.9351921627731725,0.7215921249732505,0.21360003779992198,0.0914947521709486
0.769,0.9351921627731725,0.7218061202653542,0.21338604250781834,0.0914947521709486
0.7691666666666667,0.9351921627731725,0.7220201155574577,0.2131720472157148,0.0914947521709486
0.7693333333333333,0.9351921627731725,0.7222341108495614,0.21295805192361117,0.0914947521709486
0.7695,0.9351921627731725,0.7224481061416649,0.21274405663150764,0.0914947521709486
0.7696666666666667,0.9351921627731725,0.7226621014337684,0.2125300613394041,0.0914947521709486
0.7698333333333334,0.9351921627731725,0.722876096725872,0.21231606604730047,0.0914947521709486
0.77,0.9351921627731725,0.7230900920179756,0.21210207075519694,0.09114690373030157
0.7701666666666667,0.9351921627731725,0.7233040873100792,0.2118880754630933,0.09114690373030157
0.7703333333333333,0.9351921627731725,0.7235180826021828,0.21167408017098976,0.09114690373030157
0.7705,0.9351921627731725,0.7237320778942863,0.21146008487888623,0.09111445105071524
0.7706666666666667,0.9351921627731725,0.7239460731863899,0.2112460895867826,0.09111445105071524
0.7708333333333334,0.9351921627731725,0.7241600684784935,0.21103209429467906,0.09111445105071524
0.771,0.9351921627731725,0.7243740637705971,0.21081809900257542,0.09111445105071524
0.7711666666666667,0.9351921627731725,0.7245880590627006,0.2106041037104719,0.09111445105071524
0.7713333333333333,0.9351921627731725,0.7248020543548042,0.21039010841836836,0.09104600544409472
0.7715,0.9351921627731725,0.7250160496469078,0.21017611312626472,0.09104600544409472
0.7716666666666666,0.9351921627731725,0.7252300449390113,0.2099621178341612,0.09104600544409472
0.7718333333333334,0.9351921627731725,0.7254440402311149,0.20974812254205766,0.09104600544409472
0.772,0.9351921627731725,0.7256580355232185,0.20953412724995402,0.09104600544409472
0.7721666666666667,0.9351921627731725,0.725872030815322,0.20932013195785049,0.09104600544409472
0.7723333333333333,0.9351921627731725,0.7260860261074257,0.20910613666574684,0.09104600544409472
0.7725,0.9351921627731725,0.7263000213995292,0.20889214137364331,0.09104600544409472
0.7726666666666666,0.9351921627731725,0.7265140166916327,0.20867814608153978,0.09104600544409472
0.7728333333333334,0.9351921627731725,0.7267280119837364,0.20846415078943614,0.09104600544409472
0.773,0.9351921627731725,0.7269420072758399,0.2082501554973326,0.09104600544409472
0.7731666666666667,0.9351921627731725,0.7271560025679435,0.20803616020522897,0.09104600544409472
0.7733333333333333,0.9359457422758101,0.7271560025679435,0.20878973970786652,0.09104265396523155
0.7735,0.9359457422758101,0.7273699978600471,0.208575744415763,0.09089123002845138
0.7736666666666666,0.9359457422758101,0.7275839931521506,0.20836174912365946,0.09085793697339149
0.7738333333333334,0.9359457422758101,0.7277979884442543,0.20814775383155582,0.0908308530058332
0.774,0.9359457422758101,0.7280119837363578,0.20793375853945228,0.09069327224069143
0.7741666666666667,0.9366993217784476,0.7280119837363578,0.20868733804208983,0.09058081298426912
0.7743333333333333,0.9366993217784476,0.7282259790284614,0.2084733427499862,0.09058081298426912
0.7745,0.9366993217784476,0.728439974320565,0.20825934745788266,0.09058081298426912
0.7746666666666666,0.9366993217784476,0.7286539696126685,0.20804535216577913,0.09058081298426912
0.7748333333333334,0.9366993217784476,0.7288679649047721,0.2078313568736755,0.09058081298426912
0.775,0.9366993217784476,0.7290819601968757,0.20761736158157196,0.09045585486673988
0.7751666666666667,0.9366993217784476,0.7292959554889793,0.20740336628946832,0.09043751798484378
0.7753333333333333,0.9366993217784476,0.7295099507810828,0.20718937099736479,0.09043751798484378
0.7755,0.9374529012810852,0.7295099507810828,0.20794295050000233,0.09043751798484378
0.7756666666666666,0.9374529012810852,0.7297239460731864,0.2077289552078988,0.09043751798484378
0.7758333333333334,0.9374529012810852,0.72993794136529,0.20751495991579516,0.0904271113939432
0.776,0.9374529012810852,0.7301519366573935,0.20730096462369163,0.0904271113939432
0.7761666666666667,0.9374529012810852,0.7303659319494971,0.2070869693315881,0.0903649910774516
0.7763333333333333,0.9374529012810852,0.7305799272416007,0.20687297403948446,0.0903649910774516
0.7765,0.9374529012810852,0.7307939225337042,0.20665897874738093,0.0903649910774516
0.7766666666666666,0.9382064807837227,0.7307939225337042,0.20741255825001848,0.0903649910774516
0.7768333333333334,0.9382064807837227,0.7310079178258079,0.20719856295791483,0.0903649910774516
0.777,0.9382064807837227,0.7312219131179114,0.2069845676658113,0.0903649910774516
0.7771666666666667,0.9382064807837227,0.7314359084100149,0.20677057237370777,0.0903649910774516
0.7773333333333333,0.9382064807837227,0.7316499037021186,0.20655657708160413,0.0903649910774516
0.7775,0.9382064807837227,0.7318638989942221,0.2063425817895006,0.0903649910774516
0.7776666666666666,0.9382064807837227,0.7320778942863257,0.20612858649739696,0.0903649910774516
0.7778333333333334,0.9382064807837227,0.7322918895784293,0.20591459120529343,0.0903649910774516
0.778,0.9382064807837227,0.7325058848705328,0.2057005959131899,0.0903649910774516
0.7781666666666667,0.9382064807837227,0.7327198801626364,0.20548660062108626,0.09032235705258913
0.7783333333333333,0.9389600602863603,0.7327198801626364,0.2062401801237238,0.0902613361582817
0.7785,0.9389600602863603,0.73293387545474,0.20602618483162027,0.09003688353471827
0.7786666666666666,0.9389600602863603,0.7331478707468436,0.20581218953951663,0.08977220458244227
0.7788333333333334,0.9389600602863603,0.7333618660389472,0.2055981942474131,0.08975814172080446
0.779,0.9389600602863603,0.7335758613310507,0.20538419895530957,0.08967507109267797
0.7791666666666667,0.9389600602863603,0.7337898566231543,0.20517020366320593,0.08947572099971762
0.7793333333333333,0.9389600602863603,0.7340038519152579,0.2049562083711024,0.08947572099971762
0.7795,0.9389600602863603,0.7342178472073614,0.20474221307899887,0.08927645598826996
0.7796666666666666,0.9389600602863603,0.734431842499465,0.20452821778689523,0.08927645598826996
0.7798333333333334,0.9389600602863603,0.7346458377915686,0.2043142224947917,0.08927575201672641
0.78,0.9389600602863603,0.7348598330836722,0.20410022720268806,0.08927575201672641
0.7801666666666667,0.9389600602863603,0.7350738283757757,0.20388623191058453,0.08927575201672641
0.7803333333333333,0.9389600602863603,0.7352878236678793,0.203672236618481,0.08927575201672641
0.7805,0.9389600602863603,0.7355018189599829,0.20345824132637735,0.08927575201672641
0.7806666666666666,0.9389600602863603,0.7357158142520864,0.20324424603427382,0.08927575201672641
0.7808333333333334,0.9389600602863603,0.7359298095441901,0.20303025074217018,0.08914623616517935
0.781,0.9389600602863603,0.7361438048362936,0.20281625545006665,0.0891398269005641
0.7811666666666667,0.9397136397889977,0.7361438048362936,0.2035698349527041,0.08899106733180452
0.7813333333333333,0.9397136397889977,0.7363578001283971,0.20335583966060056,0.08899106733180452
0.7815,0.9397136397889977,0.7365717954205008,0.20314184436849692,0.08899106733180452
0.7816666666666666,0.9397136397889977,0.7367857907126043,0.20292784907639339,0.08898916463369172
0.7818333333333334,0.9397136397889977,0.736999786004708,0.20271385378428974,0.0888696180470059
0.782,0.9397136397889977,0.7372137812968115,0.2024998584921862,0.08871087574902693
0.7821666666666667,0.9397136397889977,0.737427776588915,0.20228586320008268,0.08852578016097122
0.7823333333333333,0.9404672192916352,0.737427776588915,0.20303944270272023,0.08843743415883477
0.7825,0.9404672192916352,0.7376417718810186,0.2028254474106166,0.0883771231539478
0.7826666666666666,0.9404672192916352,0.7378557671731222,0.20261145211851306,0.0883771231539478
0.7828333333333334,0.9404672192916352,0.7380697624652258,0.20239745682640942,0.0883771231539478
0.783,0.9404672192916352,0.7382837577573294,0.20218346153430589,0.0883771231539478
0.7831666666666667,0.9404672192916352,0.7384977530494329,0.20196946624220236,0.0883771231539478
0.7833333333333333,0.9404672192916352,0.7387117483415365,0.20175547095009871,0.0883771231539478
0.7835,0.9404672192916352,0.73892574363364,0.20154147565799518,0.0883771231539478
0.7836666666666666,0.9404672192916352,0.7391397389257436,0.20132748036589165,0.0883771231539478
0.7838333333333334,0.9404672192916352,0.7393537342178472,0.201113485073788,0.0883771231539478
0.784,0.9404672192916352,0.7395677295099508,0.20089948978168448,0.08836099508293917
0.7841666666666667,0.9404672192916352,0.7397817248020544,0.20068549448958084,0.08836099508293917
0.7843333333333333,0.9404672192916352,0.7399957200941579,0.2004714991974773,0.08836099508293917
0.7845,0.9404672192916352,0.7402097153862615,0.20025750390537378,0.08836099508293917
0.7846666666666666,0.9412207987942728,0.7402097153862615,0.20101108340801133,0.0883323695744714
0.7848333333333334,0.9412207987942728,0.7404237106783651,0.20079708811590768,0.08824852872053415
0.785,0.9412207987942728,0.7406377059704686,0.20058309282380415,0.08824852872053415
0.7851666666666667,0.9412207987942728,0.7408517012625723,0.2003690975317005,0.08822688597615846
0.7853333333333333,0.9412207987942728,0.7410656965546758,0.20015510223959698,0.08816880238756604
0.7855,0.9412207987942728,0.7412796918467793,0.19994110694749345,0.08804182193821741
0.7856666666666666,0.9412207987942728,0.741493687138883,0.1997271116553898,0.08804182193821741
0.7858333333333334,0.9412207987942728,0.7417076824309865,0.19951311636328628,0.08804182193821741
0.786,0.9412207987942728,0.7419216777230901,0.19929912107118264,0.08804182193821741
0.7861666666666667,0.9412207987942728,0.7421356730151937,0.1990851257790791,0.08804182193821741
0.7863333333333333,0.9412207987942728,0.7423496683072972,0.19887113048697558,0.08804182193821741
0.7865,0.9412207987942728,0.7425636635994008,0.19865713519487194,0.08804182193821741
0.7866666666666666,0.9412207987942728,0.7427776588915044,0.1984431399027684,0.08804182193821741
0.7868333333333334,0.9412207987942728,0.7429916541836079,0.19822914461066488,0.08804182193821741
0.787,0.9412207987942728,0.7432056494757115,0.19801514931856123,0.08804182193821741
0.7871666666666667,0.9412207987942728,0.7434196447678151,0.1978011540264577,0.08804182193821741
0.7873333333333333,0.9412207987942728,0.7436336400599187,0.19758715873435406,0.08804182193821741
0.7875,0.9412207987942728,0.7438476353520223,0.19737316344225053,0.08788524267615437
0.7876666666666666,0.9412207987942728,0.7440616306441258,0.197159168150147,0.08764490638525015
0.7878333333333334,0.9412207987942728,0.7442756259362294,0.19694517285804336,0.08764490638525015
0.788,0.9412207987942728,0.744489621228333,0.19673117756593983,0.08764490638525015
0.7881666666666667,0.9412207987942728,0.7447036165204366,0.1965171822738362,0.08764490638525015
0.7883333333333333,0.9419743782969103,0.7447036165204366,0.19727076177647374,0.08724824246461926
0.7885,0.9419743782969103,0.7449176118125401,0.1970567664843702,0.0870123573057474
0.7886666666666666,0.9419743782969103,0.7451316071046437,0.19684277119226667,0.08697695792490291
0.7888333333333334,0.9419743782969103,0.7453456023967473,0.19662877590016303,0.08697695792490291
0.789,0.9419743782969103,0.7455595976888508,0.1964147806080595,0.08697695792490291
0.7891666666666667,0.9419743782969103,0.7457735929809545,0.19620078531595586,0.08697695792490291
0.7893333333333333,0.9419743782969103,0.745987588273058,0.19598679002385233,0.08697695792490291
0.7895,0.9419743782969103,0.7462015835651615,0.1957727947317488,0.08694385372688852
0.7896666666666666,0.9419743782969103,0.7464155788572652,0.19555879943964516,0.08688541957906923
0.7898333333333334,0.9419743782969103,0.7466295741493687,0.19534480414754163,0.08680207564269611
0.79,0.9419743782969103,0.7468435694414722,0.1951308088554381,0.08673252765123908
0.7901666666666667,0.9419743782969103,0.7470575647335759,0.19491681356333446,0.08673252765123908
0.7903333333333333,0.9419743782969103,0.7472715600256794,0.19470281827123093,0.08673252765123908
0.7905,0.9419743782969103,0.747485555317783,0.19448882297912728,0.08673252765123908
0.7906666666666666,0.9419743782969103,0.7476995506098866,0.19427482768702375,0.08673252765123908
0.7908333333333334,0.9419743782969103,0.7479135459019901,0.19406083239492022,0.08673252765123908
0.791,0.9419743782969103,0.7481275411940937,0.19384683710281658,0.08673252765123908
0.7911666666666667,0.9419743782969103,0.7483415364861973,0.19363284181071305,0.0867209302513593
0.7913333333333333,0.9419743782969103,0.7485555317783009,0.1934188465186094,0.08666831590202664
0.7915,0.9419743782969103,0.7487695270704045,0.19320485122650588,0.08666831590202664
0.7916666666666666,0.9419743782969103,0.748983522362508,0.19299085593440235,0.08666831590202664
0.7918333333333333,0.9427279577995479,0.748983522362508,0.1937444354370399,0.08666831590202664
0.792,0.9427279577995479,0.7491975176546116,0.19353044014493626,0.08666831590202664
0.7921666666666667,0.9427279577995479,0.7494115129467152,0.19331644485283273,0.08666831590202664
0.7923333333333333,0.9427279577995479,0.7496255082388188,0.19310244956072908,0.08660704374918743
0.7925,0.9427279577995479,0.7498395035309223,0.19288845426862555,0.08660704374918743
0.7926666666666666,0.9434815373021854,0.7498395035309223,0.1936420337712631,0.08660704374918743
0.7928333333333333,0.9434815373021854,0.7500534988230259,0.19342803847915957,0.08660704374918743
0.793,0.9434815373021854,0.7502674941151295,0.19321404318705593,0.08660704374918743
0.7931666666666667,0.9434815373021854,0.750481489407233,0.1930000478949524,0.08660704374918743
0.7933333333333333,0.9434815373021854,0.7506954846993367,0.19278605260284876,0.08660704374918743
0.7935,0.9434815373021854,0.7509094799914402,0.19257205731074523,0.08660704374918743
0.7936666666666666,0.9434815373021854,0.7511234752835437,0.1923580620186417,0.08660704374918743
0.7938333333333333,0.9434815373021854,0.7513374705756474,0.19214406672653805,0.08660704374918743
0.794,0.9434815373021854,0.7515514658677509,0.19193007143443452,0.08660704374918743
0.7941666666666667,0.9442351168048229,0.7515514658677509,0.19268365093707196,0.08660704374918743
0.7943333333333333,0.9442351168048229,0.7517654611598544,0.19246965564496843,0.08660704374918743
0.7945,0.9442351168048229,0.7519794564519581,0.1922556603528648,0.08660704374918743
0.7946666666666666,0.9442351168048229,0.7521934517440616,0.19204166506076126,0.08660704374918743
0.7948333333333333,0.9442351168048229,0.7524074470361652,0.19182766976865762,0.08660704374918743
0.795,0.9442351168048229,0.7526214423282688,0.19161367447655409,0.08660704374918743
0.7951666666666667,0.9442351168048229,0.7528354376203723,0.19139967918445056,0.08660704374918743
0.7953333333333333,0.9442351168048229,0.753049432912476,0.1911856838923469,0.08660704374918743
0.7955,0.9442351168048229,0.7532634282045795,0.19097168860024338,0.08660704374918743
0.7956666666666666,0.9442351168048229,0.7534774234966831,0.19075769330813974,0.08660704374918743
0.7958333333333333,0.9442351168048229,0.7536914187887866,0.1905436980160362,0.08660704374918743
0.796,0.9449886963074604,0.7536914187887866,0.19129727751867376,0.08660704374918743
0.7961666666666667,0.945742275810098,0.7536914187887866,0.1920508570213113,0.08658962610470224
0.7963333333333333,0.945742275810098,0.7539054140808902,0.19183686172920777,0.08648880847808758
0.7965,0.945742275810098,0.7541194093729938,0.19162286643710413,0.08648880847808758
0.7966666666666666,0.945742275810098,0.7543334046650974,0.1914088711450006,0.08648880847808758
0.7968333333333333,0.945742275810098,0.754547399957201,0.19119487585289696,0.08648880847808758
0.797,0.945742275810098,0.7547613952493045,0.19098088056079343,0.08648880847808758
0.7971666666666667,0.945742275810098,0.754975390541408,0.1907668852686899,0.08637734572183893
0.7973333333333333,0.945742275810098,0.7551893858335117,0.19055288997658626,0.08637734572183893
0.7975,0.945742275810098,0.7554033811256152,0.19033889468448273,0.08633930972634157
0.7976666666666666,0.945742275810098,0.7556173764177188,0.1901248993923792,0.08633930972634157
0.7978333333333333,0.945742275810098,0.7558313717098224,0.18991090410027556,0.08632166030815909
0.798,0.945742275810098,0.7560453670019259,0.18969690880817203,0.08607755196801853
0.7981666666666667,0.9464958553127355,0.7560453670019259,0.19045048831080957,0.08596096988870651
0.7983333333333333,0.9464958553127355,0.7562593622940296,0.19023649301870593,0.0859466013832256
0.7985,0.9464958553127355,0.7564733575861331,0.1900224977266024,0.08574322680738788
0.7986666666666666,0.9464958553127355,0.7566873528782366,0.18980850243449887,0.08574322680738788
0.7988333333333333,0.9464958553127355,0.7569013481703403,0.18959450714239523,0.08569493555877858
0.799,0.9464958553127355,0.7571153434624438,0.1893805118502917,0.08569493555877858
0.7991666666666667,0.9464958553127355,0.7573293387545474,0.18916651655818806,0.08569493555877858
0.7993333333333333,0.9464958553127355,0.757543334046651,0.18895252126608453,0.08569493555877858
0.7995,0.9464958553127355,0.7577573293387545,0.188738525973981,0.08569493555877858
0.7996666666666666,0.9464958553127355,0.7579713246308581,0.18852453068187736,0.08560041507780806
0.7998333333333333,0.9464958553127355,0.7581853199229617,0.18831053538977383,0.08548515052443213
0.8,0.9464958553127355,0.7583993152150653,0.18809654009767018,0.08545182790748822
0.8001666666666667,0.9464958553127355,0.7586133105071688,0.18788254480556665,0.08545182790748822
0.8003333333333333,0.9464958553127355,0.7588273057992724,0.18766854951346312,0.08545182790748822
0.8005,0.947249434815373,0.7588273057992724,0.18842212901610067,0.08545182790748822
0.8006666666666666,0.947249434815373,0.759041301091376,0.18820813372399703,0.08545182790748822
0.8008333333333333,0.947249434815373,0.7592552963834795,0.1879941384318935,0.08533077300847873
0.801,0.947249434815373,0.7594692916755832,0.18778014313978986,0.08509647346485923
0.8011666666666667,0.947249434815373,0.7596832869676867,0.18756614784768633,0.08507953903747767
0.8013333333333333,0.947249434815373,0.7598972822597903,0.1873521525555828,0.08507953903747767
0.8015,0.947249434815373,0.7601112775518939,0.18713815726347915,0.08507953903747767
0.8016666666666666,0.947249434815373,0.7603252728439974,0.18692416197137562,0.08503033260031158
0.8018333333333333,0.947249434815373,0.760539268136101,0.1867101666792721,0.08501255919572957
0.802,0.947249434815373,0.7607532634282046,0.18649617138716845,0.08501255919572957
0.8021666666666667,0.947249434815373,0.7609672587203081,0.18628217609506492,0.08501255919572957
0.8023333333333333,0.947249434815373,0.7611812540124118,0.18606818080296128,0.08501255919572957
0.8025,0.9480030143180106,0.7611812540124118,0.18682176030559883,0.08501255919572957
0.8026666666666666,0.9480030143180106,0.7613952493045153,0.1866077650134953,0.08501255919572957
0.8028333333333333,0.9480030143180106,0.7616092445966188,0.18639376972139177,0.08501255919572957
0.803,0.9480030143180106,0.7618232398887225,0.18617977442928813,0.08501255919572957
0.8031666666666667,0.9480030143180106,0.762037235180826,0.1859657791371846,0.08501255919572957
0.8033333333333333,0.9480030143180106,0.7622512304729296,0.18575178384508095,0.08501255919572957
0.8035,0.9480030143180106,0.7624652257650332,0.18553778855297742,0.08501255919572957
0.8036666666666666,0.9480030143180106,0.7626792210571367,0.1853237932608739,0.08501255919572957
0.8038333333333333,0.9480030143180106,0.7628932163492403,0.18510979796877025,0.08501255919572957
0.804,0.9480030143180106,0.7631072116413439,0.18489580267666672,0.08501255919572957
0.8041666666666667,0.9480030143180106,0.7633212069334475,0.18468180738456308,0.08501255919572957
0.8043333333333333,0.9480030143180106,0.763535202225551,0.18446781209245955,0.08501255919572957
0.8045,0.9480030143180106,0.7637491975176546,0.18425381680035602,0.08501255919572957
0.8046666666666666,0.9480030143180106,0.7639631928097582,0.18403982150825238,0.08497485865909137
0.8048333333333333,0.9480030143180106,0.7641771881018617,0.18382582621614885,0.08497485865909137
0.805,0.9480030143180106,0.7643911833939653,0.18361183092404532,0.08497485865909137
0.8051666666666667,0.9480030143180106,0.7646051786860689,0.18339783563194167,0.08492011501393126
0.8053333333333333,0.9480030143180106,0.7648191739781725,0.18318384033983814,0.08492011501393126
0.8055,0.9480030143180106,0.7650331692702761,0.1829698450477345,0.08491683212984946
0.8056666666666666,0.9480030143180106,0.7652471645623796,0.18275584975563097,0.08491683212984946
0.8058333333333333,0.9480030143180106,0.7654611598544832,0.18254185446352744,0.08491683212984946
0.806,0.9480030143180106,0.7656751551465868,0.1823278591714238,0.0847229978811719
0.8061666666666667,0.9480030143180106,0.7658891504386903,0.18211386387932027,0.08470483832695788
0.8063333333333333,0.9480030143180106,0.766103145730794,0.18189986858721663,0.08470483832695788
0.8065,0.9480030143180106,0.7663171410228975,0.1816858732951131,0.08457302104662251
0.8066666666666666,0.9480030143180106,0.766531136315001,0.18147187800300957,0.08457302104662251
0.8068333333333333,0.9480030143180106,0.7667451316071047,0.18125788271090593,0.08425660723844311
0.807,0.9480030143180106,0.7669591268992082,0.1810438874188024,0.08416234139392084
0.8071666666666667,0.9480030143180106,0.7671731221913118,0.18082989212669875,0.08416234139392084
0.8073333333333333,0.9480030143180106,0.7673871174834154,0.18061589683459522,0.08416234139392084
0.8075,0.9480030143180106,0.7676011127755189,0.1804019015424917,0.08416234139392084
0.8076666666666666,0.9480030143180106,0.7678151080676225,0.18018790625038805,0.08416234139392084
0.8078333333333333,0.9480030143180106,0.7680291033597261,0.17997391095828452,0.08412612007802812
0.808,0.9480030143180106,0.7682430986518297,0.17975991566618088,0.08407279737066538
0.8081666666666667,0.9480030143180106,0.7684570939439332,0.17954592037407735,0.08407279737066538
0.8083333333333333,0.9480030143180106,0.7686710892360368,0.17933192508197382,0.0839730837572791
0.8085,0.9480030143180106,0.7688850845281404,0.17911792978987018,0.0839730837572791
0.8086666666666666,0.948756593820648,0.7688850845281404,0.17987150929250761,0.08391329151683682
0.8088333333333333,0.9495101733232856,0.7688850845281404,0.18062508879514516,0.08384751901603675
0.809,0.9495101733232856,0.769099079820244,0.18041109350304163,0.0837036978737477
0.8091666666666667,0.9502637528259231,0.769099079820244,0.18116467300567918,0.0837036978737477
0.8093333333333333,0.9502637528259231,0.7693130751123475,0.18095067771357565,0.0837036978737477
0.8095,0.9502637528259231,0.7695270704044511,0.180736682421472,0.0837036978737477
0.8096666666666666,0.9502637528259231,0.7697410656965546,0.18052268712936848,0.0837036978737477
0.8098333333333333,0.9510173323285607,0.7697410656965546,0.18127626663200602,0.0837036978737477
0.81,0.9517709118311982,0.7697410656965546,0.18202984613464357,0.0837036978737477
0.8101666666666667,0.9517709118311982,0.7699550609886583,0.18181585084253993,0.0837036978737477
0.8103333333333333,0.9517709118311982,0.7701690562807618,0.1816018555504364,0.0837036978737477
0.8105,0.9517709118311982,0.7703830515728654,0.18138786025833287,0.0837036978737477
0.8106666666666666,0.9517709118311982,0.770597046864969,0.18117386496622923,0.0837036978737477
0.8108333333333333,0.9517709118311982,0.7708110421570725,0.1809598696741257,0.0837036978737477
0.811,0.9517709118311982,0.7710250374491762,0.18074587438202205,0.0837036978737477
0.8111666666666667,0.9517709118311982,0.7712390327412797,0.18053187908991852,0.0837036978737477
0.8113333333333334,0.9525244913338358,0.7712390327412797,0.18128545859255607,0.0837036978737477
0.8115,0.9525244913338358,0.7714530280333832,0.18107146330045254,0.0837036978737477
0.8116666666666666,0.9525244913338358,0.7716670233254869,0.1808574680083489,0.08368060776709262
0.8118333333333333,0.9525244913338358,0.7718810186175904,0.18064347271624537,0.08368060776709262
0.812,0.9525244913338358,0.772095013909694,0.18042947742414173,0.08364241735703726
0.8121666666666667,0.9525244913338358,0.7723090092017976,0.1802154821320382,0.08358394223224336
0.8123333333333334,0.9525244913338358,0.7725230044939011,0.18000148683993467,0.08358394223224336
0.8125,0.9525244913338358,0.7727369997860047,0.17978749154783102,0.08358394223224336
0.8126666666666666,0.9525244913338358,0.7729509950781083,0.1795734962557275,0.08358394223224336
0.8128333333333333,0.9525244913338358,0.7731649903702118,0.17935950096362396,0.08358394223224336
0.813,0.9525244913338358,0.7733789856623154,0.17914550567152032,0.08358394223224336
0.8131666666666667,0.9525244913338358,0.773592980954419,0.1789315103794168,0.08358394223224336
0.8133333333333334,0.9525244913338358,0.7738069762465226,0.17871751508731315,0.08358394223224336
0.8135,0.9525244913338358,0.7740209715386261,0.17850351979520962,0.08358394223224336
0.8136666666666666,0.9525244913338358,0.7742349668307297,0.1782895245031061,0.08358394223224336
0.8138333333333333,0.9525244913338358,0.7744489621228333,0.17807552921100245,0.08358394223224336
0.814,0.9525244913338358,0.7746629574149368,0.17786153391889892,0.08354940025511601
0.8141666666666667,0.9525244913338358,0.7748769527070405,0.17764753862679528,0.08349939808125
0.8143333333333334,0.9525244913338358,0.775090947999144,0.17743354333469175,0.08293252851183065
0.8145,0.9525244913338358,0.7753049432912476,0.17721954804258822,0.0828414625357556
0.8146666666666667,0.9525244913338358,0.7755189385833512,0.17700555275048457,0.08278786995374188
0.8148333333333333,0.9525244913338358,0.7757329338754547,0.17679155745838104,0.08278786995374188
0.815,0.9525244913338358,0.7759469291675584,0.1765775621662774,0.08278786995374188
0.8151666666666667,0.9525244913338358,0.7761609244596619,0.17636356687417387,0.08274888796862596
0.8153333333333334,0.9525244913338358,0.7763749197517654,0.17614957158207034,0.08269122262701283
0.8155,0.9525244913338358,0.7765889150438691,0.1759355762899667,0.08262518679297953
0.8156666666666667,0.9525244913338358,0.7768029103359726,0.17572158099786317,0.08262518679297953
0.8158333333333333,0.9525244913338358,0.7770169056280762,0.17550758570575953,0.08254734141973688
0.816,0.9525244913338358,0.7772309009201798,0.175293590413656,0.08251674498372516
0.8161666666666667,0.9525244913338358,0.7774448962122833,0.17507959512155247,0.08226981534055394
0.8163333333333334,0.9525244913338358,0.7776588915043869,0.17486559982944883,0.08226981534055394
0.8165,0.9525244913338358,0.7778728867964905,0.1746516045373453,0.08219480799758827
0.8166666666666667,0.9525244913338358,0.778086882088594,0.17443760924524176,0.08219480799758827
0.8168333333333333,0.9525244913338358,0.7783008773806976,0.17422361395313812,0.08219480799758827
0.817,0.9525244913338358,0.7785148726728012,0.1740096186610346,0.08219480799758827
0.8171666666666667,0.9525244913338358,0.7787288679649048,0.17379562336893095,0.08219480799758827
0.8173333333333334,0.9525244913338358,0.7789428632570083,0.17358162807682742,0.0821689342147876
0.8175,0.9532780708364732,0.7789428632570083,0.17433520757946486,0.08210276199300073
0.8176666666666667,0.9532780708364732,0.7791568585491119,0.17412121228736133,0.08210276199300073
0.8178333333333333,0.9532780708364732,0.7793708538412155,0.17390721699525769,0.08210276199300073
0.818,0.9532780708364732,0.779584849133319,0.17369322170315415,0.08210276199300073
0.8181666666666667,0.9532780708364732,0.7797988444254227,0.1734792264110505,0.08210276199300073
0.8183333333333334,0.9532780708364732,0.7800128397175262,0.17326523111894698,0.08210276199300073
0.8185,0.9532780708364732,0.7802268350096297,0.17305123582684345,0.08159912751843787
0.8186666666666667,0.9532780708364732,0.7804408303017334,0.1728372405347398,0.08159912751843787
0.8188333333333333,0.9532780708364732,0.7806548255938369,0.17262324524263628,0.08152593772783627
0.819,0.9532780708364732,0.7808688208859406,0.17240924995053264,0.08152593772783627
0.8191666666666667,0.9532780708364732,0.7810828161780441,0.1721952546584291,0.08152593772783627
0.8193333333333334,0.9532780708364732,0.7812968114701476,0.17198125936632558,0.08152593772783627
0.8195,0.9532780708364732,0.7815108067622513,0.17176726407422194,0.08152593772783627
0.8196666666666667,0.9532780708364732,0.7817248020543548,0.1715532687821184,0.08141103110893785
0.8198333333333333,0.9532780708364732,0.7819387973464583,0.17133927349001488,0.08141103110893785
0.82,0.9532780708364732,0.782152792638562,0.17112527819791123,0.081405883806777
0.8201666666666667,0.9532780708364732,0.7823667879306655,0.1709112829058077,0.08129476293408486
0.8203333333333334,0.9532780708364732,0.7825807832227691,0.17069728761370406,0.08129476293408486
0.8205,0.9532780708364732,0.7827947785148727,0.17048329232160053,0.08129476293408486
0.8206666666666667,0.9532780708364732,0.7830087738069762,0.170269297029497,0.08128553195924317
0.8208333333333333,0.9532780708364732,0.7832227690990798,0.17005530173739336,0.08125082220821762
0.821,0.9532780708364732,0.7834367643911834,0.16984130644528983,0.08125082220821762
0.8211666666666667,0.9532780708364732,0.783650759683287,0.1696273111531862,0.08125082220821762
0.8213333333333334,0.9532780708364732,0.7838647549753905,0.16941331586108266,0.08125082220821762
0.8215,0.9532780708364732,0.7840787502674941,0.16919932056897913,0.08125082220821762
0.8216666666666667,0.9532780708364732,0.7842927455595977,0.1689853252768755,0.08125082220821762
0.8218333333333333,0.9532780708364732,0.7845067408517012,0.16877132998477196,0.08125082220821762
0.822,0.9532780708364732,0.7847207361438049,0.16855733469266831,0.08125082220821762
0.8221666666666667,0.9532780708364732,0.7849347314359084,0.16834333940056478,0.08125082220821762
0.8223333333333334,0.9532780708364732,0.785148726728012,0.16812934410846125,0.08125082220821762
0.8225,0.9532780708364732,0.7853627220201156,0.1679153488163576,0.08125082220821762
0.8226666666666667,0.9532780708364732,0.7855767173122191,0.16770135352425408,0.08125082220821762
0.8228333333333333,0.9532780708364732,0.7857907126043226,0.16748735823215055,0.08125082220821762
0.823,0.9532780708364732,0.7860047078964263,0.1672733629400469,0.08125082220821762
0.8231666666666667,0.9532780708364732,0.7862187031885298,0.16705936764794338,0.08125082220821762
0.8233333333333334,0.9532780708364732,0.7864326984806335,0.16684537235583974,0.08125082220821762
0.8235,0.9532780708364732,0.786646693772737,0.1666313770637362,0.08125082220821762
0.8236666666666667,0.9532780708364732,0.7868606890648405,0.16641738177163268,0.08125082220821762
0.8238333333333333,0.9532780708364732,0.7870746843569442,0.16620338647952904,0.08125082220821762
0.824,0.9540316503391107,0.7870746843569442,0.16695696598216658,0.08125082220821762
0.8241666666666667,0.9540316503391107,0.7872886796490477,0.16674297069006305,0.08125082220821762
0.8243333333333334,0.9540316503391107,0.7875026749411513,0.1665289753979594,0.08125082220821762
0.8245,0.9540316503391107,0.7877166702332549,0.16631498010585588,0.08125082220821762
0.8246666666666667,0.9540316503391107,0.7879306655253584,0.16610098481375235,0.08125082220821762
0.8248333333333333,0.9540316503391107,0.788144660817462,0.1658869895216487,0.08125082220821762
0.825,0.9540316503391107,0.7883586561095656,0.16567299422954518,0.08125082220821762
0.8251666666666667,0.9540316503391107,0.7885726514016692,0.16545899893744154,0.08125082220821762
0.8253333333333334,0.9540316503391107,0.7887866466937727,0.165245003645338,0.08125082220821762
0.8255,0.9540316503391107,0.7890006419858763,0.16503100835323448,0.08125082220821762
0.8256666666666667,0.9540316503391107,0.7892146372779799,0.16481701306113083,0.08125082220821762
0.8258333333333333,0.9540316503391107,0.7894286325700834,0.1646030177690273,0.08125082220821762
0.826,0.9540316503391107,0.7896426278621871,0.16438902247692366,0.08125082220821762
0.8261666666666667,0.9540316503391107,0.7898566231542906,0.16417502718482013,0.08125082220821762
0.8263333333333334,0.9540316503391107,0.7900706184463941,0.1639610318927166,0.08125082220821762
0.8265,0.9540316503391107,0.7902846137384978,0.16374703660061296,0.08125082220821762
0.8266666666666667,0.9540316503391107,0.7904986090306013,0.16353304130850943,0.08125082220821762
0.8268333333333333,0.9540316503391107,0.7907126043227048,0.1633190460164059,0.08125082220821762
0.827,0.9540316503391107,0.7909265996148085,0.16310505072430226,0.08125082220821762
0.8271666666666667,0.9540316503391107,0.791140594906912,0.16289105543219873,0.08125082220821762
0.8273333333333334,0.9540316503391107,0.7913545901990157,0.1626770601400951,0.08125082220821762
0.8275,0.9540316503391107,0.7915685854911192,0.16246306484799156,0.08125082220821762
0.8276666666666667,0.9540316503391107,0.7917825807832227,0.16224906955588803,0.08125082220821762
0.8278333333333333,0.9540316503391107,0.7919965760753264,0.16203507426378438,0.08125082220821762
0.828,0.9540316503391107,0.7922105713674299,0.16182107897168085,0.08125082220821762
0.8281666666666667,0.9540316503391107,0.7924245666595335,0.1616070836795772,0.08125082220821762
0.8283333333333334,0.9540316503391107,0.7926385619516371,0.16139308838747368,0.08125082220821762
0.8285,0.9547852298417483,0.7926385619516371,0.16214666789011123,0.08125082220821762
0.8286666666666667,0.9547852298417483,0.7928525572437406,0.1619326725980077,0.08125082220821762
0.8288333333333333,0.9555388093443858,0.7928525572437406,0.16268625210064525,0.08125082220821762
0.829,0.9562923888470234,0.7928525572437406,0.1634398316032828,0.08125082220821762
0.8291666666666667,0.9562923888470234,0.7930665525358442,0.16322583631117915,0.08125082220821762
0.8293333333333334,0.9562923888470234,0.7932805478279478,0.16301184101907562,0.08125082220821762
0.8295,0.9562923888470234,0.7934945431200514,0.16279784572697198,0.08125082220821762
0.8296666666666667,0.9562923888470234,0.7937085384121549,0.16258385043486845,0.08125082220821762
0.8298333333333333,0.9562923888470234,0.7939225337042585,0.16236985514276492,0.08118237803833826
0.83,0.9562923888470234,0.7941365289963621,0.16215585985066128,0.08116759204858746
0.8301666666666667,0.9562923888470234,0.7943505242884656,0.16194186455855775,0.08116759204858746
0.8303333333333334,0.9570459683496609,0.7943505242884656,0.1626954440611953,0.08116759204858746
0.8305,0.9570459683496609,0.7945645195805692,0.16248144876909176,0.08116759204858746
0.8306666666666667,0.9570459683496609,0.7947785148726728,0.16226745347698812,0.08103253729297495
0.8308333333333333,0.9570459683496609,0.7949925101647763,0.1620534581848846,0.08103253729297495
0.831,0.9570459683496609,0.79520650545688,0.16183946289278095,0.08103253729297495
0.8311666666666667,0.9570459683496609,0.7954205007489835,0.16162546760067742,0.08099940632927577
0.8313333333333334,0.9570459683496609,0.795634496041087,0.1614114723085739,0.08098909898702272
0.8315,0.9570459683496609,0.7958484913331907,0.16119747701647025,0.08098063151431353
0.8316666666666667,0.9570459683496609,0.7960624866252942,0.16098348172436672,0.08095758130650618
0.8318333333333333,0.9570459683496609,0.7962764819173979,0.16076948643226308,0.08091345146085241
0.832,0.9570459683496609,0.7964904772095014,0.16055549114015955,0.08091345146085241
0.8321666666666667,0.9570459683496609,0.7967044725016049,0.16034149584805601,0.08091345146085241
0.8323333333333334,0.9570459683496609,0.7969184677937086,0.16012750055595237,0.08091345146085241
0.8325,0.9577995478522984,0.7969184677937086,0.1608810800585898,0.08080574654503564
0.8326666666666667,0.9585531273549359,0.7969184677937086,0.16163465956122736,0.08080574654503564
0.8328333333333333,0.9593067068575735,0.7969184677937086,0.1623882390638649,0.08080574654503564
0.833,0.9593067068575735,0.7971324630858121,0.16217424377176137,0.08080574654503564
0.8331666666666667,0.960060286360211,0.7971324630858121,0.16292782327439892,0.08069966057025009
0.8333333333333334,0.960060286360211,0.7973464583779157,0.16271382798229528,0.08069966057025009
0.8335,0.960060286360211,0.7975604536700193,0.16249983269019175,0.08069966057025009
0.8336666666666667,0.960060286360211,0.7977744489621228,0.16228583739808822,0.08069966057025009
0.8338333333333333,0.960060286360211,0.7979884442542264,0.16207184210598458,0.08069966057025009
0.834,0.960060286360211,0.79820243954633,0.16185784681388105,0.08069966057025009
0.8341666666666666,0.960060286360211,0.7984164348384336,0.1616438515217774,0.08069966057025009
0.8343333333333334,0.960060286360211,0.7986304301305371,0.16142985622967387,0.08069966057025009
0.8345,0.960060286360211,0.7988444254226407,0.16121586093757034,0.08069966057025009
0.8346666666666667,0.960060286360211,0.7990584207147443,0.1610018656454667,0.08069966057025009
0.8348333333333333,0.960060286360211,0.7992724160068478,0.16078787035336317,0.08069966057025009
0.835,0.960060286360211,0.7994864112989514,0.16057387506125964,0.08069966057025009
0.8351666666666666,0.960060286360211,0.799700406591055,0.160359879769156,0.08069966057025009
0.8353333333333334,0.9608138658628486,0.799700406591055,0.16111345927179355,0.08069966057025009
0.8355,0.9608138658628486,0.7999144018831585,0.16089946397969002,0.08030927555452118
0.8356666666666667,0.9608138658628486,0.8001283971752622,0.16068546868758637,0.08018444409084075
0.8358333333333333,0.9608138658628486,0.8003423924673657,0.16047147339548284,0.08018444409084075
0.836,0.9608138658628486,0.8005563877594692,0.1602574781033793,0.08008025174603942
0.8361666666666666,0.9608138658628486,0.8007703830515729,0.16004348281127567,0.07999737749674792
0.8363333333333334,0.9608138658628486,0.8009843783436764,0.15982948751917214,0.07999204099274271
0.8365,0.9608138658628486,0.8011983736357801,0.1596154922270685,0.07999204099274271
0.8366666666666667,0.9608138658628486,0.8014123689278836,0.15940149693496497,0.07999204099274271
0.8368333333333333,0.9608138658628486,0.8016263642199871,0.15918750164286144,0.07991293933388421
0.837,0.9608138658628486,0.8018403595120908,0.1589735063507578,0.07991293933388421
0.8371666666666666,0.9608138658628486,0.8020543548041943,0.15875951105865427,0.07991293933388421
0.8373333333333334,0.9608138658628486,0.8022683500962979,0.15854551576655063,0.07991293933388421
0.8375,0.9608138658628486,0.8024823453884015,0.1583315204744471,0.0798468247886239
0.8376666666666667,0.9608138658628486,0.802696340680505,0.15811752518234357,0.07981755652259251
0.8378333333333333,0.9608138658628486,0.8029103359726086,0.15790352989023992,0.07981755652259251
0.838,0.9608138658628486,0.8031243312647122,0.1576895345981364,0.07981755652259251
0.8381666666666666,0.9608138658628486,0.8033383265568157,0.15747553930603286,0.0797852598527116
0.8383333333333334,0.9608138658628486,0.8035523218489193,0.15726154401392922,0.0797852598527116
0.8385,0.9608138658628486,0.8037663171410229,0.1570475487218257,0.0797398237242902
0.8386666666666667,0.9608138658628486,0.8039803124331265,0.15683355342972205,0.07956829070138029
0.8388333333333333,0.9608138658628486,0.80419430772523,0.15661955813761852,0.07955419551184739
0.839,0.9608138658628486,0.8044083030173336,0.156405562845515,0.07955419551184739
0.8391666666666666,0.9608138658628486,0.8046222983094372,0.15619156755341135,0.07949930861217619
0.8393333333333334,0.9608138658628486,0.8048362936015407,0.15597757226130782,0.07949930861217619
0.8395,0.9608138658628486,0.8050502888936444,0.15576357696920418,0.07949930861217619
0.8396666666666667,0.9608138658628486,0.8052642841857479,0.15554958167710065,0.07949930861217619
0.8398333333333333,0.9608138658628486,0.8054782794778514,0.15533558638499712,0.07949930861217619
0.84,0.9608138658628486,0.8056922747699551,0.15512159109289347,0.07949930861217619
0.8401666666666666,0.9608138658628486,0.8059062700620586,0.15490759580078994,0.07942154308859416
0.8403333333333334,0.9608138658628486,0.8061202653541623,0.1546936005086863,0.07937305381872876
0.8405,0.9608138658628486,0.8063342606462658,0.15447960521658277,0.07932991237134947
0.8406666666666667,0.9608138658628486,0.8065482559383693,0.15426560992447924,0.07932991237134947
0.8408333333333333,0.9608138658628486,0.806762251230473,0.1540516146323756,0.07932991237134947
0.841,0.9608138658628486,0.8069762465225765,0.15383761934027207,0.07932991237134947
0.8411666666666666,0.9608138658628486,0.8071902418146801,0.15362362404816843,0.07932991237134947
0.8413333333333334,0.9608138658628486,0.8074042371067837,0.1534096287560649,0.07932991237134947
0.8415,0.9608138658628486,0.8076182323988872,0.15319563346396137,0.07932991237134947
0.8416666666666667,0.9608138658628486,0.8078322276909908,0.15298163817185773,0.07932991237134947
0.8418333333333333,0.9608138658628486,0.8080462229830944,0.1527676428797542,0.07932991237134947
0.842,0.9608138658628486,0.8082602182751979,0.15255364758765066,0.07932991237134947
0.8421666666666666,0.9608138658628486,0.8084742135673015,0.15233965229554702,0.07932991237134947
0.8423333333333334,0.9608138658628486,0.8086882088594051,0.1521256570034435,0.07932991237134947
0.8425,0.9615674453654861,0.8086882088594051,0.15287923650608104,0.07931867831012217
0.8426666666666667,0.9615674453654861,0.8089022041515087,0.1526652412139774,0.07931867831012217
0.8428333333333333,0.9623210248681235,0.8089022041515087,0.15341882071661483,0.07905421807913211
0.843,0.9623210248681235,0.8091161994436122,0.1532048254245113,0.07881481209955234
0.8431666666666666,0.9623210248681235,0.8093301947357158,0.15299083013240777,0.07876162498704777
0.8433333333333334,0.9623210248681235,0.8095441900278194,0.15277683484030413,0.07876162498704777
0.8435,0.9623210248681235,0.8097581853199229,0.1525628395482006,0.07876162498704777
0.8436666666666667,0.9623210248681235,0.8099721806120266,0.15234884425609696,0.07876162498704777
0.8438333333333333,0.9623210248681235,0.8101861759041301,0.15213484896399343,0.07875983268273763
0.844,0.9623210248681235,0.8104001711962336,0.1519208536718899,0.07875983268273763
0.8441666666666666,0.9630746043707611,0.8104001711962336,0.15267443317452745,0.07875169771073276
0.8443333333333334,0.9630746043707611,0.8106141664883373,0.1524604378824238,0.07874526022382317
0.8445,0.9638281838733986,0.8106141664883373,0.15321401738506135,0.07874526022382317
0.8446666666666667,0.9638281838733986,0.8108281617804408,0.15300002209295782,0.07874526022382317
0.8448333333333333,0.9638281838733986,0.8110421570725445,0.15278602680085418,0.0787181382763516
0.845,0.9638281838733986,0.811256152364648,0.15257203150875065,0.0787181382763516
0.8451666666666666,0.9638281838733986,0.8114701476567515,0.15235803621664712,0.0787181382763516
0.8453333333333334,0.9645817633760362,0.8114701476567515,0.15311161571928467,0.0787181382763516
0.8455,0.9645817633760362,0.8116841429488552,0.15289762042718102,0.0787181382763516
0.8456666666666667,0.9645817633760362,0.8118981382409587,0.1526836251350775,0.07864860976166695
0.8458333333333333,0.9645817633760362,0.8121121335330622,0.15246962984297396,0.07856097113597908
0.846,0.9645817633760362,0.8123261288251659,0.15225563455087032,0.07849931082850453
0.8461666666666666,0.9645817633760362,0.8125401241172694,0.1520416392587668,0.07849175150853939
0.8463333333333334,0.9645817633760362,0.812754119409373,0.15182764396666315,0.07835025693385754
0.8465,0.9645817633760362,0.8129681147014766,0.15161364867455962,0.07835025693385754
0.8466666666666667,0.9645817633760362,0.8131821099935801,0.1513996533824561,0.07835025693385754
0.8468333333333333,0.9645817633760362,0.8133961052856837,0.15118565809035245,0.07814534521469413
0.847,0.9645817633760362,0.8136101005777873,0.15097166279824892,0.07814534521469413
0.8471666666666666,0.9645817633760362,0.8138240958698909,0.15075766750614528,0.07814534521469413
0.8473333333333334,0.9645817633760362,0.8140380911619944,0.15054367221404175,0.07814534521469413
0.8475,0.9645817633760362,0.814252086454098,0.15032967692193822,0.07814534521469413
0.8476666666666667,0.9645817633760362,0.8144660817462016,0.15011568162983457,0.07814534521469413
0.8478333333333333,0.9645817633760362,0.8146800770383051,0.14990168633773104,0.07814534521469413
0.848,0.9645817633760362,0.8148940723304088,0.1496876910456274,0.07814534521469413
0.8481666666666666,0.9645817633760362,0.8151080676225123,0.14947369575352387,0.07814534521469413
0.8483333333333334,0.9645817633760362,0.8153220629146158,0.14925970046142034,0.07814534521469413
0.8485,0.9645817633760362,0.8155360582067195,0.1490457051693167,0.07814534521469413
0.8486666666666667,0.9645817633760362,0.815750053498823,0.14883170987721317,0.07814534521469413
0.8488333333333333,0.9653353428786737,0.815750053498823,0.14958528937985072,0.07814534521469413
0.849,0.9653353428786737,0.8159640487909267,0.14937129408774708,0.07814534521469413
0.8491666666666666,0.9653353428786737,0.8161780440830302,0.14915729879564354,0.07814534521469413
0.8493333333333334,0.9653353428786737,0.8163920393751337,0.14894330350354001,0.07814534521469413
0.8495,0.9653353428786737,0.8166060346672374,0.14872930821143637,0.07814534521469413
0.8496666666666667,0.9653353428786737,0.8168200299593409,0.14851531291933284,0.07814534521469413
0.8498333333333333,0.9653353428786737,0.8170340252514444,0.1483013176272293,0.07814534521469413
0.85,0.9653353428786737,0.8172480205435481,0.14808732233512567,0.07797879740936943
0.8501666666666666,0.9653353428786737,0.8174620158356516,0.14787332704302214,0.07797879740936943
0.8503333333333334,0.9653353428786737,0.8176760111277552,0.1476593317509185,0.07797879740936943
0.8505,0.9653353428786737,0.8178900064198588,0.14744533645881497,0.07797879740936943
0.8506666666666667,0.9653353428786737,0.8181040017119623,0.14723134116671144,0.07797879740936943
0.8508333333333333,0.9653353428786737,0.8183179970040659,0.1470173458746078,0.0774571180850135
0.851,0.9653353428786737,0.8185319922961695,0.14680335058250427,0.0774571180850135
0.8511666666666666,0.9653353428786737,0.8187459875882731,0.14658935529040062,0.0774571180850135
0.8513333333333334,0.9653353428786737,0.8189599828803766,0.1463753599982971,0.0774571180850135
0.8515,0.9660889223813113,0.8189599828803766,0.14712893950093464,0.0774571180850135
0.8516666666666667,0.9660889223813113,0.8191739781724802,0.1469149442088311,0.0774571180850135
0.8518333333333333,0.9660889223813113,0.8193879734645838,0.14670094891672747,0.0774571180850135
0.852,0.9660889223813113,0.8196019687566873,0.14648695362462394,0.0774571180850135
0.8521666666666666,0.9660889223813113,0.819815964048791,0.1462729583325203,0.07738203415250465
0.8523333333333334,0.9660889223813113,0.8200299593408945,0.14605896304041677,0.07738203415250465
0.8525,0.9660889223813113,0.820243954632998,0.14584496774831324,0.07738203415250465
0.8526666666666667,0.9660889223813113,0.8204579499251017,0.1456309724562096,0.07738203415250465
0.8528333333333333,0.9660889223813113,0.8206719452172052,0.14541697716410606,0.07738203415250465
0.853,0.9660889223813113,0.8208859405093087,0.14520298187200253,0.07738203415250465
0.8531666666666666,0.9668425018839487,0.8208859405093087,0.14595656137463997,0.07738203415250465
0.8533333333333334,0.9668425018839487,0.8210999358014124,0.14574256608253633,0.07738203415250465
0.8535,0.9668425018839487,0.8213139310935159,0.1455285707904328,0.07738203415250465
0.8536666666666667,0.9668425018839487,0.8215279263856196,0.14531457549832916,0.07738203415250465
0.8538333333333333,0.9668425018839487,0.8217419216777231,0.14510058020622563,0.07738203415250465
0.854,0.9668425018839487,0.8219559169698266,0.1448865849141221,0.07738203415250465
0.8541666666666666,0.9668425018839487,0.8221699122619303,0.14467258962201845,0.07738203415250465
0.8543333333333333,0.9668425018839487,0.8223839075540338,0.14445859432991492,0.07738203415250465
0.8545,0.9668425018839487,0.8225979028461374,0.14424459903781128,0.07738203415250465
0.8546666666666667,0.9668425018839487,0.822811898138241,0.14403060374570775,0.07738203415250465
0.8548333333333333,0.9668425018839487,0.8230258934303445,0.14381660845360422,0.07738203415250465
0.855,0.9668425018839487,0.8232398887224481,0.14360261316150058,0.07738203415250465
0.8551666666666666,0.9668425018839487,0.8234538840145517,0.14338861786939705,0.07738203415250465
0.8553333333333333,0.9668425018839487,0.8236678793066553,0.1431746225772934,0.07738203415250465
0.8555,0.9668425018839487,0.8238818745987588,0.14296062728518988,0.07738203415250465
0.8556666666666667,0.9668425018839487,0.8240958698908624,0.14274663199308635,0.07738203415250465
0.8558333333333333,0.9668425018839487,0.824309865182966,0.1425326367009827,0.07728390045959058
0.856,0.9668425018839487,0.8245238604750695,0.14231864140887918,0.07719522272627498
0.8561666666666666,0.9668425018839487,0.8247378557671731,0.14210464611677565,0.07719522272627498
0.8563333333333333,0.9668425018839487,0.8249518510592767,0.141890650824672,0.07719522272627498
0.8565,0.9668425018839487,0.8251658463513802,0.14167665553256847,0.07719522272627498
0.8566666666666667,0.9668425018839487,0.8253798416434839,0.14146266024046483,0.07719522272627498
0.8568333333333333,0.9668425018839487,0.8255938369355874,0.1412486649483613,0.07719522272627498
0.857,0.9668425018839487,0.8258078322276909,0.14103466965625777,0.07719522272627498
0.8571666666666666,0.9668425018839487,0.8260218275197946,0.14082067436415413,0.07719522272627498
0.8573333333333333,0.9668425018839487,0.8262358228118981,0.1406066790720506,0.07719522272627498
0.8575,0.9668425018839487,0.8264498181040018,0.14039268377994696,0.07719522272627498
0.8576666666666667,0.9668425018839487,0.8266638133961053,0.14017868848784343,0.07719522272627498
0.8578333333333333,0.9668425018839487,0.8268778086882088,0.1399646931957399,0.07719522272627498
0.858,0.9668425018839487,0.8270918039803125,0.13975069790363626,0.07719522272627498
0.8581666666666666,0.9668425018839487,0.827305799272416,0.13953670261153273,0.07719522272627498
0.8583333333333333,0.9668425018839487,0.8275197945645196,0.13932270731942908,0.07719522272627498
0.8585,0.9668425018839487,0.8277337898566232,0.13910871202732555,0.07715367099319094
0.8586666666666667,0.9668425018839487,0.8279477851487267,0.13889471673522202,0.07715367099319094
0.8588333333333333,0.9668425018839487,0.8281617804408303,0.13868072144311838,0.07715367099319094
0.859,0.9668425018839487,0.8283757757329339,0.13846672615101485,0.07713653561070566
0.8591666666666666,0.9675960813865863,0.8283757757329339,0.1392203056536524,0.07713653561070566
0.8593333333333333,0.9675960813865863,0.8285897710250375,0.13900631036154876,0.0770225611551788
0.8595,0.9675960813865863,0.828803766317141,0.13879231506944523,0.0770225611551788
0.8596666666666667,0.9675960813865863,0.8290177616092446,0.1385783197773417,0.07675823944553647
0.8598333333333333,0.9675960813865863,0.8292317569013482,0.13836432448523805,0.07675823944553647
0.86,0.9675960813865863,0.8294457521934517,0.13815032919313452,0.07673838348556115
0.8601666666666666,0.9675960813865863,0.8296597474855553,0.137936333901031,0.07673838348556115
0.8603333333333333,0.9675960813865863,0.8298737427776589,0.13772233860892735,0.07673838348556115
0.8605,0.9675960813865863,0.8300877380697624,0.13750834331682382,0.07663876264783534
0.8606666666666667,0.9675960813865863,0.8303017333618661,0.13729434802472018,0.07663876264783534
0.8608333333333333,0.9675960813865863,0.8305157286539696,0.13708035273261665,0.07663876264783534
0.861,0.9675960813865863,0.8307297239460731,0.13686635744051312,0.07663876264783534
0.8611666666666666,0.9675960813865863,0.8309437192381768,0.13665236214840948,0.07663876264783534
0.8613333333333333,0.9675960813865863,0.8311577145302803,0.13643836685630595,0.07654966180219638
0.8615,0.9675960813865863,0.831371709822384,0.1362243715642023,0.07635342588417886
0.8616666666666667,0.9675960813865863,0.8315857051144875,0.13601037627209878,0.07635342588417886
0.8618333333333333,0.9675960813865863,0.831799700406591,0.13579638097999525,0.07635342588417886
0.862,0.9675960813865863,0.8320136956986947,0.1355823856878916,0.07635342588417886
0.8621666666666666,0.9683496608892238,0.8320136956986947,0.13633596519052915,0.07635342588417886
0.8623333333333333,0.9683496608892238,0.8322276909907982,0.13612196989842562,0.07635342588417886
0.8625,0.9683496608892238,0.8324416862829018,0.13590797460632198,0.07635342588417886
0.8626666666666667,0.9683496608892238,0.8326556815750054,0.13569397931421845,0.07635342588417886
0.8628333333333333,0.9683496608892238,0.8328696768671089,0.13547998402211492,0.07635342588417886
0.863,0.9683496608892238,0.8330836721592125,0.13526598873001128,0.07635342588417886
0.8631666666666666,0.9683496608892238,0.8332976674513161,0.13505199343790775,0.07635342588417886
0.8633333333333333,0.9683496608892238,0.8335116627434196,0.13483799814580422,0.07628355450590778
0.8635,0.9683496608892238,0.8337256580355232,0.13462400285370058,0.07628355450590778
0.8636666666666667,0.9683496608892238,0.8339396533276268,0.13441000756159704,0.07628355450590778
0.8638333333333333,0.9683496608892238,0.8341536486197304,0.1341960122694934,0.07628355450590778
0.864,0.9683496608892238,0.8343676439118339,0.13398201697738987,0.07618407320140556
0.8641666666666666,0.9683496608892238,0.8345816392039375,0.13376802168528634,0.07618407320140556
0.8643333333333333,0.9683496608892238,0.8347956344960411,0.1335540263931827,0.07618407320140556
0.8645,0.9683496608892238,0.8350096297881446,0.13334003110107917,0.07618407320140556
0.8646666666666667,0.9683496608892238,0.8352236250802483,0.13312603580897553,0.07618407320140556
0.8648333333333333,0.9683496608892238,0.8354376203723518,0.132912040516872,0.07609636359979069
0.865,0.9683496608892238,0.8356516156644553,0.13269804522476847,0.07609636359979069
0.8651666666666666,0.9683496608892238,0.835865610956559,0.13248404993266483,0.07609636359979069
0.8653333333333333,0.9683496608892238,0.8360796062486625,0.1322700546405613,0.07609636359979069
0.8655,0.9683496608892238,0.8362936015407662,0.13205605934845766,0.07609636359979069
0.8656666666666667,0.9691032403918614,0.8362936015407662,0.1328096388510952,0.07609636359979069
0.8658333333333333,0.9691032403918614,0.8365075968328697,0.13259564355899167,0.07609636359979069
0.866,0.9691032403918614,0.8367215921249732,0.13238164826688814,0.07609636359979069
0.8661666666666666,0.9691032403918614,0.8369355874170769,0.1321676529747845,0.07609636359979069
0.8663333333333333,0.9691032403918614,0.8371495827091804,0.13195365768268097,0.07609636359979069
0.8665,0.9691032403918614,0.837363578001284,0.13173966239057733,0.07609636359979069
0.8666666666666667,0.9691032403918614,0.8375775732933876,0.1315256670984738,0.0760868884970718
0.8668333333333333,0.9691032403918614,0.8377915685854911,0.13131167180637027,0.07608649817819069
0.867,0.9691032403918614,0.8380055638775947,0.13109767651426663,0.07593368100175024
0.8671666666666666,0.9691032403918614,0.8382195591696983,0.1308836812221631,0.07588967296714962
0.8673333333333333,0.9691032403918614,0.8384335544618018,0.13066968593005956,0.07588967296714962
0.8675,0.9691032403918614,0.8386475497539054,0.13045569063795592,0.07588967296714962
0.8676666666666667,0.9691032403918614,0.838861545046009,0.1302416953458524,0.075635764897273
0.8678333333333333,0.9691032403918614,0.8390755403381126,0.13002770005374875,0.07554485371049792
0.868,0.9691032403918614,0.8392895356302161,0.12981370476164522,0.07554485371049792
0.8681666666666666,0.9691032403918614,0.8395035309223197,0.1295997094695417,0.07553948104744698
0.8683333333333333,0.9691032403918614,0.8397175262144233,0.12938571417743805,0.07553948104744698
0.8685,0.9691032403918614,0.8399315215065268,0.12917171888533452,0.07553948104744698
0.8686666666666667,0.9691032403918614,0.8401455167986305,0.12895772359323088,0.07553948104744698
0.8688333333333333,0.9691032403918614,0.840359512090734,0.12874372830112735,0.07553948104744698
0.869,0.9691032403918614,0.8405735073828375,0.12852973300902382,0.07553948104744698
0.8691666666666666,0.9691032403918614,0.8407875026749412,0.12831573771692018,0.07553948104744698
0.8693333333333333,0.9691032403918614,0.8410014979670447,0.12810174242481664,0.07553948104744698
0.8695,0.9691032403918614,0.8412154932591484,0.127887747132713,0.07553948104744698
0.8696666666666667,0.9691032403918614,0.8414294885512519,0.12767375184060947,0.07553948104744698
0.8698333333333333,0.9691032403918614,0.8416434838433554,0.12745975654850594,0.07553948104744698
0.87,0.9691032403918614,0.841857479135459,0.1272457612564023,0.07553948104744698
0.8701666666666666,0.9691032403918614,0.8420714744275626,0.12703176596429877,0.07553948104744698
0.8703333333333333,0.9691032403918614,0.8422854697196661,0.12681777067219524,0.07536160812686615
0.8705,0.9698568198944989,0.8422854697196661,0.1275713501748328,0.07536160812686615
0.8706666666666667,0.9698568198944989,0.8424994650117698,0.12735735488272915,0.07534428703567486
0.8708333333333333,0.9698568198944989,0.8427134603038733,0.12714335959062562,0.07525363508918144
0.871,0.9698568198944989,0.8429274555959769,0.12692936429852197,0.07525363508918144
0.8711666666666666,0.9698568198944989,0.8431414508880805,0.12671536900641844,0.07525363508918144
0.8713333333333333,0.9698568198944989,0.843355446180184,0.1265013737143149,0.07525363508918144
0.8715,0.9706103993971364,0.843355446180184,0.12725495321695246,0.07525363508918144
0.8716666666666667,0.9706103993971364,0.8435694414722876,0.12704095792484882,0.07525363508918144
0.8718333333333333,0.9706103993971364,0.8437834367643912,0.1268269626327453,0.07525363508918144
0.872,0.9706103993971364,0.8439974320564948,0.12661296734064165,0.07525363508918144
0.8721666666666666,0.9706103993971364,0.8442114273485983,0.12639897204853812,0.07525363508918144
0.8723333333333333,0.9706103993971364,0.8444254226407019,0.12618497675643459,0.07525363508918144
0.8725,0.9706103993971364,0.8446394179328055,0.12597098146433094,0.07525363508918144
0.8726666666666667,0.9706103993971364,0.844853413224909,0.12575698617222741,0.07525363508918144
0.8728333333333333,0.9706103993971364,0.8450674085170127,0.12554299088012377,0.07525363508918144
0.873,0.9706103993971364,0.8452814038091162,0.12532899558802024,0.07502343803361783
0.8731666666666666,0.9706103993971364,0.8454953991012197,0.1251150002959167,0.07497735473999696
0.8733333333333333,0.9706103993971364,0.8457093943933234,0.12490100500381307,0.07497735473999696
0.8735,0.9706103993971364,0.8459233896854269,0.12468700971170954,0.07497735473999696
0.8736666666666667,0.9706103993971364,0.8461373849775305,0.1244730144196059,0.07497735473999696
0.8738333333333334,0.9706103993971364,0.8463513802696341,0.12425901912750237,0.07497735473999696
0.874,0.9706103993971364,0.8465653755617376,0.12404502383539884,0.07497735473999696
0.8741666666666666,0.9706103993971364,0.8467793708538413,0.1238310285432952,0.07497735473999696
0.8743333333333333,0.9706103993971364,0.8469933661459448,0.12361703325119167,0.07497735473999696
0.8745,0.9706103993971364,0.8472073614380483,0.12340303795908814,0.0749670505700447
0.8746666666666667,0.9706103993971364,0.847421356730152,0.1231890426669845,0.0749670505700447
0.8748333333333334,0.9706103993971364,0.8476353520222555,0.12297504737488096,0.07490552307155329
0.875,0.9706103993971364,0.8478493473143591,0.12276105208277732,0.07481163983117013
0.8751666666666666,0.9706103993971364,0.8480633426064627,0.12254705679067379,0.07481050697975729
0.8753333333333333,0.9706103993971364,0.8482773378985662,0.12233306149857026,0.07481050697975729
0.8755,0.9706103993971364,0.8484913331906698,0.12211906620646662,0.07481050697975729
0.8756666666666667,0.9706103993971364,0.8487053284827734,0.12190507091436309,0.07456161868845841
0.8758333333333334,0.9706103993971364,0.848919323774877,0.12169107562225945,0.07456161868845841
0.876,0.9706103993971364,0.8491333190669805,0.12147708033015592,0.07456161868845841
0.8761666666666666,0.9706103993971364,0.8493473143590841,0.12126308503805239,0.07456161868845841
0.8763333333333333,0.9706103993971364,0.8495613096511877,0.12104908974594875,0.07456161868845841
0.8765,0.9706103993971364,0.8497753049432912,0.12083509445384522,0.07456161868845841
0.8766666666666667,0.9706103993971364,0.8499893002353949,0.12062109916174157,0.07456161868845841
0.8768333333333334,0.9706103993971364,0.8502032955274984,0.12040710386963804,0.07456161868845841
0.877,0.9706103993971364,0.8504172908196019,0.12019310857753451,0.07456161868845841
0.8771666666666667,0.9706103993971364,0.8506312861117056,0.11997911328543087,0.07456161868845841
0.8773333333333333,0.9706103993971364,0.8508452814038091,0.11976511799332734,0.07456161868845841
0.8775,0.9713639788997739,0.8508452814038091,0.12051869749596478,0.07456161868845841
0.8776666666666667,0.9713639788997739,0.8510592766959126,0.12030470220386125,0.07456161868845841
0.8778333333333334,0.9713639788997739,0.8512732719880163,0.1200907069117576,0.07456161868845841
0.878,0.9713639788997739,0.8514872672801198,0.11987671161965407,0.07456161868845841
0.8781666666666667,0.9713639788997739,0.8517012625722234,0.11966271632755043,0.07456161868845841
0.8783333333333333,0.9713639788997739,0.851915257864327,0.1194487210354469,0.07456161868845841
0.8785,0.9713639788997739,0.8521292531564305,0.11923472574334337,0.07456161868845841
0.8786666666666667,0.9713639788997739,0.8523432484485342,0.11902073045123973,0.07456161868845841
0.8788333333333334,0.9713639788997739,0.8525572437406377,0.1188067351591362,0.07456161868845841
0.879,0.9713639788997739,0.8527712390327413,0.11859273986703256,0.07456161868845841
0.8791666666666667,0.9713639788997739,0.8529852343248449,0.11837874457492903,0.07456161868845841
0.8793333333333333,0.9713639788997739,0.8531992296169484,0.1181647492828255,0.07456161868845841
0.8795,0.9713639788997739,0.853413224909052,0.11795075399072186,0.07456161868845841
0.8796666666666667,0.9713639788997739,0.8536272202011556,0.11773675869861833,0.07456161868845841
0.8798333333333334,0.9713639788997739,0.8538412154932592,0.11752276340651469,0.07456161868845841
0.88,0.9713639788997739,0.8540552107853627,0.11730876811441115,0.07456161868845841
0.8801666666666667,0.9713639788997739,0.8542692060774663,0.11709477282230762,0.07456161868845841
0.8803333333333333,0.9713639788997739,0.8544832013695699,0.11688077753020398,0.07456161868845841
0.8805,0.9713639788997739,0.8546971966616734,0.11666678223810045,0.07456161868845841
0.8806666666666667,0.9713639788997739,0.8549111919537771,0.11645278694599681,0.07456161868845841
0.8808333333333334,0.9713639788997739,0.8551251872458806,0.11623879165389328,0.07456161868845841
0.881,0.9713639788997739,0.8553391825379841,0.11602479636178975,0.07456161868845841
0.8811666666666667,0.9713639788997739,0.8555531778300878,0.11581080106968611,0.07456161868845841
0.8813333333333333,0.9713639788997739,0.8557671731221913,0.11559680577758258,0.07456161868845841
0.8815,0.9713639788997739,0.8559811684142948,0.11538281048547905,0.07456161868845841
0.8816666666666667,0.9713639788997739,0.8561951637063985,0.1151688151933754,0.07456161868845841
0.8818333333333334,0.9721175584024114,0.8561951637063985,0.11592239469601295,0.07456161868845841
0.882,0.9721175584024114,0.856409158998502,0.11570839940390942,0.07456161868845841
0.8821666666666667,0.9721175584024114,0.8566231542906056,0.11549440411180578,0.07456161868845841
0.8823333333333333,0.9721175584024114,0.8568371495827092,0.11528040881970225,0.07456161868845841
0.8825,0.9721175584024114,0.8570511448748127,0.11506641352759872,0.07456161868845841
0.8826666666666667,0.9721175584024114,0.8572651401669164,0.11485241823549508,0.07456161868845841
0.8828333333333334,0.9721175584024114,0.8574791354590199,0.11463842294339155,0.07456161868845841
0.883,0.972871137905049,0.8574791354590199,0.1153920024460291,0.07456161868845841
0.8831666666666667,0.972871137905049,0.8576931307511235,0.11517800715392545,0.07456161868845841
0.8833333333333333,0.972871137905049,0.857907126043227,0.11496401186182192,0.07456161868845841
0.8835,0.972871137905049,0.8581211213353306,0.1147500165697184,0.07456161868845841
0.8836666666666667,0.972871137905049,0.8583351166274342,0.11453602127761475,0.07456161868845841
0.8838333333333334,0.972871137905049,0.8585491119195378,0.11432202598551122,0.07456161868845841
0.884,0.972871137905049,0.8587631072116414,0.11410803069340758,0.07456161868845841
0.8841666666666667,0.972871137905049,0.8589771025037449,0.11389403540130405,0.07456161868845841
0.8843333333333333,0.972871137905049,0.8591910977958485,0.11368004010920052,0.07456161868845841
0.8845,0.972871137905049,0.8594050930879521,0.11346604481709688,0.07456161868845841
0.8846666666666667,0.972871137905049,0.8596190883800556,0.11325204952499335,0.07456161868845841
0.8848333333333334,0.972871137905049,0.8598330836721592,0.11303805423288982,0.07456161868845841
0.885,0.972871137905049,0.8600470789642628,0.11282405894078618,0.07456161868845841
0.8851666666666667,0.972871137905049,0.8602610742563663,0.11261006364868265,0.07456161868845841
0.8853333333333333,0.972871137905049,0.86047506954847,0.112396068356579,0.07456161868845841
0.8855,0.972871137905049,0.8606890648405735,0.11218207306447547,0.07456161868845841
0.8856666666666667,0.972871137905049,0.860903060132677,0.11196807777237194,0.07456161868845841
0.8858333333333334,0.972871137905049,0.8611170554247807,0.1117540824802683,0.07456161868845841
0.886,0.972871137905049,0.8613310507168842,0.11154008718816477,0.07456161868845841
0.8861666666666667,0.972871137905049,0.8615450460089878,0.11132609189606113,0.07456161868845841
0.8863333333333333,0.9736247174076865,0.8615450460089878,0.11207967139869868,0.07456161868845841
0.8865,0.9736247174076865,0.8617590413010914,0.11186567610659515,0.07456161868845841
0.8866666666666667,0.9743782969103241,0.8617590413010914,0.1126192556092327,0.07456161868845841
0.8868333333333334,0.9743782969103241,0.8619730365931949,0.11240526031712916,0.07456161868845841
0.887,0.9743782969103241,0.8621870318852985,0.11219126502502552,0.07456161868845841
0.8871666666666667,0.9743782969103241,0.8624010271774021,0.11197726973292199,0.07456161868845841
0.8873333333333333,0.9743782969103241,0.8626150224695057,0.11176327444081835,0.07456161868845841
0.8875,0.9743782969103241,0.8628290177616093,0.11154927914871482,0.07456161868845841
0.8876666666666667,0.9743782969103241,0.8630430130537128,0.11133528385661129,0.07456161868845841
0.8878333333333334,0.9743782969103241,0.8632570083458164,0.11112128856450765,0.07456161868845841
0.888,0.9743782969103241,0.86347100363792,0.11090729327240412,0.07456161868845841
0.8881666666666667,0.9743782969103241,0.8636849989300235,0.11069329798030059,0.07456161868845841
0.8883333333333333,0.9743782969103241,0.8638989942221271,0.11047930268819695,0.07456161868845841
0.8885,0.9743782969103241,0.8641129895142307,0.11026530739609341,0.07456161868845841
0.8886666666666667,0.9743782969103241,0.8643269848063343,0.11005131210398977,0.07456161868845841
0.8888333333333334,0.9743782969103241,0.8645409800984378,0.10983731681188624,0.07456161868845841
0.889,0.9743782969103241,0.8647549753905414,0.10962332151978271,0.07456161868845841
0.8891666666666667,0.9743782969103241,0.864968970682645,0.10940932622767907,0.07456161868845841
0.8893333333333333,0.9743782969103241,0.8651829659747485,0.10919533093557554,0.07456161868845841
0.8895,0.9743782969103241,0.8653969612668522,0.1089813356434719,0.07456161868845841
0.8896666666666667,0.9743782969103241,0.8656109565589557,0.10876734035136837,0.07456161868845841
0.8898333333333334,0.9743782969103241,0.8658249518510592,0.10855334505926484,0.07456161868845841
0.89,0.9743782969103241,0.8660389471431629,0.1083393497671612,0.07456161868845841
0.8901666666666667,0.9743782969103241,0.8662529424352664,0.10812535447505767,0.07456161868845841
0.8903333333333333,0.9743782969103241,0.86646693772737,0.10791135918295403,0.07456161868845841
0.8905,0.9743782969103241,0.8666809330194736,0.1076973638908505,0.07456161868845841
0.8906666666666667,0.9743782969103241,0.8668949283115771,0.10748336859874696,0.07456161868845841
0.8908333333333334,0.9743782969103241,0.8671089236036807,0.10726937330664332,0.07456161868845841
0.891,0.9743782969103241,0.8673229188957843,0.10705537801453979,0.07456161868845841
0.8911666666666667,0.9743782969103241,0.8675369141878879,0.10684138272243615,0.07456161868845841
0.8913333333333333,0.9743782969103241,0.8677509094799915,0.10662738743033262,0.07456161868845841
0.8915,0.9743782969103241,0.867964904772095,0.10641339213822909,0.07456161868845841
0.8916666666666667,0.9743782969103241,0.8681789000641986,0.10619939684612545,0.07456161868845841
0.8918333333333334,0.9743782969103241,0.8683928953563022,0.10598540155402192,0.07456161868845841
0.892,0.9743782969103241,0.8686068906484057,0.10577140626191839,0.07456161868845841
0.8921666666666667,0.9743782969103241,0.8688208859405093,0.10555741096981475,0.07456161868845841
0.8923333333333333,0.9743782969103241,0.8690348812326129,0.10534341567771122,0.07456161868845841
0.8925,0.9743782969103241,0.8692488765247165,0.10512942038560757,0.07456161868845841
0.8926666666666667,0.9743782969103241,0.86946287181682,0.10491542509350404,0.07456161868845841
0.8928333333333334,0.9743782969103241,0.8696768671089236,0.10470142980140051,0.07456161868845841
0.893,0.9743782969103241,0.8698908624010272,0.10448743450929687,0.07456161868845841
0.8931666666666667,0.9743782969103241,0.8701048576931307,0.10427343921719334,0.07456161868845841
0.8933333333333333,0.9743782969103241,0.8703188529852344,0.1040594439250897,0.07456161868845841
0.8935,0.9743782969103241,0.8705328482773379,0.10384544863298617,0.07456161868845841
0.8936666666666667,0.9743782969103241,0.8707468435694414,0.10363145334088264,0.07456161868845841
0.8938333333333334,0.9743782969103241,0.8709608388615451,0.103417458048779,0.07456161868845841
0.894,0.9743782969103241,0.8711748341536486,0.10320346275667547,0.07456161868845841
0.8941666666666667,0.9743782969103241,0.8713888294457522,0.10298946746457183,0.07456161868845841
0.8943333333333333,0.9743782969103241,0.8716028247378558,0.1027754721724683,0.07456161868845841
0.8945,0.9751318764129616,0.8716028247378558,0.10352905167510584,0.07434154458959377
0.8946666666666667,0.9751318764129616,0.8718168200299593,0.10331505638300231,0.07434154458959377
0.8948333333333334,0.9751318764129616,0.872030815322063,0.10310106109089867,0.07434154458959377
0.895,0.975885455915599,0.872030815322063,0.10385464059353611,0.0742867801484849
0.8951666666666667,0.975885455915599,0.8722448106141665,0.10364064530143258,0.0742867801484849
0.8953333333333333,0.975885455915599,0.87245880590627,0.10342665000932905,0.0742705459656064
0.8955,0.975885455915599,0.8726728011983736,0.1032126547172254,0.0742705459656064
0.8956666666666667,0.975885455915599,0.8728867964904772,0.10299865942512187,0.0742705459656064
0.8958333333333334,0.975885455915599,0.8731007917825808,0.10278466413301823,0.0742705459656064
0.896,0.975885455915599,0.8733147870746844,0.1025706688409147,0.0742705459656064
0.8961666666666667,0.975885455915599,0.8735287823667879,0.10235667354881117,0.0742705459656064
0.8963333333333333,0.975885455915599,0.8737427776588915,0.10214267825670753,0.0742705459656064
0.8965,0.9766390354182366,0.8737427776588915,0.10289625775934508,0.0742705459656064
0.8966666666666666,0.9766390354182366,0.873956772950995,0.10268226246724155,0.0742705459656064
0.8968333333333334,0.9766390354182366,0.8741707682430987,0.1024682671751379,0.0742705459656064
0.897,0.9766390354182366,0.8743847635352022,0.10225427188303438,0.0742705459656064
0.8971666666666667,0.9766390354182366,0.8745987588273058,0.10204027659093085,0.0742705459656064
0.8973333333333333,0.9766390354182366,0.8748127541194094,0.1018262812988272,0.0742705459656064
0.8975,0.9766390354182366,0.8750267494115129,0.10161228600672367,0.0742705459656064
0.8976666666666666,0.9766390354182366,0.8752407447036166,0.10139829071462003,0.0742705459656064
0.8978333333333334,0.9766390354182366,0.8754547399957201,0.1011842954225165,0.0742705459656064
0.898,0.9766390354182366,0.8756687352878236,0.10097030013041297,0.0742705459656064
0.8981666666666667,0.9766390354182366,0.8758827305799273,0.10075630483830933,0.0742705459656064
0.8983333333333333,0.9766390354182366,0.8760967258720308,0.1005423095462058,0.0742705459656064
0.8985,0.9766390354182366,0.8763107211641344,0.10032831425410216,0.0742705459656064
0.8986666666666666,0.9766390354182366,0.876524716456238,0.10011431896199863,0.0742705459656064
0.8988333333333334,0.9766390354182366,0.8767387117483415,0.0999003236698951,0.0742705459656064
0.899,0.9766390354182366,0.8769527070404451,0.09968632837779146,0.0742705459656064
0.8991666666666667,0.9766390354182366,0.8771667023325487,0.09947233308568793,0.0742705459656064
0.8993333333333333,0.9766390354182366,0.8773806976246522,0.0992583377935844,0.0742705459656064
0.8995,0.9766390354182366,0.8775946929167558,0.09904434250148075,0.0742705459656064
0.8996666666666666,0.9766390354182366,0.8778086882088594,0.09883034720937722,0.07421555548169642
0.8998333333333334,0.9766390354182366,0.878022683500963,0.09861635191727358,0.07421555548169642
0.9,0.9766390354182366,0.8782366787930665,0.09840235662517005,0.07384008573027825
0.9001666666666667,0.9766390354182366,0.8784506740851701,0.09818836133306652,0.07384008573027825
0.9003333333333333,0.9766390354182366,0.8786646693772737,0.09797436604096288,0.07384008573027825
0.9005,0.9766390354182366,0.8788786646693773,0.09776037074885935,0.07384008573027825
0.9006666666666666,0.9766390354182366,0.8790926599614809,0.09754637545675571,0.073754407020182
0.9008333333333334,0.9766390354182366,0.8793066552535844,0.09733238016465218,0.07372667044529821
0.901,0.9766390354182366,0.879520650545688,0.09711838487254865,0.07372667044529821
0.9011666666666667,0.9766390354182366,0.8797346458377916,0.096904389580445,0.07372667044529821
0.9013333333333333,0.9766390354182366,0.8799486411298951,0.09669039428834147,0.07372667044529821
0.9015,0.9766390354182366,0.8801626364219988,0.09647639899623783,0.07372667044529821
0.9016666666666666,0.9766390354182366,0.8803766317141023,0.0962624037041343,0.07372667044529821
0.9018333333333334,0.9766390354182366,0.8805906270062058,0.09604840841203077,0.07372667044529821
0.902,0.9766390354182366,0.8808046222983095,0.09583441311992713,0.07372667044529821
0.9021666666666667,0.9766390354182366,0.881018617590413,0.0956204178278236,0.07372667044529821
0.9023333333333333,0.9773926149208741,0.881018617590413,0.09637399733046115,0.07372667044529821
0.9025,0.9781461944235117,0.881018617590413,0.0971275768330987,0.07372667044529821
0.9026666666666666,0.9781461944235117,0.8812326128825165,0.09691358154099516,0.07372667044529821
0.9028333333333334,0.9781461944235117,0.8814466081746202,0.09669958624889152,0.07372667044529821
0.903,0.9781461944235117,0.8816606034667237,0.09648559095678799,0.07372667044529821
0.9031666666666667,0.9781461944235117,0.8818745987588273,0.09627159566468435,0.07372667044529821
0.9033333333333333,0.9788997739261492,0.8818745987588273,0.0970251751673219,0.07372667044529821
0.9035,0.9788997739261492,0.8820885940509309,0.09681117987521837,0.07372667044529821
0.9036666666666666,0.9788997739261492,0.8823025893430344,0.09659718458311484,0.07372667044529821
0.9038333333333334,0.9788997739261492,0.882516584635138,0.0963831892910112,0.07372667044529821
0.904,0.9788997739261492,0.8827305799272416,0.09616919399890766,0.07372667044529821
0.9041666666666667,0.9788997739261492,0.8829445752193452,0.09595519870680402,0.07372667044529821
0.9043333333333333,0.9788997739261492,0.8831585705114487,0.0957412034147005,0.07372667044529821
0.9045,0.9788997739261492,0.8833725658035523,0.09552720812259696,0.07372667044529821
0.9046666666666666,0.9788997739261492,0.8835865610956559,0.09531321283049332,0.07372667044529821
0.9048333333333334,0.9788997739261492,0.8838005563877595,0.09509921753838979,0.07372667044529821
0.905,0.9788997739261492,0.8840145516798631,0.09488522224628615,0.07372667044529821
0.9051666666666667,0.9788997739261492,0.8842285469719666,0.09467122695418262,0.07372667044529821
0.9053333333333333,0.9788997739261492,0.8844425422640702,0.09445723166207909,0.07372667044529821
0.9055,0.9788997739261492,0.8846565375561738,0.09424323636997545,0.07372667044529821
0.9056666666666666,0.9788997739261492,0.8848705328482773,0.09402924107787192,0.07372667044529821
0.9058333333333334,0.9788997739261492,0.885084528140381,0.09381524578576828,0.07372667044529821
0.906,0.9788997739261492,0.8852985234324845,0.09360125049366474,0.07372667044529821
0.9061666666666667,0.9788997739261492,0.885512518724588,0.09338725520156121,0.07372667044529821
0.9063333333333333,0.9788997739261492,0.8857265140166917,0.09317325990945757,0.07372667044529821
0.9065,0.9788997739261492,0.8859405093087952,0.09295926461735404,0.07372667044529821
0.9066666666666666,0.9788997739261492,0.8861545046008987,0.09274526932525051,0.07372667044529821
0.9068333333333334,0.9788997739261492,0.8863684998930024,0.09253127403314687,0.07372667044529821
0.907,0.9788997739261492,0.8865824951851059,0.09231727874104334,0.07372667044529821
0.9071666666666667,0.9788997739261492,0.8867964904772095,0.0921032834489397,0.07372667044529821
0.9073333333333333,0.9788997739261492,0.8870104857693131,0.09188928815683617,0.07372667044529821
0.9075,0.9788997739261492,0.8872244810614166,0.09167529286473264,0.07372667044529821
0.9076666666666666,0.9796533534287868,0.8872244810614166,0.09242887236737019,0.07372667044529821
0.9078333333333334,0.9804069329314242,0.8872244810614166,0.09318245187000762,0.07372667044529821
0.908,0.9804069329314242,0.8874384763535202,0.09296845657790398,0.07372667044529821
0.9081666666666667,0.9804069329314242,0.8876524716456238,0.09275446128580045,0.07372667044529821
0.9083333333333333,0.9804069329314242,0.8878664669377274,0.09254046599369681,0.07372667044529821
0.9085,0.9804069329314242,0.888080462229831,0.09232647070159328,0.07372667044529821
0.9086666666666666,0.9804069329314242,0.8882944575219345,0.09211247540948975,0.07372667044529821
0.9088333333333334,0.9804069329314242,0.8885084528140381,0.0918984801173861,0.07372667044529821
0.909,0.9804069329314242,0.8887224481061416,0.09168448482528258,0.07372667044529821
0.9091666666666667,0.9804069329314242,0.8889364433982453,0.09147048953317893,0.07372667044529821
0.9093333333333333,0.9804069329314242,0.8891504386903488,0.0912564942410754,0.07372667044529821
0.9095,0.9811605124340618,0.8891504386903488,0.09201007374371295,0.07372667044529821
0.9096666666666666,0.9811605124340618,0.8893644339824524,0.09179607845160942,0.07372667044529821
0.9098333333333334,0.9811605124340618,0.889578429274556,0.09158208315950578,0.07372667044529821
0.91,0.9811605124340618,0.8897924245666595,0.09136808786740225,0.07372667044529821
0.9101666666666667,0.9811605124340618,0.890006419858763,0.09115409257529872,0.07372667044529821
0.9103333333333333,0.9811605124340618,0.8902204151508667,0.09094009728319508,0.07372667044529821
0.9105,0.9819140919366993,0.8902204151508667,0.09169367678583262,0.07322743500670849
0.9106666666666666,0.9819140919366993,0.8904344104429702,0.09147968149372909,0.07322743500670849
0.9108333333333334,0.9819140919366993,0.8906484057350739,0.09126568620162545,0.07322743500670849
0.911,0.9826676714393369,0.8906484057350739,0.092019265704263,0.07322743500670849
0.9111666666666667,0.9826676714393369,0.8908624010271774,0.09180527041215947,0.07314273318652498
0.9113333333333333,0.9826676714393369,0.8910763963192809,0.09159127512005594,0.07314273318652498
0.9115,0.9826676714393369,0.8912903916113846,0.0913772798279523,0.07314273318652498
0.9116666666666666,0.9826676714393369,0.8915043869034881,0.09116328453584877,0.07314273318652498
0.9118333333333334,0.9826676714393369,0.8917183821955917,0.09094928924374512,0.07314273318652498
0.912,0.9826676714393369,0.8919323774876953,0.0907352939516416,0.07314273318652498
0.9121666666666667,0.9826676714393369,0.8921463727797988,0.09052129865953806,0.07310535848979811
0.9123333333333333,0.9826676714393369,0.8923603680719024,0.09030730336743442,0.07298422219873449
0.9125,0.9826676714393369,0.892574363364006,0.09009330807533089,0.07291396059209672
0.9126666666666666,0.9826676714393369,0.8927883586561096,0.08987931278322725,0.07274799893839881
0.9128333333333334,0.9826676714393369,0.8930023539482131,0.08966531749112372,0.07274799893839881
0.913,0.9826676714393369,0.8932163492403167,0.08945132219902019,0.07274799893839881
0.9131666666666667,0.9826676714393369,0.8934303445324203,0.08923732690691655,0.07274799893839881
0.9133333333333333,0.9826676714393369,0.8936443398245238,0.08902333161481302,0.07274799893839881
0.9135,0.9826676714393369,0.8938583351166275,0.08880933632270938,0.0725138950545207
0.9136666666666666,0.9826676714393369,0.894072330408731,0.08859534103060585,0.0725138950545207
0.9138333333333334,0.9826676714393369,0.8942863257008346,0.08838134573850231,0.0725138950545207
0.914,0.9826676714393369,0.8945003209929382,0.08816735044639867,0.0725138950545207
0.9141666666666667,0.9826676714393369,0.8947143162850417,0.08795335515429514,0.0725138950545207
0.9143333333333333,0.9826676714393369,0.8949283115771453,0.08773935986219161,0.0725138950545207
0.9145,0.9826676714393369,0.8951423068692489,0.08752536457008797,0.0725138950545207
0.9146666666666666,0.9826676714393369,0.8953563021613524,0.08731136927798444,0.0725138950545207
0.9148333333333334,0.9826676714393369,0.8955702974534561,0.0870973739858808,0.0725138950545207
0.915,0.9826676714393369,0.8957842927455596,0.08688337869377727,0.07244528880437907
0.9151666666666667,0.9826676714393369,0.8959982880376631,0.08666938340167374,0.07244528880437907
0.9153333333333333,0.9834212509419744,0.8959982880376631,0.08742296290431129,0.07244528880437907
0.9155,0.9834212509419744,0.8962122833297668,0.08720896761220764,0.07244528880437907
0.9156666666666666,0.9834212509419744,0.8964262786218703,0.08699497232010411,0.07244528880437907
0.9158333333333334,0.9834212509419744,0.8966402739139739,0.08678097702800047,0.07244528880437907
0.916,0.9834212509419744,0.8968542692060775,0.08656698173589694,0.07240840531781488
0.9161666666666667,0.9834212509419744,0.897068264498181,0.08635298644379341,0.07207151595928955
0.9163333333333333,0.9834212509419744,0.8972822597902846,0.08613899115168977,0.07182507393532592
0.9165,0.9834212509419744,0.8974962550823882,0.08592499585958624,0.071561971326205
0.9166666666666666,0.9834212509419744,0.8977102503744918,0.0857110005674826,0.07140829856676476
0.9168333333333333,0.9834212509419744,0.8979242456665953,0.08549700527537907,0.07140829856676476
0.917,0.9834212509419744,0.8981382409586989,0.08528300998327554,0.07140829856676476
0.9171666666666667,0.9834212509419744,0.8983522362508025,0.0850690146911719,0.07139866443977633
0.9173333333333333,0.9834212509419744,0.898566231542906,0.08485501939906837,0.07139866443977633
0.9175,0.9834212509419744,0.8987802268350096,0.08464102410696484,0.07139866443977633
0.9176666666666666,0.9834212509419744,0.8989942221271132,0.0844270288148612,0.07131934425842323
0.9178333333333333,0.9834212509419744,0.8992082174192167,0.08421303352275766,0.07131934425842323
0.918,0.9834212509419744,0.8994222127113204,0.08399903823065402,0.07131934425842323
0.9181666666666667,0.9834212509419744,0.8996362080034239,0.08378504293855049,0.07131934425842323
0.9183333333333333,0.9834212509419744,0.8998502032955275,0.08357104764644696,0.07131934425842323
0.9185,0.9834212509419744,0.9000641985876311,0.08335705235434332,0.07131934425842323
0.9186666666666666,0.9834212509419744,0.9002781938797346,0.08314305706223979,0.07131934425842323
0.9188333333333333,0.9834212509419744,0.9004921891718383,0.08292906177013615,0.07131934425842323
0.919,0.9834212509419744,0.9007061844639418,0.08271506647803262,0.07131934425842323
0.9191666666666667,0.9834212509419744,0.9009201797560453,0.08250107118592909,0.07131934425842323
0.9193333333333333,0.9834212509419744,0.901134175048149,0.08228707589382545,0.07131934425842323
0.9195,0.9834212509419744,0.9013481703402525,0.08207308060172191,0.07131934425842323
0.9196666666666666,0.9834212509419744,0.9015621656323561,0.08185908530961827,0.07131934425842323
0.9198333333333333,0.9834212509419744,0.9017761609244597,0.08164509001751474,0.07131934425842323
0.92,0.9834212509419744,0.9019901562165632,0.08143109472541121,0.07131934425842323
0.9201666666666667,0.9834212509419744,0.9022041515086668,0.08121709943330757,0.07131934425842323
0.9203333333333333,0.9834212509419744,0.9024181468007704,0.08100310414120404,0.07131934425842323
0.9205,0.9834212509419744,0.9026321420928739,0.08078910884910051,0.07131934425842323
0.9206666666666666,0.9834212509419744,0.9028461373849775,0.08057511355699687,0.07131934425842323
0.9208333333333333,0.984174830444612,0.9028461373849775,0.08132869305963442,0.07131934425842323
0.921,0.984174830444612,0.9030601326770811,0.08111469776753089,0.07131934425842323
0.9211666666666667,0.984174830444612,0.9032741279691847,0.08090070247542724,0.07131934425842323
0.9213333333333333,0.984174830444612,0.9034881232612882,0.08068670718332371,0.07131934425842323
0.9215,0.984174830444612,0.9037021185533918,0.08047271189122018,0.07131934425842323
0.9216666666666666,0.984174830444612,0.9039161138454954,0.08025871659911654,0.07131934425842323
0.9218333333333333,0.984174830444612,0.904130109137599,0.08004472130701301,0.07131934425842323
0.922,0.984174830444612,0.9043441044297026,0.07983072601490937,0.07131934425842323
0.9221666666666667,0.9849284099472494,0.9043441044297026,0.0805843055175468,0.07131934425842323
0.9223333333333333,0.9849284099472494,0.9045580997218061,0.08037031022544328,0.07131934425842323
0.9225,0.9849284099472494,0.9047720950139096,0.08015631493333975,0.07131934425842323
0.9226666666666666,0.9849284099472494,0.9049860903060133,0.0799423196412361,0.07131934425842323
0.9228333333333333,0.9849284099472494,0.9052000855981168,0.07972832434913257,0.07131934425842323
0.923,0.9849284099472494,0.9054140808902205,0.07951432905702893,0.07131934425842323
0.9231666666666667,0.9849284099472494,0.905628076182324,0.0793003337649254,0.0713181428598862
0.9233333333333333,0.9849284099472494,0.9058420714744275,0.07908633847282187,0.07112182622518881
0.9235,0.9849284099472494,0.9060560667665312,0.07887234318071823,0.07105525506298964
0.9236666666666666,0.9849284099472494,0.9062700620586347,0.0786583478886147,0.07105525506298964
0.9238333333333333,0.9849284099472494,0.9064840573507383,0.07844435259651106,0.07105525506298964
0.924,0.9849284099472494,0.9066980526428419,0.07823035730440753,0.07105525506298964
0.9241666666666667,0.9849284099472494,0.9069120479349454,0.078016362012304,0.07105525506298964
0.9243333333333333,0.9849284099472494,0.907126043227049,0.07780236672020036,0.07105525506298964
0.9245,0.9849284099472494,0.9073400385191526,0.07758837142809683,0.07105525506298964
0.9246666666666666,0.9849284099472494,0.9075540338112561,0.0773743761359933,0.07105525506298964
0.9248333333333333,0.9849284099472494,0.9077680291033597,0.07716038084388965,0.07105525506298964
0.925,0.9849284099472494,0.9079820243954633,0.07694638555178612,0.07105525506298964
0.9251666666666667,0.9849284099472494,0.9081960196875669,0.07673239025968248,0.07105525506298964
0.9253333333333333,0.9849284099472494,0.9084100149796704,0.07651839496757895,0.07105525506298964
0.9255,0.9849284099472494,0.908624010271774,0.07630439967547542,0.07105525506298964
0.9256666666666666,0.9849284099472494,0.9088380055638776,0.07609040438337178,0.07105525506298964
0.9258333333333333,0.9849284099472494,0.9090520008559811,0.07587640909126825,0.07105525506298964
0.926,0.9849284099472494,0.9092659961480848,0.07566241379916461,0.07105525506298964
0.9261666666666667,0.9849284099472494,0.9094799914401883,0.07544841850706108,0.07105525506298964
0.9263333333333333,0.9849284099472494,0.9096939867322918,0.07523442321495755,0.07105525506298964
0.9265,0.9849284099472494,0.9099079820243955,0.0750204279228539,0.07105525506298964
0.9266666666666666,0.9849284099472494,0.910121977316499,0.07480643263075037,0.07105525506298964
0.9268333333333333,0.9849284099472494,0.9103359726086027,0.07459243733864673,0.07105525506298964
0.927,0.9849284099472494,0.9105499679007062,0.0743784420465432,0.07105525506298964
0.9271666666666667,0.9849284099472494,0.9107639631928097,0.07416444675443967,0.07105525506298964
0.9273333333333333,0.9849284099472494,0.9109779584849134,0.07395045146233603,0.07105525506298964
0.9275,0.9849284099472494,0.9111919537770169,0.0737364561702325,0.07105525506298964
0.9276666666666666,0.9849284099472494,0.9114059490691204,0.07352246087812897,0.07105525506298964
0.9278333333333333,0.9849284099472494,0.9116199443612241,0.07330846558602533,0.07105525506298964
0.928,0.9849284099472494,0.9118339396533276,0.0730944702939218,0.07105525506298964
0.9281666666666667,0.9849284099472494,0.9120479349454312,0.07288047500181816,0.07105525506298964
0.9283333333333333,0.9849284099472494,0.9122619302375348,0.07266647970971463,0.07105525506298964
0.9285,0.9849284099472494,0.9124759255296383,0.0724524844176111,0.07105525506298964
0.9286666666666666,0.9849284099472494,0.9126899208217419,0.07223848912550745,0.07105525506298964
0.9288333333333333,0.9849284099472494,0.9129039161138455,0.07202449383340392,0.07105525506298964
0.929,0.9849284099472494,0.9131179114059491,0.07181049854130028,0.07105525506298964
0.9291666666666667,0.9849284099472494,0.9133319066980526,0.07159650324919675,0.07105525506298964
0.9293333333333333,0.9849284099472494,0.9135459019901562,0.07138250795709322,0.07105525506298964
0.9295,0.9849284099472494,0.9137598972822598,0.07116851266498958,0.07105525506298964
0.9296666666666666,0.9849284099472494,0.9139738925743633,0.07095451737288605,0.07105525506298964
0.9298333333333333,0.9849284099472494,0.914187887866467,0.07074052208078241,0.07105525506298964
0.93,0.9849284099472494,0.9144018831585705,0.07052652678867888,0.07105525506298964
0.9301666666666667,0.9849284099472494,0.914615878450674,0.07031253149657535,0.07105525506298964
0.9303333333333333,0.9849284099472494,0.9148298737427777,0.0700985362044717,0.07105525506298964
0.9305,0.9849284099472494,0.9150438690348812,0.06988454091236818,0.07105525506298964
0.9306666666666666,0.9849284099472494,0.9152578643269849,0.06967054562026453,0.07105525506298964
0.9308333333333333,0.9849284099472494,0.9154718596190884,0.069456550328161,0.07105525506298964
0.931,0.9849284099472494,0.9156858549111919,0.06924255503605747,0.07105525506298964
0.9311666666666667,0.9849284099472494,0.9158998502032956,0.06902855974395383,0.07105525506298964
0.9313333333333333,0.9849284099472494,0.9161138454953991,0.0688145644518503,0.07105525506298964
0.9315,0.9849284099472494,0.9163278407875026,0.06860056915974677,0.07105525506298964
0.9316666666666666,0.9849284099472494,0.9165418360796063,0.06838657386764313,0.07105525506298964
0.9318333333333333,0.9849284099472494,0.9167558313717098,0.0681725785755396,0.07105525506298964
0.932,0.9849284099472494,0.9169698266638134,0.06795858328343596,0.07105525506298964
0.9321666666666667,0.9849284099472494,0.917183821955917,0.06774458799133243,0.07105525506298964
0.9323333333333333,0.9849284099472494,0.9173978172480205,0.0675305926992289,0.07105525506298964
0.9325,0.9849284099472494,0.9176118125401241,0.06731659740712526,0.07105525506298964
0.9326666666666666,0.9849284099472494,0.9178258078322277,0.06710260211502173,0.07105525506298964
0.9328333333333333,0.9849284099472494,0.9180398031243313,0.06688860682291808,0.07105525506298964
0.933,0.9849284099472494,0.9182537984164348,0.06667461153081455,0.07105525506298964
0.9331666666666667,0.9849284099472494,0.9184677937085384,0.06646061623871102,0.07105525506298964
0.9333333333333333,0.9849284099472494,0.918681789000642,0.06624662094660738,0.07105525506298964
0.9335,0.9849284099472494,0.9188957842927455,0.06603262565450385,0.07105525506298964
0.9336666666666666,0.9849284099472494,0.9191097795848492,0.06581863036240021,0.07105525506298964
0.9338333333333333,0.9849284099472494,0.9193237748769527,0.06560463507029668,0.07105525506298964
0.934,0.9849284099472494,0.9195377701690562,0.06539063977819315,0.07105525506298964
0.9341666666666667,0.9856819894498869,0.9195377701690562,0.0661442192808307,0.07105525506298964
0.9343333333333333,0.9856819894498869,0.9197517654611599,0.06593022398872705,0.07105525506298964
0.9345,0.9856819894498869,0.9199657607532634,0.06571622869662352,0.07105525506298964
0.9346666666666666,0.9856819894498869,0.920179756045367,0.06550223340452,0.07105525506298964
0.9348333333333333,0.9856819894498869,0.9203937513374706,0.06528823811241635,0.07105525506298964
0.935,0.9856819894498869,0.9206077466295741,0.06507424282031282,0.07105525506298964
0.9351666666666667,0.9856819894498869,0.9208217419216778,0.06486024752820918,0.07105525506298964
0.9353333333333333,0.9856819894498869,0.9210357372137813,0.06464625223610565,0.07105525506298964
0.9355,0.9856819894498869,0.9212497325058848,0.06443225694400212,0.07105525506298964
0.9356666666666666,0.9856819894498869,0.9214637277979885,0.06421826165189848,0.07105525506298964
0.9358333333333333,0.9856819894498869,0.921677723090092,0.06400426635979495,0.07105525506298964
0.936,0.9856819894498869,0.9218917183821956,0.0637902710676913,0.07105525506298964
0.9361666666666667,0.9856819894498869,0.9221057136742992,0.06357627577558778,0.07105525506298964
0.9363333333333334,0.9856819894498869,0.9223197089664027,0.06336228048348425,0.07105525506298964
0.9365,0.9856819894498869,0.9225337042585063,0.0631482851913806,0.07105525506298964
0.9366666666666666,0.9864355689525245,0.9225337042585063,0.06390186469401815,0.07105525506298964
0.9368333333333333,0.9864355689525245,0.9227476995506099,0.06368786940191462,0.07105525506298964
0.937,0.9864355689525245,0.9229616948427135,0.06347387410981098,0.07105525506298964
0.9371666666666667,0.987189148455162,0.9229616948427135,0.06422745361244853,0.07105525506298964
0.9373333333333334,0.987189148455162,0.923175690134817,0.064013458320345,0.07105525506298964
0.9375,0.987189148455162,0.9233896854269206,0.06379946302824147,0.0708853551310703
0.9376666666666666,0.987189148455162,0.9236036807190242,0.06358546773613782,0.07081382288145523
0.9378333333333333,0.987189148455162,0.9238176760111277,0.0633714724440343,0.07081382288145523
0.938,0.987189148455162,0.9240316713032314,0.06315747715193065,0.07081382288145523
0.9381666666666667,0.987189148455162,0.9242456665953349,0.06294348185982712,0.07081382288145523
0.9383333333333334,0.987189148455162,0.9244596618874384,0.06272948656772359,0.07081382288145523
0.9385,0.9879427279577996,0.9244596618874384,0.06348306607036114,0.07081382288145523
0.9386666666666666,0.9879427279577996,0.9246736571795421,0.0632690707782575,0.07081382288145523
0.9388333333333333,0.9879427279577996,0.9248876524716456,0.06305507548615397,0.07081382288145523
0.939,0.9879427279577996,0.9251016477637491,0.06284108019405044,0.07081382288145523
0.9391666666666667,0.9879427279577996,0.9253156430558528,0.0626270849019468,0.07081382288145523
0.9393333333333334,0.9879427279577996,0.9255296383479563,0.062413089609843264,0.07081382288145523
0.9395,0.9879427279577996,0.92574363364006,0.06219909431773962,0.07081382288145523
0.9396666666666667,0.9879427279577996,0.9259576289321635,0.06198509902563609,0.07081382288145523
0.9398333333333333,0.9879427279577996,0.926171624224267,0.06177110373353256,0.07081382288145523
0.94,0.9879427279577996,0.9263856195163707,0.06155710844142892,0.07081382288145523
0.9401666666666667,0.9879427279577996,0.9265996148084742,0.06134311314932539,0.07081382288145523
0.9403333333333334,0.9879427279577996,0.9268136101005778,0.06112911785722175,0.07081382288145523
0.9405,0.9879427279577996,0.9270276053926814,0.06091512256511822,0.07081382288145523
0.9406666666666667,0.9879427279577996,0.9272416006847849,0.06070112727301469,0.07081382288145523
0.9408333333333333,0.9879427279577996,0.9274555959768885,0.060487131980911046,0.07081382288145523
0.941,0.9879427279577996,0.9276695912689921,0.060273136688807516,0.07081382288145523
0.9411666666666667,0.9886963074604371,0.9276695912689921,0.06102671619144506,0.07081382288145523
0.9413333333333334,0.9886963074604371,0.9278835865610957,0.06081272089934142,0.07081382288145523
0.9415,0.9886963074604371,0.9280975818531992,0.06059872560723789,0.07081382288145523
0.9416666666666667,0.9886963074604371,0.9283115771453028,0.06038473031513436,0.07081382288145523
0.9418333333333333,0.9886963074604371,0.9285255724374064,0.06017073502303072,0.07081382288145523
0.942,0.9886963074604371,0.9287395677295099,0.05995673973092719,0.07081382288145523
0.9421666666666667,0.9886963074604371,0.9289535630216135,0.05974274443882366,0.07081382288145523
0.9423333333333334,0.9886963074604371,0.9291675583137171,0.05952874914672002,0.07081382288145523
0.9425,0.9886963074604371,0.9293815536058206,0.059314753854616487,0.07081382288145523
0.9426666666666667,0.9886963074604371,0.9295955488979243,0.059100758562512845,0.07081382288145523
0.9428333333333333,0.9886963074604371,0.9298095441900278,0.058886763270409315,0.07081382288145523
0.943,0.9894498869630746,0.9298095441900278,0.05964034277304675,0.07081382288145523
0.9431666666666667,0.9894498869630746,0.9300235394821313,0.05942634748094322,0.07081382288145523
0.9433333333333334,0.9902034664657121,0.9300235394821313,0.06017992698358077,0.07081382288145523
0.9435,0.9902034664657121,0.930237534774235,0.059965931691477126,0.07081382288145523
0.9436666666666667,0.9902034664657121,0.9304515300663385,0.059751936399373595,0.07081382288145523
0.9438333333333333,0.9902034664657121,0.9306655253584422,0.059537941107269954,0.07081382288145523
0.944,0.9902034664657121,0.9308795206505457,0.05932394581516642,0.07081382288145523
0.9441666666666667,0.9902034664657121,0.9310935159426492,0.05910995052306289,0.07081382288145523
0.9443333333333334,0.9902034664657121,0.9313075112347529,0.05889595523095925,0.07081382288145523
0.9445,0.9902034664657121,0.9315215065268564,0.05868195993885572,0.07081382288145523
0.9446666666666667,0.9902034664657121,0.93173550181896,0.05846796464675208,0.07081382288145523
0.9448333333333333,0.9902034664657121,0.9319494971110636,0.05825396935464855,0.07081382288145523
0.945,0.9902034664657121,0.9321634924031671,0.05803997406254502,0.07081382288145523
0.9451666666666667,0.9902034664657121,0.9323774876952707,0.05782597877044138,0.07081382288145523
0.9453333333333334,0.9902034664657121,0.9325914829873743,0.05761198347833785,0.07081382288145523
0.9455,0.9902034664657121,0.9328054782794779,0.057397988186234206,0.07081382288145523
0.9456666666666667,0.9902034664657121,0.9330194735715814,0.057183992894130675,0.07081382288145523
0.9458333333333333,0.9902034664657121,0.933233468863685,0.056969997602027145,0.07081382288145523
0.946,0.9902034664657121,0.9334474641557886,0.0567560023099235,0.07081382288145523
0.9461666666666667,0.9902034664657121,0.9336614594478921,0.05654200701781997,0.07081382288145523
0.9463333333333334,0.9902034664657121,0.9338754547399957,0.05632801172571644,0.07081382288145523
0.9465,0.9902034664657121,0.9340894500320993,0.0561140164336128,0.07081382288145523
0.9466666666666667,0.9902034664657121,0.9343034453242028,0.05590002114150927,0.07081382288145523
0.9468333333333333,0.9902034664657121,0.9345174406163065,0.05568602584940563,0.07081382288145523
0.947,0.9902034664657121,0.93473143590841,0.0554720305573021,0.07081382288145523
0.9471666666666667,0.9902034664657121,0.9349454312005135,0.05525803526519857,0.07081382288145523
0.9473333333333334,0.9902034664657121,0.9351594264926172,0.05504403997309493,0.07081382288145523
0.9475,0.9902034664657121,0.9353734217847207,0.0548300446809914,0.07081382288145523
0.9476666666666667,0.9902034664657121,0.9355874170768244,0.054616049388887755,0.07081382288145523
0.9478333333333333,0.9902034664657121,0.9358014123689279,0.054402054096784225,0.07081382288145523
0.948,0.9902034664657121,0.9360154076610314,0.054188058804680694,0.07081382288145523
0.9481666666666667,0.9902034664657121,0.9362294029531351,0.05397406351257705,0.07081382288145523
0.9483333333333334,0.9902034664657121,0.9364433982452386,0.05376006822047352,0.07081382288145523
0.9485,0.9902034664657121,0.9366573935373422,0.05354607292836988,0.07081382288145523
0.9486666666666667,0.9902034664657121,0.9368713888294458,0.05333207763626635,0.07081382288145523
0.9488333333333333,0.9902034664657121,0.9370853841215493,0.05311808234416282,0.07081382288145523
0.949,0.9902034664657121,0.9372993794136529,0.05290408705205918,0.07081382288145523
0.9491666666666667,0.9902034664657121,0.9375133747057565,0.05269009175995565,0.07081382288145523
0.9493333333333334,0.9902034664657121,0.93772736999786,0.05247609646785212,0.07081382288145523
0.9495,0.9902034664657121,0.9379413652899636,0.05226210117574848,0.07081382288145523
0.9496666666666667,0.9902034664657121,0.9381553605820672,0.052048105883644946,0.07081382288145523
0.9498333333333333,0.9902034664657121,0.9383693558741708,0.051834110591541305,0.07081382288145523
0.95,0.9902034664657121,0.9385833511662743,0.051620115299437774,0.07081382288145523
0.9501666666666667,0.9902034664657121,0.9387973464583779,0.051406120007334244,0.07081382288145523
0.9503333333333334,0.9902034664657121,0.9390113417504815,0.0511921247152306,0.07081382288145523
0.9505,0.9902034664657121,0.939225337042585,0.05097812942312707,0.07081382288145523
0.9506666666666667,0.9902034664657121,0.9394393323346887,0.05076413413102343,0.07081382288145523
0.9508333333333333,0.9902034664657121,0.9396533276267922,0.0505501388389199,0.07081382288145523
0.951,0.9902034664657121,0.9398673229188957,0.05033614354681637,0.07081382288145523
0.9511666666666667,0.9902034664657121,0.9400813182109994,0.05012214825471273,0.07081382288145523
0.9513333333333334,0.9902034664657121,0.9402953135031029,0.0499081529626092,0.07081382288145523
0.9515,0.9902034664657121,0.9405093087952066,0.04969415767050556,0.07081382288145523
0.9516666666666667,0.9902034664657121,0.9407233040873101,0.049480162378402026,0.07081382288145523
0.9518333333333333,0.9902034664657121,0.9409372993794136,0.049266167086298496,0.07081382288145523
0.952,0.9902034664657121,0.9411512946715173,0.049052171794194854,0.07081382288145523
0.9521666666666667,0.9902034664657121,0.9413652899636208,0.048838176502091324,0.07081382288145523
0.9523333333333334,0.9902034664657121,0.9415792852557243,0.048624181209987793,0.07081382288145523
0.9525,0.9902034664657121,0.941793280547828,0.04841018591788415,0.07081382288145523
0.9526666666666667,0.9902034664657121,0.9420072758399315,0.04819619062578062,0.07081382288145523
0.9528333333333333,0.9902034664657121,0.9422212711320351,0.04798219533367698,0.07081382288145523
0.953,0.9909570459683497,0.9422212711320351,0.04873577483631453,0.07081382288145523
0.9531666666666667,0.9909570459683497,0.9424352664241387,0.048521779544211,0.07081382288145523
0.9533333333333334,0.9909570459683497,0.9426492617162422,0.048307784252107466,0.07081382288145523
0.9535,0.9909570459683497,0.9428632570083458,0.048093788960003825,0.07081382288145523
0.9536666666666667,0.9909570459683497,0.9430772523004494,0.047879793667900294,0.07081382288145523
0.9538333333333333,0.9909570459683497,0.943291247592553,0.04766579837579665,0.07081382288145523
0.954,0.9909570459683497,0.9435052428846565,0.04745180308369312,0.07081382288145523
0.9541666666666667,0.9909570459683497,0.9437192381767601,0.04723780779158959,0.07081382288145523
0.9543333333333334,0.9917106254709872,0.9437192381767601,0.04799138729422714,0.07038528709411837
0.9545,0.9917106254709872,0.9439332334688637,0.0477773920021235,0.07021255525387608
0.9546666666666667,0.9917106254709872,0.9441472287609672,0.04756339671001997,0.07021255525387608
0.9548333333333333,0.9917106254709872,0.9443612240530709,0.047349401417916326,0.07021255525387608
0.955,0.9917106254709872,0.9445752193451744,0.047135406125812795,0.07014695601121694
0.9551666666666667,0.9917106254709872,0.9447892146372779,0.046921410833709265,0.07014695601121694
0.9553333333333334,0.9917106254709872,0.9450032099293816,0.046707415541605624,0.07014695601121694
0.9555,0.9917106254709872,0.9452172052214851,0.04649342024950209,0.07014695601121694
0.9556666666666667,0.9917106254709872,0.9454312005135888,0.04627942495739845,0.07014695601121694
0.9558333333333333,0.9917106254709872,0.9456451958056923,0.04606542966529492,0.07014695601121694
0.956,0.9917106254709872,0.9458591910977958,0.04585143437319139,0.07014695601121694
0.9561666666666667,0.9924642049736248,0.9458591910977958,0.04660501387582894,0.07014695601121694
0.9563333333333334,0.9924642049736248,0.9460731863898995,0.046391018583725296,0.07014695601121694
0.9565,0.9924642049736248,0.946287181682003,0.046177023291621766,0.07014695601121694
0.9566666666666667,0.9924642049736248,0.9465011769741065,0.045963027999518236,0.07014695601121694
0.9568333333333333,0.9924642049736248,0.9467151722662102,0.045749032707414594,0.07014695601121694
0.957,0.9924642049736248,0.9469291675583137,0.045535037415311064,0.07014695601121694
0.9571666666666667,0.9932177844762623,0.9469291675583137,0.04628861691794861,0.07014114150602162
0.9573333333333334,0.9939713639788997,0.9469291675583137,0.04704219642058605,0.0692302364075651
0.9575,0.9939713639788997,0.9471431628504173,0.046828201128482405,0.06918313569056161
0.9576666666666667,0.9939713639788997,0.9473571581425209,0.046614205836378875,0.06918313569056161
0.9578333333333333,0.9939713639788997,0.9475711534346244,0.046400210544275344,0.06918313569056161
0.958,0.9939713639788997,0.947785148726728,0.0461862152521717,0.06918313569056161
0.9581666666666667,0.9939713639788997,0.9479991440188316,0.04597221996006817,0.06918313569056161
0.9583333333333334,0.9939713639788997,0.9482131393109352,0.04575822466796453,0.06918313569056161
0.9585,0.9939713639788997,0.9484271346030387,0.045544229375861,0.06918313569056161
0.9586666666666667,0.9939713639788997,0.9486411298951423,0.04533023408375747,0.06918313569056161
0.9588333333333333,0.9939713639788997,0.9488551251872459,0.04511623879165383,0.06918313569056161
0.959,0.9939713639788997,0.9490691204793494,0.0449022434995503,0.06918313569056161
0.9591666666666666,0.9939713639788997,0.9492831157714531,0.04468824820744666,0.06918313569056161
0.9593333333333334,0.9939713639788997,0.9494971110635566,0.044474252915343127,0.06918313569056161
0.9595,0.9939713639788997,0.9497111063556601,0.044260257623239596,0.06918313569056161
0.9596666666666667,0.9939713639788997,0.9499251016477638,0.044046262331135955,0.06918313569056161
0.9598333333333333,0.9939713639788997,0.9501390969398673,0.043832267039032424,0.06918313569056161
0.96,0.9939713639788997,0.9503530922319708,0.043618271746928894,0.06918313569056161
0.9601666666666666,0.9939713639788997,0.9505670875240745,0.04340427645482525,0.06918313569056161
0.9603333333333334,0.9939713639788997,0.950781082816178,0.04319028116272172,0.06918313569056161
0.9605,0.9947249434815373,0.950781082816178,0.04394386066535927,0.06918313569056161
0.9606666666666667,0.9947249434815373,0.9509950781082817,0.04372986537325563,0.06918313569056161
0.9608333333333333,0.9947249434815373,0.9512090734003852,0.0435158700811521,0.06910486922237388
0.961,0.9947249434815373,0.9514230686924887,0.04330187478904857,0.06910486922237388
0.9611666666666666,0.9947249434815373,0.9516370639845924,0.043087879496944925,0.06910486922237388
0.9613333333333334,0.9947249434815373,0.9518510592766959,0.042873884204841395,0.06910486922237388
0.9615,0.9947249434815373,0.9520650545687995,0.04265988891273775,0.06910486922237388
0.9616666666666667,0.9947249434815373,0.9522790498609031,0.04244589362063422,0.06910486922237388
0.9618333333333333,0.9947249434815373,0.9524930451530066,0.04223189832853069,0.06910486922237388
0.962,0.9947249434815373,0.9527070404451102,0.04201790303642705,0.06910486922237388
0.9621666666666666,0.9947249434815373,0.9529210357372138,0.04180390774432352,0.06910486922237388
0.9623333333333334,0.9947249434815373,0.9531350310293174,0.04158991245221988,0.06910486922237388
0.9625,0.9947249434815373,0.9533490263214209,0.04137591716011635,0.06910486922237388
0.9626666666666667,0.9947249434815373,0.9535630216135245,0.04116192186801282,0.06910486922237388
0.9628333333333333,0.9947249434815373,0.9537770169056281,0.04094792657590918,0.06910486922237388
0.963,0.9947249434815373,0.9539910121977316,0.04073393128380565,0.06910486922237388
0.9631666666666666,0.9947249434815373,0.9542050074898353,0.040519935991702005,0.06910486922237388
0.9633333333333334,0.9947249434815373,0.9544190027819388,0.040305940699598475,0.06910486922237388
0.9635,0.9947249434815373,0.9546329980740423,0.040091945407494944,0.06910486922237388
0.9636666666666667,0.9947249434815373,0.954846993366146,0.0398779501153913,0.06910486922237388
0.9638333333333333,0.9947249434815373,0.9550609886582495,0.03966395482328777,0.06910486922237388
0.964,0.9947249434815373,0.955274983950353,0.03944995953118424,0.06910486922237388
0.9641666666666666,0.9954785229841748,0.955274983950353,0.04020353903382179,0.06910486922237388
0.9643333333333334,0.9954785229841748,0.9554889792424567,0.03998954374171815,0.06910486922237388
0.9645,0.9954785229841748,0.9557029745345602,0.03977554844961462,0.06910486922237388
0.9646666666666667,0.9954785229841748,0.9559169698266639,0.039561553157510976,0.06910486922237388
0.9648333333333333,0.9954785229841748,0.9561309651187674,0.039347557865407445,0.06910486922237388
0.965,0.9954785229841748,0.9563449604108709,0.039133562573303915,0.06910486922237388
0.9651666666666666,0.9954785229841748,0.9565589557029746,0.038919567281200274,0.06910486922237388
0.9653333333333334,0.9962321024868124,0.9565589557029746,0.03967314678383782,0.06910486922237388
0.9655,0.9962321024868124,0.9567729509950781,0.03945915149173429,0.06910486922237388
0.9656666666666667,0.9962321024868124,0.9569869462871817,0.03924515619963065,0.06910486922237388
0.9658333333333333,0.9962321024868124,0.9572009415792853,0.03903116090752712,0.06910486922237388
0.966,0.9962321024868124,0.9574149368713888,0.03881716561542359,0.06907033397158639
0.9661666666666666,0.9962321024868124,0.9576289321634924,0.038603170323319946,0.0688814627519444
0.9663333333333334,0.9962321024868124,0.957842927455596,0.038389175031216416,0.06874011905120643
0.9665,0.9962321024868124,0.9580569227476996,0.038175179739112775,0.06874011905120643
0.9666666666666667,0.9962321024868124,0.9582709180398031,0.037961184447009244,0.06874011905120643
0.9668333333333333,0.9962321024868124,0.9584849133319067,0.037747189154905714,0.06874011905120643
0.967,0.9962321024868124,0.9586989086240103,0.03753319386280207,0.06695269970639743
0.9671666666666666,0.9962321024868124,0.9589129039161138,0.03731919857069854,0.06695269970639743
0.9673333333333334,0.9962321024868124,0.9591268992082174,0.03710520327859501,0.06695269970639743
0.9675,0.9962321024868124,0.959340894500321,0.03689120798649137,0.06695269970639743
0.9676666666666667,0.9962321024868124,0.9595548897924245,0.03667721269438784,0.06695269970639743
0.9678333333333333,0.9962321024868124,0.9597688850845282,0.0364632174022842,0.06695269970639743
0.968,0.9962321024868124,0.9599828803766317,0.03624922211018067,0.06695269970639743
0.9681666666666666,0.9962321024868124,0.9601968756687352,0.03603522681807714,0.06695269970639743
0.9683333333333334,0.9962321024868124,0.9604108709608389,0.035821231525973496,0.06695269970639743
0.9685,0.9969856819894499,0.9604108709608389,0.03657481102861104,0.06695269970639743
0.9686666666666667,0.9969856819894499,0.9606248662529424,0.03636081573650751,0.06695269970639743
0.9688333333333333,0.9969856819894499,0.960838861545046,0.03614682044440387,0.06695269970639743
0.969,0.9969856819894499,0.9610528568371496,0.03593282515230034,0.06695269970639743
0.9691666666666666,0.9969856819894499,0.9612668521292531,0.03571882986019681,0.06695269970639743
0.9693333333333334,0.9969856819894499,0.9614808474213568,0.03550483456809317,0.06695269970639743
0.9695,0.9969856819894499,0.9616948427134603,0.03529083927598964,0.06695269970639743
0.9696666666666667,0.9969856819894499,0.9619088380055639,0.035076843983886,0.06695269970639743
0.9698333333333333,0.9969856819894499,0.9621228332976675,0.034862848691782466,0.06695269970639743
0.97,0.9969856819894499,0.962336828589771,0.034648853399678936,0.06695269970639743
0.9701666666666666,0.9969856819894499,0.9625508238818746,0.034434858107575295,0.06695269970639743
0.9703333333333334,0.9969856819894499,0.9627648191739782,0.034220862815471764,0.06695269970639743
0.9705,0.9969856819894499,0.9629788144660818,0.03400686752336812,0.06695269970639743
0.9706666666666667,0.9977392614920875,0.9629788144660818,0.03476044702600567,0.06695269970639743
0.9708333333333333,0.9977392614920875,0.9631928097581853,0.03454645173390214,0.06695269970639743
0.971,0.9977392614920875,0.9634068050502889,0.03433245644179861,0.06695269970639743
0.9711666666666666,0.9977392614920875,0.9636208003423925,0.03411846114969497,0.06695269970639743
0.9713333333333334,0.9977392614920875,0.963834795634496,0.03390446585759144,0.06695269970639743
0.9715,0.9977392614920875,0.9640487909265996,0.03369047056548791,0.06695269970639743
0.9716666666666667,0.9977392614920875,0.9642627862187032,0.033476475273384265,0.06695269970639743
0.9718333333333333,0.9977392614920875,0.9644767815108067,0.033262479981280735,0.06695269970639743
0.972,0.9977392614920875,0.9646907768029104,0.03304848468917709,0.06695269970639743
0.9721666666666666,0.9977392614920875,0.9649047720950139,0.03283448939707356,0.06695269970639743
0.9723333333333334,0.9977392614920875,0.9651187673871174,0.03262049410497003,0.06695269970639743
0.9725,0.9977392614920875,0.9653327626792211,0.03240649881286639,0.06695269970639743
0.9726666666666667,0.9977392614920875,0.9655467579713246,0.03219250352076286,0.06695269970639743
0.9728333333333333,0.9977392614920875,0.9657607532634283,0.03197850822865922,0.06695269970639743
0.973,0.9977392614920875,0.9659747485555318,0.03176451293655569,0.06695269970639743
0.9731666666666666,0.9977392614920875,0.9661887438476353,0.03155051764445216,0.06695269970639743
0.9733333333333334,0.9977392614920875,0.966402739139739,0.03133652235234852,0.06695269970639743
0.9735,0.9977392614920875,0.9666167344318425,0.031122527060244987,0.06695269970639743
0.9736666666666667,0.9977392614920875,0.9668307297239461,0.030908531768141345,0.06695269970639743
0.9738333333333333,0.9977392614920875,0.9670447250160497,0.030694536476037815,0.06695269970639743
0.974,0.9977392614920875,0.9672587203081532,0.030480541183934284,0.06695269970639743
0.9741666666666666,0.9977392614920875,0.9674727156002568,0.030266545891830643,0.06695269970639743
0.9743333333333334,0.9977392614920875,0.9676867108923604,0.030052550599727113,0.06695269970639743
0.9745,0.9977392614920875,0.9679007061844639,0.029838555307623582,0.06695269970639743
0.9746666666666667,0.9977392614920875,0.9681147014765675,0.02962456001551994,0.06695269970639743
0.9748333333333333,0.9977392614920875,0.9683286967686711,0.02941056472341641,0.06695269970639743
0.975,0.9977392614920875,0.9685426920607747,0.02919656943131277,0.06695269970639743
0.9751666666666666,0.9977392614920875,0.9687566873528782,0.02898257413920924,0.06695269970639743
0.9753333333333334,0.9977392614920875,0.9689706826449818,0.028768578847105708,0.06695269970639743
0.9755,0.9977392614920875,0.9691846779370854,0.028554583555002067,0.06695269970639743
0.9756666666666667,0.9977392614920875,0.9693986732291889,0.028340588262898536,0.06695269970639743
0.9758333333333333,0.9977392614920875,0.9696126685212926,0.028126592970794895,0.06695269970639743
0.976,0.9977392614920875,0.9698266638133961,0.027912597678691364,0.06695269970639743
0.9761666666666666,0.9977392614920875,0.9700406591054996,0.027698602386587834,0.06695269970639743
0.9763333333333334,0.9977392614920875,0.9702546543976033,0.027484607094484192,0.06695269970639743
0.9765,0.9977392614920875,0.9704686496897068,0.027270611802380662,0.06695269970639743
0.9766666666666667,0.9977392614920875,0.9706826449818104,0.02705661651027702,0.06695269970639743
0.9768333333333333,0.9977392614920875,0.970896640273914,0.02684262121817349,0.06695269970639743
0.977,0.9977392614920875,0.9711106355660175,0.02662862592606996,0.06695269970639743
0.9771666666666666,0.9977392614920875,0.9713246308581212,0.02641463063396632,0.06695269970639743
0.9773333333333334,0.9977392614920875,0.9715386261502247,0.026200635341862788,0.06695269970639743
0.9775,0.9977392614920875,0.9717526214423283,0.025986640049759147,0.06695269970639743
0.9776666666666667,0.9977392614920875,0.9719666167344319,0.025772644757655616,0.06695269970639743
0.9778333333333333,0.9977392614920875,0.9721806120265354,0.025558649465552086,0.06695269970639743
0.978,0.9977392614920875,0.972394607318639,0.025344654173448444,0.06695269970639743
0.9781666666666666,0.9977392614920875,0.9726086026107426,0.025130658881344914,0.06695269970639743
0.9783333333333334,0.9977392614920875,0.9728225979028461,0.024916663589241383,0.06695269970639743
0.9785,0.9977392614920875,0.9730365931949497,0.024702668297137742,0.06695269970639743
0.9786666666666667,0.9984928409947249,0.9730365931949497,0.025456247799775178,0.06695269970639743
0.9788333333333333,0.9984928409947249,0.9732505884870533,0.025242252507671648,0.06695269970639743
0.979,0.9984928409947249,0.9734645837791569,0.025028257215568006,0.06695269970639743
0.9791666666666666,0.9984928409947249,0.9736785790712604,0.024814261923464476,0.06695269970639743
0.9793333333333333,0.9984928409947249,0.973892574363364,0.024600266631360945,0.06695269970639743
0.9795,0.9984928409947249,0.9741065696554676,0.024386271339257304,0.06695269970639743
0.9796666666666667,0.9984928409947249,0.9743205649475711,0.024172276047153773,0.06695269970639743
0.9798333333333333,0.9984928409947249,0.9745345602396748,0.023958280755050132,0.06695269970639743
0.98,0.9984928409947249,0.9747485555317783,0.0237442854629466,0.06695269970639743
0.9801666666666666,0.9984928409947249,0.9749625508238818,0.02353029017084307,0.06695269970639743
0.9803333333333333,0.9984928409947249,0.9751765461159855,0.02331629487873943,0.06695269970639743
0.9805,0.9984928409947249,0.975390541408089,0.0231022995866359,0.06695269970639743
0.9806666666666667,0.9984928409947249,0.9756045367001926,0.022888304294532258,0.06695269970639743
0.9808333333333333,0.9984928409947249,0.9758185319922962,0.022674309002428727,0.06695269970639743
0.981,0.9984928409947249,0.9760325272843997,0.022460313710325197,0.06695269970639743
0.9811666666666666,0.9984928409947249,0.9762465225765034,0.022246318418221556,0.06695269970639743
0.9813333333333333,0.9984928409947249,0.9764605178686069,0.022032323126118025,0.06695269970639743
0.9815,0.9984928409947249,0.9766745131607104,0.021818327834014495,0.06695269970639743
0.9816666666666667,0.9984928409947249,0.976888508452814,0.021604332541910853,0.06695269970639743
0.9818333333333333,0.9984928409947249,0.9771025037449176,0.021390337249807323,0.06695269970639743
0.982,0.9984928409947249,0.9773164990370212,0.02117634195770368,0.06695269970639743
0.9821666666666666,0.9984928409947249,0.9775304943291248,0.02096234666560015,0.06695269970639743
0.9823333333333333,0.9984928409947249,0.9777444896212283,0.02074835137349662,0.06695269970639743
0.9825,0.9984928409947249,0.9779584849133319,0.02053435608139298,0.06695269970639743
0.9826666666666667,0.9984928409947249,0.9781724802054355,0.02032036078928945,0.06695269970639743
0.9828333333333333,0.9984928409947249,0.9783864754975391,0.020106365497185807,0.06695269970639743
0.983,0.9984928409947249,0.9786004707896426,0.019892370205082277,0.06695269970639743
0.9831666666666666,0.9984928409947249,0.9788144660817462,0.019678374912978747,0.06695269970639743
0.9833333333333333,0.9984928409947249,0.9790284613738498,0.019464379620875105,0.06695269970639743
0.9835,0.9984928409947249,0.9792424566659533,0.019250384328771575,0.06695269970639743
0.9836666666666667,0.9984928409947249,0.979456451958057,0.019036389036667933,0.06695269970639743
0.9838333333333333,0.9984928409947249,0.9796704472501605,0.018822393744564403,0.06695269970639743
0.984,0.9984928409947249,0.979884442542264,0.018608398452460873,0.06695269970639743
0.9841666666666666,0.9984928409947249,0.9800984378343677,0.01839440316035723,0.06695269970639743
0.9843333333333333,0.9984928409947249,0.9803124331264712,0.0181804078682537,0.06695269970639743
0.9845,0.9984928409947249,0.9805264284185747,0.01796641257615017,0.06695269970639743
0.9846666666666667,0.9984928409947249,0.9807404237106784,0.01775241728404653,0.06695269970639743
0.9848333333333333,0.9984928409947249,0.9809544190027819,0.017538421991943,0.06695269970639743
0.985,0.9984928409947249,0.9811684142948855,0.017324426699839357,0.06695269970639743
0.9851666666666666,0.9984928409947249,0.9813824095869891,0.017110431407735827,0.06695269970639743
0.9853333333333333,0.9984928409947249,0.9815964048790926,0.016896436115632296,0.06695269970639743
0.9855,0.9984928409947249,0.9818104001711963,0.016682440823528655,0.06695269970639743
0.9856666666666667,0.9984928409947249,0.9820243954632998,0.016468445531425124,0.06695269970639743
0.9858333333333333,0.9984928409947249,0.9822383907554034,0.016254450239321483,0.06695269970639743
0.986,0.9984928409947249,0.982452386047507,0.016040454947217953,0.06695269970639743
0.9861666666666666,0.9984928409947249,0.9826663813396105,0.015826459655114422,0.06695269970639743
0.9863333333333333,0.9984928409947249,0.9828803766317141,0.01561246436301078,0.06695269970639743
0.9865,0.9984928409947249,0.9830943719238177,0.01539846907090725,0.06695269970639743
0.9866666666666667,0.9984928409947249,0.9833083672159213,0.015184473778803609,0.06695269970639743
0.9868333333333333,0.9984928409947249,0.9835223625080248,0.014970478486700078,0.06695269970639743
0.987,0.9984928409947249,0.9837363578001284,0.014756483194596548,0.06695269970639743
0.9871666666666666,0.9984928409947249,0.983950353092232,0.014542487902492907,0.06695269970639743
0.9873333333333333,0.9984928409947249,0.9841643483843355,0.014328492610389376,0.06695269970639743
0.9875,0.9984928409947249,0.9843783436764392,0.014114497318285735,0.06695269970639743
0.9876666666666667,0.9984928409947249,0.9845923389685427,0.013900502026182204,0.06695269970639743
0.9878333333333333,0.9984928409947249,0.9848063342606462,0.013686506734078674,0.06695269970639743
0.988,0.9984928409947249,0.9850203295527499,0.013472511441975032,0.06695269970639743
0.9881666666666666,0.9984928409947249,0.9852343248448534,0.013258516149871502,0.06695269970639743
0.9883333333333333,0.9984928409947249,0.9854483201369569,0.013044520857767972,0.06695269970639743
0.9885,0.9984928409947249,0.9856623154290606,0.01283052556566433,0.06695269970639743
0.9886666666666667,0.9984928409947249,0.9858763107211641,0.0126165302735608,0.06695269970639743
0.9888333333333333,0.9984928409947249,0.9860903060132677,0.012402534981457158,0.06695269970639743
0.989,0.9984928409947249,0.9863043013053713,0.012188539689353628,0.06695269970639743
0.9891666666666666,0.9984928409947249,0.9865182965974748,0.011974544397250098,0.06695269970639743
0.9893333333333333,0.9984928409947249,0.9867322918895785,0.011760549105146456,0.06695269970639743
0.9895,0.9984928409947249,0.986946287181682,0.011546553813042926,0.06695269970639743
0.9896666666666667,0.9984928409947249,0.9871602824737856,0.011332558520939284,0.06695269970639743
0.9898333333333333,0.9984928409947249,0.9873742777658892,0.011118563228835754,0.06695269970639743
0.99,0.9984928409947249,0.9875882730579927,0.010904567936732223,0.06695269970639743
0.9901666666666666,0.9984928409947249,0.9878022683500963,0.010690572644628582,0.06695269970639743
0.9903333333333333,0.9984928409947249,0.9880162636421999,0.010476577352525052,0.06695269970639743
0.9905,0.9984928409947249,0.9882302589343035,0.01026258206042141,0.06695269970639743
0.9906666666666667,0.9984928409947249,0.988444254226407,0.01004858676831788,0.06695269970639743
0.9908333333333333,0.9984928409947249,0.9886582495185106,0.00983459147621435,0.06695269970639743
0.991,0.9984928409947249,0.9888722448106142,0.009620596184110708,0.06695269970639743
0.9911666666666666,0.9984928409947249,0.9890862401027177,0.009406600892007178,0.06695269970639743
0.9913333333333333,0.9984928409947249,0.9893002353948213,0.009192605599903647,0.06695269970639743
0.9915,0.9984928409947249,0.9895142306869249,0.008978610307800006,0.06695269970639743
0.9916666666666667,0.9984928409947249,0.9897282259790284,0.008764615015696475,0.06695269970639743
0.9918333333333333,0.9984928409947249,0.9899422212711321,0.008550619723592834,0.06695269970639743
0.992,0.9984928409947249,0.9901562165632356,0.008336624431489303,0.06695269970639743
0.9921666666666666,0.9984928409947249,0.9903702118553391,0.008122629139385773,0.06695269970639743
0.9923333333333333,0.9984928409947249,0.9905842071474428,0.007908633847282132,0.06695269970639743
0.9925,0.9984928409947249,0.9907982024395463,0.007694638555178601,0.06695269970639743
0.9926666666666667,0.9984928409947249,0.99101219773165,0.00748064326307496,0.06695269970639743
0.9928333333333333,0.9984928409947249,0.9912261930237535,0.007266647970971429,0.06695269970639743
0.993,0.9984928409947249,0.991440188315857,0.007052652678867899,0.06695269970639743
0.9931666666666666,0.9984928409947249,0.9916541836079606,0.0068386573867642575,0.06695269970639743
0.9933333333333333,0.9984928409947249,0.9918681789000642,0.006624662094660727,0.06695269970639743
0.9935,0.9984928409947249,0.9920821741921678,0.006410666802557086,0.06695269970639743
0.9936666666666667,0.9984928409947249,0.9922961694842714,0.006196671510453555,0.06695269970639743
0.9938333333333333,0.9984928409947249,0.9925101647763749,0.005982676218350025,0.06695269970639743
0.994,0.9984928409947249,0.9927241600684785,0.005768680926246383,0.06695269970639743
0.9941666666666666,0.9984928409947249,0.992938155360582,0.005554685634142853,0.06695269970639743
0.9943333333333333,0.9984928409947249,0.9931521506526857,0.0053406903420392116,0.06695269970639743
0.9945,0.9984928409947249,0.9933661459447892,0.005126695049935681,0.06695269970639743
0.9946666666666667,0.9984928409947249,0.9935801412368928,0.004912699757832151,0.06695269970639743
0.9948333333333333,0.9984928409947249,0.9937941365289964,0.004698704465728509,0.06695269970639743
0.995,0.9984928409947249,0.9940081318210999,0.004484709173624979,0.06695269970639743
0.9951666666666666,0.9984928409947249,0.9942221271132035,0.0042707138815214485,0.06695269970639743
0.9953333333333333,0.9984928409947249,0.9944361224053071,0.004056718589417807,0.06695269970639743
0.9955,0.9984928409947249,0.9946501176974106,0.0038427232973142766,0.06695269970639743
0.9956666666666667,0.9984928409947249,0.9948641129895143,0.003628728005210635,0.06695269970639743
0.9958333333333333,0.9984928409947249,0.9950781082816178,0.003414732713107105,0.06695269970639743
0.996,0.9984928409947249,0.9952921035737213,0.0032007374210035744,0.06695269970639743
0.9961666666666666,0.9984928409947249,0.995506098865825,0.002986742128899933,0.06695269970639743
0.9963333333333333,0.9984928409947249,0.9957200941579285,0.0027727468367964025,0.06695269970639743
0.9965,0.9984928409947249,0.9959340894500321,0.002558751544692761,0.06695269970639743
0.9966666666666667,0.9984928409947249,0.9961480847421357,0.0023447562525892307,0.06695269970639743
0.9968333333333333,0.9984928409947249,0.9963620800342392,0.0021307609604857003,0.06695269970639743
0.997,0.9992464204973625,0.9963620800342392,0.002884340463123247,0.06695269970639743
0.9971666666666666,0.9992464204973625,0.9965760753263428,0.0026703451710196058,0.06695269970639743
0.9973333333333333,0.9992464204973625,0.9967900706184464,0.0024563498789160754,0.06695269970639743
0.9975,0.9992464204973625,0.99700406591055,0.002242354586812434,0.06695269970639743
0.9976666666666667,0.9992464204973625,0.9972180612026535,0.0020283592947089035,0.06695269970639743
0.9978333333333333,0.9992464204973625,0.9974320564947571,0.0018143640026053731,0.06695269970639743
0.998,0.9992464204973625,0.9976460517868607,0.0016003687105017317,0.06695269970639743
0.9981666666666666,0.9992464204973625,0.9978600470789643,0.0013863734183982013,0.06695269970639743
0.9983333333333333,0.9992464204973625,0.9980740423710678,0.0011723781262946709,0.06695269970639743
0.9985,0.9992464204973625,0.9982880376631714,0.0009583828341910294,0.06695269970639743
0.9986666666666667,0.9992464204973625,0.998502032955275,0.000744387542087499,0.06695269970639743
0.9988333333333334,0.9992464204973625,0.9987160282473786,0.0005303922499838576,0.06695269970639743
0.999,1.0,0.9987160282473786,0.0012839717526214045,0.06695269970639743
0.9991666666666666,1.0,0.9989300235394821,0.001069976460517874,0.06695269970639743
0.9993333333333333,1.0,0.9991440188315857,0.0008559811684143437,0.06695269970639743
0.9995,1.0,0.9993580141236893,0.0006419858763107023,0.06695269970639743
0.9996666666666667,1.0,0.9995720094157928,0.00042799058420717184,0.06695269970639743
0.9998333333333334,1.0,0.9997860047078965,0.0002139952921035304,0.06695269970639743
1.0,1.0,1.0,0.0,0.06695269970639743
