pct_pop,cum_bad,cum_good,ks,p
0.00016666666666666666,0.0007535795026375283,0.0,0.0007535795026375283,0.7286956649930307
0.0003333333333333333,0.0015071590052750565,0.0,0.0015071590052750565,0.727983657850781
0.0005,0.002260738507912585,0.0,0.002260738507912585,0.7264365257583238
0.0006666666666666666,0.002260738507912585,0.00021399529210357372,0.002046743215809011,0.7208370715849035
0.0008333333333333334,0.003014318010550113,0.00021399529210357372,0.0028003227184465393,0.7188414918277236
0.001,0.003014318010550113,0.00042799058420714745,0.0025863274263429655,0.7179243502656665
0.0011666666666666668,0.0037678975131876413,0.00042799058420714745,0.003339906928980494,0.714167536625969
0.0013333333333333333,0.0037678975131876413,0.0006419858763107211,0.0031259116368769204,0.7138209599931264
0.0015,0.00452147701582517,0.0006419858763107211,0.0038794911395144483,0.7128514507092533
0.0016666666666666668,0.0052750565184626974,0.0006419858763107211,0.004633070642151976,0.7086974209411518
0.0018333333333333333,0.0052750565184626974,0.0008559811684142949,0.004419075350048402,0.7086215935811374
0.002,0.006028636021100226,0.0008559811684142949,0.005172654852685931,0.7069970780788093
0.0021666666666666666,0.006782215523737754,0.0008559811684142949,0.005926234355323459,0.7041126737046419
0.0023333333333333335,0.007535795026375283,0.0008559811684142949,0.006679813857960988,0.7039755112103114
0.0025,0.008289374529012811,0.0008559811684142949,0.007433393360598516,0.7039644229114579
0.0026666666666666666,0.00904295403165034,0.0008559811684142949,0.008186972863236044,0.7031650559378386
0.0028333333333333335,0.009796533534287867,0.0008559811684142949,0.008940552365873572,0.702805679478224
0.003,0.010550113036925395,0.0008559811684142949,0.0096941318685111,0.7023179334889106
0.0031666666666666666,0.011303692539562924,0.0008559811684142949,0.01044771137114863,0.7019568271570679
0.0033333333333333335,0.012057272042200452,0.0008559811684142949,0.011201290873786157,0.7014214195323049
0.0035,0.01281085154483798,0.0008559811684142949,0.011954870376423685,0.7011291982236355
0.0036666666666666666,0.013564431047475508,0.0008559811684142949,0.012708449879061213,0.7008711853335877
0.003833333333333333,0.014318010550113038,0.0008559811684142949,0.013462029381698742,0.7005893071757006
0.004,0.014318010550113038,0.0010699764605178687,0.013248034089595169,0.6999935853402961
0.004166666666666667,0.015071590052750565,0.0010699764605178687,0.014001613592232696,0.6994757193181432
0.004333333333333333,0.015071590052750565,0.0012839717526214422,0.013787618300129123,0.6988750708051517
0.0045,0.015825169555388093,0.0012839717526214422,0.01454119780276665,0.6963757729765746
0.004666666666666667,0.016578749058025623,0.0012839717526214422,0.01529477730540418,0.6958230402307861
0.004833333333333334,0.01733232856066315,0.0012839717526214422,0.016048356808041706,0.6947935671282556
0.005,0.01808590806330068,0.0012839717526214422,0.016801936310679236,0.6946902150552979
0.005166666666666667,0.01808590806330068,0.001497967044725016,0.016587941018575664,0.6933559878382116
0.005333333333333333,0.018839487565938208,0.001497967044725016,0.017341520521213193,0.6927610695268871
0.0055,0.019593067068575734,0.001497967044725016,0.01809510002385072,0.6926253556849473
0.005666666666666667,0.020346646571213264,0.001497967044725016,0.01884867952648825,0.6914142855938238
0.005833333333333334,0.02110022607385079,0.001497967044725016,0.019602259029125775,0.6906948256199544
0.006,0.02110022607385079,0.0017119623368285898,0.0193882637370222,0.6906167470913921
0.006166666666666667,0.02185380557648832,0.0017119623368285898,0.02014184323965973,0.6889897988500053
0.006333333333333333,0.02260738507912585,0.0017119623368285898,0.02089542274229726,0.6887962066488645
0.0065,0.023360964581763375,0.0017119623368285898,0.021649002244934785,0.6883038964375975
0.006666666666666667,0.023360964581763375,0.0019259576289321636,0.021435006952831213,0.688021668268891
0.006833333333333334,0.024114544084400905,0.0019259576289321636,0.022188586455468742,0.6877816484362148
0.007,0.024114544084400905,0.0021399529210357373,0.021974591163365167,0.6877130674831876
0.007166666666666667,0.024114544084400905,0.002353948213139311,0.021760595871261595,0.6875757455982134
0.007333333333333333,0.024114544084400905,0.0025679435052428845,0.02154660057915802,0.6869385853833229
0.0075,0.024868123587038434,0.0025679435052428845,0.02230018008179555,0.686862661075275
0.007666666666666666,0.02562170308967596,0.0025679435052428845,0.023053759584433075,0.6865268348348752
0.007833333333333333,0.02637528259231349,0.0025679435052428845,0.023807339087070604,0.6862734249684985
0.008,0.027128862094951016,0.0025679435052428845,0.02456091858970813,0.6860442194394124
0.008166666666666666,0.027128862094951016,0.0027819387973464582,0.02434692329760456,0.685996810315405
0.008333333333333333,0.027128862094951016,0.002995934089450032,0.024132928005500983,0.6857193358030015
0.0085,0.027882441597588545,0.002995934089450032,0.024886507508138513,0.6855614228772375
0.008666666666666666,0.027882441597588545,0.003209929381553606,0.02467251221603494,0.6852553248134132
0.008833333333333334,0.028636021100226075,0.003209929381553606,0.02542609171867247,0.6849396212483119
0.009,0.0293896006028636,0.003209929381553606,0.026179671221309996,0.6847760387691535
0.009166666666666667,0.03014318010550113,0.003209929381553606,0.026933250723947526,0.6839963940111166
0.009333333333333334,0.03089675960813866,0.003209929381553606,0.027686830226585055,0.6825209697064083
0.0095,0.031650339110776186,0.003209929381553606,0.02844040972922258,0.6816738165741608
0.009666666666666667,0.03240391861341371,0.003209929381553606,0.029193989231860108,0.6803899880275882
0.009833333333333333,0.03240391861341371,0.0034239246736571796,0.028979993939756532,0.6799929332348765
0.01,0.033157498116051246,0.0034239246736571796,0.029733573442394065,0.6797348413325256
0.010166666666666666,0.03391107761868877,0.0034239246736571796,0.03048715294503159,0.678641796217384
0.010333333333333333,0.0346646571213263,0.0034239246736571796,0.031240732447669117,0.677786752939618
0.0105,0.03541823662396383,0.0034239246736571796,0.03199431195030665,0.6752872426767509
0.010666666666666666,0.03617181612660136,0.0034239246736571796,0.032747891452944176,0.6739282457076315
0.010833333333333334,0.03692539562923888,0.0034239246736571796,0.0335014709555817,0.6736025162415049
0.011,0.03692539562923888,0.0036379199657607534,0.03328747566347813,0.6728652610718202
0.011166666666666667,0.037678975131876416,0.0036379199657607534,0.034041055166115664,0.6727955281065147
0.011333333333333334,0.03843255463451394,0.0036379199657607534,0.03479463466875319,0.6727645341707931
0.0115,0.03918613413715147,0.0036379199657607534,0.035548214171390716,0.6722242477130289
0.011666666666666667,0.039939713639788994,0.0036379199657607534,0.03630179367402824,0.6716729965178675
0.011833333333333333,0.039939713639788994,0.003851915257864327,0.03608779838192467,0.6713912231661447
0.012,0.04069329314242653,0.003851915257864327,0.0368413778845622,0.6708428004640244
0.012166666666666666,0.04144687264506405,0.003851915257864327,0.03759495738719973,0.6704785624290028
0.012333333333333333,0.04220045214770158,0.003851915257864327,0.038348536889837255,0.6701276290573127
0.0125,0.04220045214770158,0.004065910549967901,0.038134541597733676,0.6698392785940862
0.012666666666666666,0.04220045214770158,0.004279905842071475,0.037920546305630104,0.6687497866375572
0.012833333333333334,0.04220045214770158,0.0044939011341750485,0.03770655101352653,0.6685532949426176
0.013,0.04295403165033911,0.0044939011341750485,0.038460130516164065,0.6684022189963903
0.013166666666666667,0.04370761115297664,0.0044939011341750485,0.03921371001880159,0.6683081124409475
0.013333333333333334,0.044461190655614165,0.0044939011341750485,0.03996728952143912,0.6681374769582479
0.0135,0.0452147701582517,0.0044939011341750485,0.04072086902407665,0.6676105286839377
0.013666666666666667,0.0452147701582517,0.004707896426278622,0.04050687373197308,0.6676103067176707
0.013833333333333333,0.0452147701582517,0.004921891718382195,0.040292878439869506,0.6669588986674467
0.014,0.0452147701582517,0.005135887010485769,0.04007888314776593,0.6668615162857732
0.014166666666666666,0.045968349660889224,0.005135887010485769,0.04083246265040345,0.6668044897678908
0.014333333333333333,0.045968349660889224,0.005349882302589343,0.04061846735829988,0.6661684475690214
0.0145,0.045968349660889224,0.0055638775946929165,0.04040447206619631,0.6652554372625972
0.014666666666666666,0.04672192916352675,0.0055638775946929165,0.041158051568833835,0.6650858787671974
0.014833333333333334,0.04672192916352675,0.00577787288679649,0.040944056276730256,0.6644978592227936
0.015,0.04672192916352675,0.005991868178900064,0.040730060984626684,0.6641107196675707
0.015166666666666667,0.04747550866616428,0.005991868178900064,0.04148364048726422,0.6637914247176435
0.015333333333333332,0.04822908816880181,0.005991868178900064,0.04223721998990174,0.6637265921102057
0.0155,0.048982667671439335,0.005991868178900064,0.04299079949253927,0.6636610340809966
0.015666666666666666,0.04973624717407687,0.005991868178900064,0.0437443789951768,0.6633791917284977
0.015833333333333335,0.050489826676714394,0.005991868178900064,0.04449795849781433,0.6631482991359892
0.016,0.05124340617935192,0.005991868178900064,0.045251538000451855,0.662877231045274
0.016166666666666666,0.05199698568198945,0.005991868178900064,0.04600511750308938,0.6627575581222915
0.01633333333333333,0.05199698568198945,0.006205863471003638,0.04579112221098581,0.6617387201446632
0.0165,0.05275056518462698,0.006205863471003638,0.04654470171362334,0.6609726506036946
0.016666666666666666,0.053504144687264506,0.006205863471003638,0.04729828121626087,0.660510301375585
0.016833333333333332,0.05425772418990203,0.006205863471003638,0.048051860718898394,0.6599967415696565
0.017,0.055011303692539565,0.006205863471003638,0.04880544022153593,0.6596390510421647
0.017166666666666667,0.055011303692539565,0.006419858763107212,0.048591444929432355,0.6588807813600009
0.017333333333333333,0.05576488319517709,0.006419858763107212,0.04934502443206988,0.658841218631869
0.0175,0.05651846269781462,0.006419858763107212,0.05009860393470741,0.6583146306445694
0.017666666666666667,0.05727204220045215,0.006419858763107212,0.05085218343734494,0.6581066219756401
0.017833333333333333,0.058025621703089676,0.006419858763107212,0.051605762939982466,0.6576467436920905
0.018,0.0587792012057272,0.006419858763107212,0.05235934244261999,0.6570025538537715
0.018166666666666668,0.059532780708364735,0.006419858763107212,0.053112921945257525,0.656921063557794
0.018333333333333333,0.06028636021100226,0.006419858763107212,0.05386650144789505,0.6562533585926723
0.0185,0.06103993971363979,0.006419858763107212,0.05462008095053258,0.6552711297800455
0.018666666666666668,0.06103993971363979,0.006633854055210785,0.054406085658429,0.6552057024814041
0.018833333333333334,0.06179351921627732,0.006633854055210785,0.05515966516106653,0.6548825223766768
0.019,0.06254709871891484,0.006633854055210785,0.05591324466370405,0.654575592026941
0.019166666666666665,0.06254709871891484,0.006847849347314359,0.05569924937160048,0.6544427867725658
0.019333333333333334,0.06330067822155237,0.006847849347314359,0.05645282887423801,0.654412213028354
0.0195,0.0640542577241899,0.006847849347314359,0.057206408376875545,0.6543599933483087
0.019666666666666666,0.0640542577241899,0.007061844639417933,0.05699241308477197,0.6543548525297843
0.019833333333333335,0.06480783722682742,0.007061844639417933,0.05774599258740949,0.654217585724837
0.02,0.06480783722682742,0.007275839931521507,0.05753199729530592,0.653946541239664
0.020166666666666666,0.06556141672946496,0.007275839931521507,0.05828557679794345,0.653229415246574
0.02033333333333333,0.06631499623210249,0.007275839931521507,0.059039156300580986,0.6529593719134098
0.0205,0.06706857573474001,0.007275839931521507,0.059792735803218505,0.6527744187601107
0.020666666666666667,0.06782215523737754,0.007275839931521507,0.06054631530585604,0.6527204739982363
0.020833333333333332,0.06857573474001508,0.007275839931521507,0.06129989480849357,0.6525288639608091
0.021,0.0693293142426526,0.007275839931521507,0.06205347431113109,0.6519939651631392
0.021166666666666667,0.0693293142426526,0.0074898352236250805,0.06183947901902752,0.6515411480001582
0.021333333333333333,0.07008289374529013,0.0074898352236250805,0.06259305852166505,0.6508684925427917
0.0215,0.07083647324792766,0.0074898352236250805,0.06334663802430258,0.6506540129693531
0.021666666666666667,0.07159005275056518,0.0074898352236250805,0.0641002175269401,0.6506447108066109
0.021833333333333333,0.07234363225320271,0.0074898352236250805,0.06485379702957764,0.6505950226482735
0.022,0.07309721175584025,0.0074898352236250805,0.06560737653221517,0.6504432716950256
0.022166666666666668,0.07385079125847777,0.0074898352236250805,0.06636095603485269,0.6499243021158071
0.022333333333333334,0.0746043707611153,0.0074898352236250805,0.06711453553749022,0.6493767374563292
0.0225,0.0746043707611153,0.007703830515728654,0.06690054024538665,0.6489161905569718
0.02266666666666667,0.07535795026375283,0.007703830515728654,0.06765411974802418,0.6488593772033097
0.022833333333333334,0.07611152976639035,0.007703830515728654,0.0684076992506617,0.6487406703932357
0.023,0.07686510926902788,0.007703830515728654,0.06916127875329924,0.6480468081870855
0.023166666666666665,0.07761868877166542,0.007703830515728654,0.06991485825593677,0.6476595770767456
0.023333333333333334,0.07837226827430294,0.007703830515728654,0.07066843775857429,0.6474798754920259
0.0235,0.07912584777694047,0.007703830515728654,0.07142201726121182,0.6474575984129869
0.023666666666666666,0.07987942727957799,0.007703830515728654,0.07217559676384934,0.6473177150958318
0.023833333333333335,0.08063300678221552,0.007703830515728654,0.07292917626648687,0.6472871928997945
0.024,0.08063300678221552,0.007917825807832228,0.07271518097438329,0.647062149194188
0.024166666666666666,0.08138658628485305,0.007917825807832228,0.07346876047702083,0.6463676961043643
0.024333333333333332,0.08214016578749057,0.007917825807832228,0.07422233997965835,0.6463634386272192
0.0245,0.08214016578749057,0.008131821099935802,0.07400834468755477,0.645871761214168
0.024666666666666667,0.08214016578749057,0.008345816392039376,0.0737943493954512,0.6452102348405686
0.024833333333333332,0.08214016578749057,0.00855981168414295,0.07358035410334762,0.6451203048273606
0.025,0.0828937452901281,0.00855981168414295,0.07433393360598516,0.6449197497961063
0.025166666666666667,0.08364732479276564,0.00855981168414295,0.07508751310862269,0.6448870299249166
0.025333333333333333,0.08440090429540316,0.00855981168414295,0.07584109261126021,0.6448741250157529
0.0255,0.08515448379804069,0.00855981168414295,0.07659467211389774,0.6447723474241416
0.025666666666666667,0.08590806330067823,0.00855981168414295,0.07734825161653527,0.6447052358827037
0.025833333333333333,0.08666164280331574,0.00855981168414295,0.0781018311191728,0.6445359098297702
0.026,0.08741522230595328,0.00855981168414295,0.07885541062181033,0.6442840976836365
0.026166666666666668,0.08816880180859081,0.00855981168414295,0.07960899012444786,0.6442522913162835
0.026333333333333334,0.08892238131122833,0.00855981168414295,0.08036256962708538,0.6441551928664706
0.0265,0.08967596081386586,0.00855981168414295,0.08111614912972291,0.6438787628809095
0.02666666666666667,0.0904295403165034,0.00855981168414295,0.08186972863236044,0.6438424267570446
0.026833333333333334,0.09118311981914091,0.00855981168414295,0.08262330813499796,0.6436987518280352
0.027,0.09193669932177845,0.00855981168414295,0.0833768876376355,0.6436717343503028
0.027166666666666665,0.09269027882441598,0.00855981168414295,0.08413046714027303,0.6425214016719171
0.027333333333333334,0.0934438583270535,0.00855981168414295,0.08488404664291055,0.6424926806864494
0.0275,0.0934438583270535,0.008773806976246523,0.08467005135080698,0.6411704166477079
0.027666666666666666,0.09419743782969103,0.008773806976246523,0.08542363085344451,0.6410609088837113
0.027833333333333335,0.09495101733232857,0.008773806976246523,0.08617721035608204,0.6408817793401346
0.028,0.09570459683496609,0.008773806976246523,0.08693078985871956,0.6407047625613788
0.028166666666666666,0.09570459683496609,0.008987802268350097,0.08671679456661599,0.6406889079189512
0.028333333333333332,0.09645817633760362,0.008987802268350097,0.08747037406925352,0.6405441786128413
0.0285,0.09645817633760362,0.00920179756045367,0.08725637877714995,0.6403166124755392
0.028666666666666667,0.09645817633760362,0.009415792852557245,0.08704238348504638,0.640186958654679
0.028833333333333332,0.09645817633760362,0.009629788144660818,0.08682838819294281,0.6400368523903346
0.029,0.09721175584024115,0.009629788144660818,0.08758196769558033,0.6397222752576132
0.029166666666666667,0.09796533534287867,0.009629788144660818,0.08833554719821785,0.6391490000170145
0.029333333333333333,0.09796533534287867,0.00984378343676439,0.08812155190611429,0.6388572247098123
0.0295,0.0987189148455162,0.00984378343676439,0.0888751314087518,0.6388481872619487
0.029666666666666668,0.09947249434815374,0.00984378343676439,0.08962871091138935,0.6387747265558306
0.029833333333333333,0.10022607385079126,0.00984378343676439,0.09038229041402687,0.6386297982702039
0.03,0.10022607385079126,0.010057778728867964,0.09016829512192329,0.638575663077722
0.030166666666666668,0.10022607385079126,0.010271774020971538,0.08995429982981971,0.6384725313812519
0.030333333333333334,0.10097965335342879,0.010271774020971538,0.09070787933245725,0.6373244242734243
0.0305,0.10173323285606632,0.010271774020971538,0.09146145883509478,0.6371735328729045
0.030666666666666665,0.10173323285606632,0.010485769313075112,0.09124746354299121,0.6370540227788098
0.030833333333333334,0.10248681235870384,0.010485769313075112,0.09200104304562873,0.6370387963932285
0.031,0.10248681235870384,0.010699764605178685,0.09178704775352516,0.6366885704248877
0.031166666666666665,0.10248681235870384,0.01091375989728226,0.09157305246142158,0.6365034260129832
0.03133333333333333,0.10248681235870384,0.011127755189385833,0.09135905716931801,0.6362010365111158
0.0315,0.10324039186134137,0.011127755189385833,0.09211263667195554,0.6361553261979199
0.03166666666666667,0.1039939713639789,0.011127755189385833,0.09286621617459306,0.636012924180348
0.03183333333333333,0.10474755086661643,0.011127755189385833,0.0936197956772306,0.6352131736176199
0.032,0.10474755086661643,0.011341750481489407,0.09340580038512702,0.6348321531006578
0.03216666666666667,0.10550113036925396,0.011341750481489407,0.09415937988776456,0.6347985284938458
0.03233333333333333,0.10550113036925396,0.01155574577359298,0.09394538459566099,0.6344942618733559
0.0325,0.10625470987189148,0.01155574577359298,0.0946989640982985,0.6343530364184027
0.03266666666666666,0.10625470987189148,0.011769741065696554,0.09448496880619492,0.6340979256458387
0.03283333333333333,0.10700828937452901,0.011769741065696554,0.09523854830883245,0.6340695859819692
0.033,0.10700828937452901,0.011983736357800128,0.09502455301672888,0.6339622668762556
0.033166666666666664,0.10776186887716654,0.011983736357800128,0.09577813251936641,0.6336225810224568
0.03333333333333333,0.10851544837980406,0.011983736357800128,0.09653171202200393,0.6335963772816602
0.0335,0.1092690278824416,0.011983736357800128,0.09728529152464147,0.6334294156980353
0.033666666666666664,0.11002260738507913,0.011983736357800128,0.098038871027279,0.6333037922304959
0.03383333333333333,0.11077618688771665,0.011983736357800128,0.09879245052991652,0.6330887007919376
0.034,0.11077618688771665,0.012197731649903702,0.09857845523781295,0.6330300579607717
0.034166666666666665,0.11152976639035418,0.012197731649903702,0.09933203474045048,0.6329738509800172
0.034333333333333334,0.11228334589299171,0.012197731649903702,0.10008561424308801,0.632735928698358
0.0345,0.11303692539562923,0.012197731649903702,0.10083919374572553,0.6325768987512853
0.034666666666666665,0.11379050489826677,0.012197731649903702,0.10159277324836306,0.6322521073480255
0.034833333333333334,0.11379050489826677,0.012411726942007276,0.10137877795625949,0.6316200999644488
0.035,0.1145440844009043,0.012411726942007276,0.10213235745889702,0.6314308556980237
0.035166666666666666,0.11529766390354182,0.012411726942007276,0.10288593696153454,0.631421248937471
0.035333333333333335,0.11605124340617935,0.012411726942007276,0.10363951646417208,0.6313967715817457
0.0355,0.11680482290881689,0.012411726942007276,0.10439309596680961,0.6313671459022892
0.035666666666666666,0.11680482290881689,0.01262572223411085,0.10417910067470604,0.6311962451940002
0.035833333333333335,0.1175584024114544,0.01262572223411085,0.10493268017734356,0.630988338898177
0.036,0.11831198191409194,0.01262572223411085,0.10568625967998109,0.63092518714961
0.036166666666666666,0.11906556141672947,0.01262572223411085,0.10643983918261862,0.6308894643353555
0.036333333333333336,0.11981914091936699,0.01262572223411085,0.10719341868525614,0.6306815589840781
0.0365,0.12057272042200452,0.01262572223411085,0.10794699818789368,0.630631735755126
0.03666666666666667,0.12132629992464206,0.01262572223411085,0.10870057769053121,0.6305714375259085
0.036833333333333336,0.12207987942727958,0.01262572223411085,0.10945415719316873,0.6304940013351026
0.037,0.12283345892991711,0.01262572223411085,0.11020773669580626,0.6304713974533747
0.03716666666666667,0.12358703843255464,0.01262572223411085,0.1109613161984438,0.6303954883385907
0.037333333333333336,0.12358703843255464,0.012839717526214423,0.11074732090634022,0.6303031049241802
0.0375,0.12434061793519216,0.012839717526214423,0.11150090040897774,0.6302604916732925
0.03766666666666667,0.12509419743782968,0.012839717526214423,0.11225447991161526,0.63021904545279
0.03783333333333333,0.12584777694046723,0.012839717526214423,0.1130080594142528,0.6300309044094153
0.038,0.12584777694046723,0.013053712818317997,0.11279406412214923,0.6297541668486715
0.03816666666666667,0.12660135644310475,0.013053712818317997,0.11354764362478675,0.6297273511742536
0.03833333333333333,0.12660135644310475,0.01326770811042157,0.11333364833268317,0.6296996575940681
0.0385,0.12735493594574226,0.01326770811042157,0.11408722783532069,0.6295441068467071
0.03866666666666667,0.1281085154483798,0.01326770811042157,0.11484080733795823,0.6294487279241912
0.03883333333333333,0.12886209495101733,0.01326770811042157,0.11559438684059575,0.629376194689391
0.039,0.12961567445365485,0.01326770811042157,0.11634796634323327,0.6284744737830652
0.03916666666666667,0.1303692539562924,0.01326770811042157,0.11710154584587082,0.6284548564653258
0.03933333333333333,0.13112283345892992,0.01326770811042157,0.11785512534850834,0.6282598160059837
0.0395,0.13187641296156744,0.01326770811042157,0.11860870485114586,0.6281435296326554
0.03966666666666667,0.13262999246420498,0.01326770811042157,0.1193622843537834,0.6277165626137242
0.03983333333333333,0.1333835719668425,0.01326770811042157,0.12011586385642092,0.6272744275325292
0.04,0.13413715146948002,0.01326770811042157,0.12086944335905844,0.6272150569286866
0.04016666666666667,0.13489073097211757,0.01326770811042157,0.12162302286169599,0.6271972158954607
0.04033333333333333,0.1356443104747551,0.01326770811042157,0.12237660236433351,0.6271804483627009
0.0405,0.1363978899773926,0.01326770811042157,0.12313018186697103,0.6267271887928644
0.04066666666666666,0.1363978899773926,0.013481703402525145,0.12291618657486746,0.6264351707326672
0.04083333333333333,0.13715146948003015,0.013481703402525145,0.123669766077505,0.6259802300712676
0.041,0.13715146948003015,0.013695698694628718,0.12345577078540143,0.6259515621937799
0.041166666666666664,0.13790504898266767,0.013695698694628718,0.12420935028803895,0.6256525461099309
0.04133333333333333,0.1386586284853052,0.013695698694628718,0.12496292979067647,0.6252131238907472
0.0415,0.13941220798794274,0.013695698694628718,0.12571650929331402,0.6251542722839473
0.041666666666666664,0.14016578749058026,0.013695698694628718,0.12647008879595154,0.6250631545653973
0.041833333333333333,0.14091936699321778,0.013695698694628718,0.12722366829858905,0.6250456636022764
0.042,0.14167294649585532,0.013695698694628718,0.1279772478012266,0.6249649658321009
0.042166666666666665,0.14242652599849284,0.013695698694628718,0.12873082730386412,0.6246614310240245
0.042333333333333334,0.14318010550113036,0.013695698694628718,0.12948440680650164,0.6243631328093385
0.0425,0.14318010550113036,0.013909693986732292,0.12927041151439808,0.624161461259058
0.042666666666666665,0.1439336850037679,0.013909693986732292,0.13002399101703563,0.623924400906186
0.042833333333333334,0.14468726450640543,0.013909693986732292,0.13077757051967315,0.6234981323404366
0.043,0.14544084400904295,0.013909693986732292,0.13153115002231067,0.62342561007263
0.043166666666666666,0.1461944235116805,0.013909693986732292,0.1322847295249482,0.6233693567533882
0.043333333333333335,0.146948003014318,0.013909693986732292,0.13303830902758573,0.6230711723923069
0.0435,0.146948003014318,0.014123689278835866,0.13282431373548215,0.6229195744634052
0.043666666666666666,0.146948003014318,0.01433768457093944,0.13261031844337856,0.6226940966687408
0.043833333333333335,0.14770158251695553,0.01433768457093944,0.13336389794601608,0.6225772140042443
0.044,0.14845516201959308,0.01433768457093944,0.13411747744865363,0.6225765759111741
0.04416666666666667,0.14845516201959308,0.014551679863043013,0.13390348215655007,0.6225566512271749
0.044333333333333336,0.1492087415222306,0.014551679863043013,0.1346570616591876,0.6223937380818586
0.0445,0.14996232102486812,0.014551679863043013,0.1354106411618251,0.6218227580501273
0.04466666666666667,0.14996232102486812,0.014765675155146587,0.13519664586972152,0.6218018997266801
0.044833333333333336,0.14996232102486812,0.014979670447250161,0.13498265057761796,0.6213217507633149
0.045,0.14996232102486812,0.015193665739353735,0.13476865528551438,0.6206598648377983
0.04516666666666667,0.14996232102486812,0.015407661031457309,0.13455465999341082,0.620607296839612
0.04533333333333334,0.15071590052750566,0.015407661031457309,0.13530823949604837,0.6205083179589859
0.0455,0.15146948003014318,0.015407661031457309,0.13606181899868589,0.620406940685852
0.04566666666666667,0.1522230595327807,0.015407661031457309,0.1368153985013234,0.6200775378210047
0.04583333333333333,0.15297663903541825,0.015407661031457309,0.13756897800396095,0.6199075136682095
0.046,0.15373021853805577,0.015407661031457309,0.13832255750659847,0.6198958028903985
0.04616666666666667,0.15373021853805577,0.015621656323560882,0.13810856221449488,0.6197389277421729
0.04633333333333333,0.1544837980406933,0.015621656323560882,0.1388621417171324,0.6192976074784562
0.0465,0.15523737754333083,0.015621656323560882,0.13961572121976995,0.6192759820944487
0.04666666666666667,0.15523737754333083,0.015835651615664456,0.13940172592766636,0.619137698313357
0.04683333333333333,0.15523737754333083,0.016049646907768028,0.1391877306355628,0.6184803114667233
0.047,0.15523737754333083,0.016263642199871604,0.13897373534345922,0.6179202840000275
0.04716666666666667,0.15599095704596835,0.016263642199871604,0.13972731484609674,0.6172732741318994
0.04733333333333333,0.15674453654860587,0.016263642199871604,0.14048089434873426,0.6172544034279779
0.0475,0.15749811605124342,0.016263642199871604,0.1412344738513718,0.6169766840913914
0.04766666666666667,0.15825169555388094,0.016263642199871604,0.14198805335400932,0.616949083959052
0.04783333333333333,0.15825169555388094,0.016477637491975176,0.14177405806190577,0.6169172458692203
0.048,0.15825169555388094,0.01669163278407875,0.14156006276980218,0.6169139764154388
0.04816666666666667,0.15900527505651846,0.01669163278407875,0.1423136422724397,0.6167241555536365
0.04833333333333333,0.15975885455915598,0.01669163278407875,0.14306722177507722,0.616458938021594
0.0485,0.15975885455915598,0.016905628076182323,0.14285322648297366,0.6162077514552997
0.048666666666666664,0.15975885455915598,0.0171196233682859,0.14263923119087007,0.6162041260410032
0.04883333333333333,0.15975885455915598,0.01733361866038947,0.14242523589876652,0.6158443123980362
0.049,0.16051243406179352,0.01733361866038947,0.14317881540140406,0.6144163475289899
0.049166666666666664,0.16126601356443104,0.01733361866038947,0.14393239490404158,0.6131925055372544
0.04933333333333333,0.16201959306706856,0.01733361866038947,0.1446859744066791,0.6123913237285261
0.0495,0.1627731725697061,0.01733361866038947,0.14543955390931665,0.6121796849736205
0.049666666666666665,0.1627731725697061,0.017547613952493046,0.14522555861721306,0.6118237255984303
0.049833333333333334,0.16352675207234363,0.017547613952493046,0.14597913811985058,0.6116425999406404
0.05,0.16428033157498115,0.017547613952493046,0.1467327176224881,0.6112194072091922
0.050166666666666665,0.16428033157498115,0.01776160924459662,0.14651872233038454,0.611157133923089
0.050333333333333334,0.1650339110776187,0.01776160924459662,0.1472723018330221,0.6107861359009827
0.0505,0.1650339110776187,0.017975604536700194,0.1470583065409185,0.6106945764685505
0.050666666666666665,0.1650339110776187,0.018189599828803766,0.14684431124881492,0.6106492107175561
0.050833333333333335,0.1650339110776187,0.01840359512090734,0.14663031595671136,0.6105866736062104
0.051,0.1650339110776187,0.018617590413010913,0.14641632066460777,0.6104385217784198
0.051166666666666666,0.1657874905802562,0.018617590413010913,0.1471699001672453,0.6103100608887453
0.051333333333333335,0.1657874905802562,0.01883158570511449,0.14695590487514174,0.610093106446674
0.0515,0.16654107008289373,0.01883158570511449,0.14770948437777925,0.6095837512553619
0.051666666666666666,0.16729464958553128,0.01883158570511449,0.1484630638804168,0.609480463515372
0.051833333333333335,0.1680482290881688,0.01883158570511449,0.14921664338305432,0.6093064289259085
0.052,0.1680482290881688,0.01904558099721806,0.14900264809095073,0.6087319028621804
0.05216666666666667,0.1680482290881688,0.019259576289321637,0.14878865279884718,0.6084874347745172
0.052333333333333336,0.1680482290881688,0.01947357158142521,0.1485746575067436,0.6084867495491602
0.0525,0.1680482290881688,0.01968756687352878,0.14836066221464,0.6081247266101969
0.05266666666666667,0.16880180859080632,0.01968756687352878,0.14911424171727755,0.6081187710447479
0.052833333333333336,0.16955538809344387,0.01968756687352878,0.1498678212199151,0.6077815332581511
0.053,0.16955538809344387,0.019901562165632356,0.1496538259278115,0.607299195373821
0.05316666666666667,0.17030896759608138,0.019901562165632356,0.15040740543044903,0.6069925750300236
0.05333333333333334,0.17030896759608138,0.020115557457735928,0.15019341013834545,0.6067978523562083
0.0535,0.1710625470987189,0.020115557457735928,0.15094698964098296,0.6067035263627654
0.05366666666666667,0.17181612660135645,0.020115557457735928,0.1517005691436205,0.6065001369028895
0.05383333333333333,0.17256970610399397,0.020115557457735928,0.15245414864625803,0.6061130575385232
0.054,0.1733232856066315,0.020115557457735928,0.15320772814889555,0.6060324667013697
0.05416666666666667,0.17407686510926904,0.020115557457735928,0.1539613076515331,0.6055201444735822
0.05433333333333333,0.17483044461190655,0.020115557457735928,0.15471488715417062,0.6049232825436893
0.0545,0.17483044461190655,0.020329552749839504,0.15450089186206706,0.6048773754247889
0.05466666666666667,0.17558402411454407,0.020329552749839504,0.15525447136470458,0.6047139400119467
0.05483333333333333,0.17633760361718162,0.020329552749839504,0.15600805086734212,0.6045443521495393
0.055,0.17633760361718162,0.020543548041943076,0.15579405557523854,0.6043292541132828
0.05516666666666667,0.17633760361718162,0.02075754333404665,0.15558006028313498,0.6042023150345855
0.05533333333333333,0.17709118311981914,0.02075754333404665,0.1563336397857725,0.6040896064584252
0.0555,0.17709118311981914,0.020971538626150223,0.1561196444936689,0.6036292412535649
0.05566666666666667,0.17784476262245666,0.020971538626150223,0.15687322399630643,0.6025830106878687
0.05583333333333333,0.17784476262245666,0.0211855339182538,0.15665922870420285,0.6025369424293813
0.056,0.17784476262245666,0.02139952921035737,0.1564452334120993,0.602081080838914
0.05616666666666666,0.1785983421250942,0.02139952921035737,0.15719881291473684,0.6015316575192595
0.05633333333333333,0.17935192162773173,0.02139952921035737,0.15795239241737435,0.6011192180778251
0.0565,0.18010550113036924,0.02139952921035737,0.15870597192001187,0.6006830837657232
0.056666666666666664,0.18010550113036924,0.021613524502460946,0.1584919766279083,0.6004985682854592
0.05683333333333333,0.18010550113036924,0.02182751979456452,0.15827798133580473,0.6004002132209649
0.057,0.18010550113036924,0.022041515086668094,0.15806398604370114,0.6002322694201522
0.057166666666666664,0.18010550113036924,0.022255510378771666,0.15784999075159759,0.5994070623159716
0.05733333333333333,0.1808590806330068,0.022255510378771666,0.15860357025423513,0.5986783082016611
0.0575,0.1816126601356443,0.022255510378771666,0.15935714975687265,0.5984556343437725
0.057666666666666665,0.1816126601356443,0.02246950567087524,0.15914315446476907,0.5984188847293684
0.057833333333333334,0.18236623963828183,0.02246950567087524,0.15989673396740658,0.5981880042636646
0.058,0.18311981914091938,0.02246950567087524,0.16065031347004413,0.5980669182835643
0.058166666666666665,0.1838733986435569,0.02246950567087524,0.16140389297268165,0.5979331659803556
0.058333333333333334,0.18462697814619441,0.02246950567087524,0.16215747247531917,0.5972825404614642
0.0585,0.18538055764883196,0.02246950567087524,0.16291105197795672,0.596357479419006
0.058666666666666666,0.18613413715146948,0.02246950567087524,0.16366463148059424,0.5959619883550219
0.058833333333333335,0.18613413715146948,0.022683500962978814,0.16345063618849068,0.5958899696737083
0.059,0.186887716654107,0.022683500962978814,0.1642042156911282,0.5958261144921712
0.059166666666666666,0.18764129615674455,0.022683500962978814,0.16495779519376574,0.5955955160610287
0.059333333333333335,0.18839487565938207,0.022683500962978814,0.16571137469640326,0.5955739718076625
0.0595,0.18914845516201959,0.022683500962978814,0.16646495419904078,0.5951056531448011
0.059666666666666666,0.18990203466465713,0.022683500962978814,0.16721853370167833,0.595033760656123
0.059833333333333336,0.19065561416729465,0.022683500962978814,0.16797211320431585,0.5947171426648592
0.06,0.19140919366993217,0.022683500962978814,0.16872569270695337,0.5946875597839574
0.06016666666666667,0.19216277317256972,0.022683500962978814,0.16947927220959091,0.594598532399075
0.060333333333333336,0.19291635267520724,0.022683500962978814,0.17023285171222843,0.594541306451356
0.0605,0.19366993217784476,0.022683500962978814,0.17098643121486595,0.5944295204427634
0.06066666666666667,0.19366993217784476,0.02289749625508239,0.17077243592276237,0.5941938252241002
0.060833333333333336,0.1944235116804823,0.02289749625508239,0.1715260154253999,0.5937606522984666
0.061,0.19517709118311982,0.02289749625508239,0.17227959492803743,0.5935908546858772
0.06116666666666667,0.19593067068575734,0.02289749625508239,0.17303317443067495,0.593212847212826
0.06133333333333333,0.19593067068575734,0.02311149154718596,0.17281917913857137,0.5930980269387239
0.0615,0.1966842501883949,0.02311149154718596,0.1735727586412089,0.5929323196654384
0.06166666666666667,0.1966842501883949,0.023325486839289537,0.17335876334910535,0.5928669013385612
0.06183333333333333,0.1974378296910324,0.023325486839289537,0.17411234285174287,0.5926152365215751
0.062,0.1974378296910324,0.02353948213139311,0.1738983475596393,0.5924309551141551
0.06216666666666667,0.19819140919366993,0.02353948213139311,0.1746519270622768,0.5923346165792869
0.06233333333333333,0.19894498869630747,0.02353948213139311,0.17540550656491435,0.591853767707269
0.0625,0.19894498869630747,0.023753477423496684,0.1751915112728108,0.591787321729975
0.06266666666666666,0.199698568198945,0.023753477423496684,0.17594509077544832,0.5911301057649251
0.06283333333333334,0.199698568198945,0.023967472715600256,0.17573109548334473,0.5900821645528014
0.063,0.199698568198945,0.02418146800770383,0.17551710019124117,0.5897713777924911
0.06316666666666666,0.199698568198945,0.024395463299807404,0.17530310489913759,0.5892351258747468
0.06333333333333334,0.199698568198945,0.02460945859191098,0.175089109607034,0.5892235765555831
0.0635,0.199698568198945,0.02482345388401455,0.17487511431493044,0.5891709690064394
0.06366666666666666,0.2004521477015825,0.02482345388401455,0.17562869381756796,0.588703318516614
0.06383333333333334,0.2004521477015825,0.025037449176118127,0.17541469852546437,0.5883877254516002
0.064,0.20120572720422006,0.025037449176118127,0.17616827802810192,0.587672749282081
0.06416666666666666,0.20195930670685758,0.025037449176118127,0.17692185753073944,0.5876598170525558
0.06433333333333334,0.2027128862094951,0.025037449176118127,0.17767543703337696,0.5875644205880195
0.0645,0.2027128862094951,0.0252514444682217,0.1774614417412734,0.587337069793402
0.06466666666666666,0.2027128862094951,0.025465439760325274,0.17724744644916982,0.5871655956106687
0.06483333333333334,0.20346646571213264,0.025465439760325274,0.17800102595180736,0.5869254180266913
0.065,0.20422004521477016,0.025465439760325274,0.17875460545444488,0.5869133226121899
0.06516666666666666,0.20422004521477016,0.025679435052428846,0.17854061016234132,0.5868426706015529
0.06533333333333333,0.20422004521477016,0.025893430344532422,0.17832661487023774,0.5866166580113993
0.0655,0.20422004521477016,0.026107425636635994,0.17811261957813418,0.5861794776110607
0.06566666666666666,0.20422004521477016,0.026321420928739566,0.1778986242860306,0.5860298320880829
0.06583333333333333,0.20497362471740768,0.026321420928739566,0.1786522037886681,0.5858734670938712
0.066,0.2057272042200452,0.026321420928739566,0.17940578329130563,0.5855240762663275
0.06616666666666667,0.2057272042200452,0.02653541622084314,0.17919178799920205,0.5854956842805897
0.06633333333333333,0.20648078372268275,0.02653541622084314,0.1799453675018396,0.5839838330326348
0.0665,0.20648078372268275,0.026749411512946714,0.17973137220973603,0.5838293214204996
0.06666666666666667,0.20648078372268275,0.02696340680505029,0.17951737691763245,0.5836305641248548
0.06683333333333333,0.20723436322532027,0.02696340680505029,0.18027095642026997,0.5833676084572741
0.067,0.20723436322532027,0.02717740209715386,0.1800569611281664,0.5832678559062362
0.06716666666666667,0.2079879427279578,0.02717740209715386,0.18081054063080393,0.5818123711725826
0.06733333333333333,0.20874152223059533,0.02717740209715386,0.18156412013344148,0.581551855618201
0.0675,0.20874152223059533,0.027391397389257437,0.1813501248413379,0.5811553132430509
0.06766666666666667,0.20949510173323285,0.027391397389257437,0.1821037043439754,0.5808841395308811
0.06783333333333333,0.20949510173323285,0.02760539268136101,0.18188970905187185,0.5806259067469832
0.068,0.21024868123587037,0.02760539268136101,0.18264328855450937,0.5805385849596394
0.06816666666666667,0.21024868123587037,0.027819387973464584,0.18242929326240578,0.5799080052852545
0.06833333333333333,0.21024868123587037,0.028033383265568156,0.18221529797030223,0.579854028579703
0.0685,0.21100226073850792,0.028033383265568156,0.18296887747293977,0.5797563936011955
0.06866666666666667,0.21175584024114544,0.028033383265568156,0.1837224569755773,0.5792910540547271
0.06883333333333333,0.21175584024114544,0.028247378557671732,0.1835084616834737,0.57842664170817
0.069,0.21250941974378296,0.028247378557671732,0.18426204118611123,0.577630821723506
0.06916666666666667,0.21250941974378296,0.028461373849775304,0.18404804589400764,0.5769086517654005
0.06933333333333333,0.2132629992464205,0.028461373849775304,0.18480162539664519,0.5768839569024274
0.0695,0.2132629992464205,0.02867536914187888,0.18458763010454163,0.5768237375281627
0.06966666666666667,0.21401657874905802,0.02867536914187888,0.18534120960717915,0.5765288638044666
0.06983333333333333,0.21401657874905802,0.02888936443398245,0.18512721431507556,0.5760592033793125
0.07,0.21401657874905802,0.029103359726086027,0.184913219022972,0.5755241420939594
0.07016666666666667,0.21477015825169554,0.029103359726086027,0.18566679852560952,0.5742225312200718
0.07033333333333333,0.2155237377543331,0.029103359726086027,0.18642037802824707,0.5734218706887844
0.0705,0.2155237377543331,0.0293173550181896,0.18620638273614348,0.5734185639189009
0.07066666666666667,0.2162773172569706,0.0293173550181896,0.186959962238781,0.5732534364191456
0.07083333333333333,0.2162773172569706,0.029531350310293174,0.18674596694667744,0.5729136522417554
0.071,0.2162773172569706,0.029745345602396746,0.18653197165457386,0.5725969746161886
0.07116666666666667,0.2162773172569706,0.029959340894500322,0.18631797636247027,0.5725216448003436
0.07133333333333333,0.21703089675960813,0.029959340894500322,0.18707155586510782,0.5723989838947732
0.0715,0.21778447626224567,0.029959340894500322,0.18782513536774537,0.571883007461262
0.07166666666666667,0.2185380557648832,0.029959340894500322,0.18857871487038286,0.5707424265129305
0.07183333333333333,0.2192916352675207,0.029959340894500322,0.1893322943730204,0.5699967295777999
0.072,0.2192916352675207,0.030173336186603894,0.18911829908091682,0.5698879408226246
0.07216666666666667,0.2192916352675207,0.03038733147870747,0.18890430378881323,0.5692306868938825
0.07233333333333333,0.22004521477015826,0.03038733147870747,0.18965788329145078,0.5684848574873961
0.0725,0.22079879427279578,0.03038733147870747,0.1904114627940883,0.5684118643441928
0.07266666666666667,0.22079879427279578,0.03060132677081104,0.19019746750198474,0.5675176142210047
0.07283333333333333,0.2215523737754333,0.03060132677081104,0.19095104700462226,0.5672012732256453
0.073,0.22230595327807084,0.03060132677081104,0.1917046265072598,0.5669678470152006
0.07316666666666667,0.22230595327807084,0.030815322062914617,0.19149063121515622,0.5664036724139728
0.07333333333333333,0.22230595327807084,0.03102931735501819,0.19127663592305266,0.5660855332795571
0.0735,0.22230595327807084,0.031243312647121765,0.19106264063094908,0.5657498788693656
0.07366666666666667,0.22230595327807084,0.03145730793922534,0.1908486453388455,0.5657440953579642
0.07383333333333333,0.22305953278070836,0.03145730793922534,0.19160222484148304,0.565724736771158
0.074,0.22381311228334588,0.03145730793922534,0.19235580434412053,0.5654179371501072
0.07416666666666667,0.22381311228334588,0.03167130323132891,0.19214180905201697,0.5652503106066821
0.07433333333333333,0.22456669178598343,0.03167130323132891,0.19289538855465452,0.5650194317677267
0.0745,0.22532027128862095,0.03167130323132891,0.19364896805729204,0.5642564631399547
0.07466666666666667,0.22532027128862095,0.031885298523432484,0.19343497276518845,0.5641626688097221
0.07483333333333334,0.22532027128862095,0.032099293815536056,0.1932209774730849,0.5640920598134936
0.075,0.22607385079125847,0.032099293815536056,0.1939745569757224,0.5640325683535715
0.07516666666666667,0.22607385079125847,0.032313289107639635,0.19376056168361883,0.5627683376868171
0.07533333333333334,0.22682743029389602,0.032313289107639635,0.19451414118625637,0.5625997588189491
0.0755,0.22682743029389602,0.03252728439974321,0.19430014589415281,0.5625664516343547
0.07566666666666666,0.22758100979653353,0.03252728439974321,0.19505372539679033,0.5622399877036757
0.07583333333333334,0.22833458929917105,0.03252728439974321,0.19580730489942785,0.5616108692524849
0.076,0.22833458929917105,0.03274127969184678,0.19559330960732427,0.5612775050270981
0.07616666666666666,0.2290881688018086,0.03274127969184678,0.19634688910996181,0.5612121668177923
0.07633333333333334,0.2290881688018086,0.03295527498395035,0.19613289381785826,0.5610094540449009
0.0765,0.22984174830444612,0.03295527498395035,0.19688647332049578,0.5606143168824611
0.07666666666666666,0.23059532780708364,0.03295527498395035,0.1976400528231333,0.5603810004232407
0.07683333333333334,0.23134890730972119,0.03295527498395035,0.19839363232577084,0.5602649603414898
0.077,0.23134890730972119,0.033169270276053923,0.19817963703366726,0.5602527966428871
0.07716666666666666,0.2321024868123587,0.033169270276053923,0.19893321653630477,0.5600646600563076
0.07733333333333334,0.23285606631499622,0.033169270276053923,0.1996867960389423,0.559985512721006
0.0775,0.23285606631499622,0.0333832655681575,0.1994728007468387,0.5599693344269372
0.07766666666666666,0.23285606631499622,0.033597260860261074,0.19925880545473515,0.5595990935409167
0.07783333333333334,0.23360964581763377,0.033597260860261074,0.2000123849573727,0.5595031755115834
0.078,0.2343632253202713,0.033597260860261074,0.20076596446001022,0.559426535407423
0.07816666666666666,0.2351168048229088,0.033597260860261074,0.20151954396264773,0.5592474583928198
0.07833333333333334,0.2351168048229088,0.03381125615236465,0.20130554867054418,0.5592306380586113
0.0785,0.23587038432554636,0.03381125615236465,0.20205912817318172,0.5591049562907764
0.07866666666666666,0.23662396382818388,0.03381125615236465,0.20281270767581921,0.5589387851094
0.07883333333333334,0.2373775433308214,0.03381125615236465,0.20356628717845676,0.5587826144744227
0.079,0.2373775433308214,0.03402525144446822,0.20335229188635318,0.5581474046533743
0.07916666666666666,0.2373775433308214,0.0342392467365718,0.2031382965942496,0.5579898574334753
0.07933333333333334,0.23813112283345894,0.0342392467365718,0.20389187609688714,0.5571363356528748
0.0795,0.23813112283345894,0.03445324202867537,0.20367788080478358,0.557079635760366
0.07966666666666666,0.23888470233609646,0.03445324202867537,0.2044314603074211,0.5570694061565346
0.07983333333333334,0.23888470233609646,0.03466723732077894,0.2042174650153175,0.5570096016172751
0.08,0.23888470233609646,0.034881232612882514,0.20400346972321395,0.5569871402176575
0.08016666666666666,0.23963828183873398,0.034881232612882514,0.20475704922585147,0.5569419858537554
0.08033333333333334,0.24039186134137153,0.034881232612882514,0.20551062872848902,0.5567451945377113
0.0805,0.24114544084400905,0.034881232612882514,0.20626420823112654,0.5566073968258816
0.08066666666666666,0.24189902034664656,0.034881232612882514,0.20701778773376406,0.5565787685307301
0.08083333333333333,0.2426525998492841,0.034881232612882514,0.2077713672364016,0.5563075348824
0.081,0.2426525998492841,0.03509522790498609,0.20755737194429802,0.556135049991255
0.08116666666666666,0.24340617935192163,0.03509522790498609,0.20831095144693554,0.5559971232627192
0.08133333333333333,0.24340617935192163,0.035309223197089665,0.20809695615483198,0.5556814900374865
0.0815,0.24340617935192163,0.03552321848919324,0.2078829608627284,0.5553045459323535
0.08166666666666667,0.24415975885455915,0.03552321848919324,0.2086365403653659,0.554829396059307
0.08183333333333333,0.24415975885455915,0.03573721378129681,0.20842254507326236,0.5546803422533623
0.082,0.2449133383571967,0.03573721378129681,0.2091761245758999,0.5544812181595967
0.08216666666666667,0.24566691785983422,0.03573721378129681,0.2099297040785374,0.5540046211558343
0.08233333333333333,0.24642049736247174,0.03573721378129681,0.21068328358117494,0.553845618974746
0.0825,0.24642049736247174,0.03595120907340039,0.21046928828907135,0.5533391085818223
0.08266666666666667,0.24717407686510928,0.03595120907340039,0.2112228677917089,0.5532211668884104
0.08283333333333333,0.2479276563677468,0.03595120907340039,0.21197644729434642,0.5532206130981433
0.083,0.2479276563677468,0.03616520436550396,0.21176245200224283,0.5530866277520989
0.08316666666666667,0.2479276563677468,0.03637919965760753,0.21154845671013928,0.5521187357376657
0.08333333333333333,0.2479276563677468,0.036593194949711104,0.2113344614180357,0.5520520940894145
0.0835,0.2479276563677468,0.03680719024181468,0.2111204661259321,0.5520179914187312
0.08366666666666667,0.2479276563677468,0.037021185533918255,0.21090647083382855,0.551818443280574
0.08383333333333333,0.2479276563677468,0.03723518082602183,0.210692475541725,0.5516399714496297
0.084,0.24868123587038432,0.03723518082602183,0.21144605504436248,0.5514300535617298
0.08416666666666667,0.24868123587038432,0.0374491761181254,0.21123205975225892,0.5508980723745556
0.08433333333333333,0.24868123587038432,0.03766317141022898,0.21101806446015534,0.5505044058654595
0.0845,0.24868123587038432,0.03787716670233255,0.21080406916805178,0.5503032169080029
0.08466666666666667,0.24868123587038432,0.03809116199443612,0.2105900738759482,0.5500927119188884
0.08483333333333333,0.24868123587038432,0.038305157286539694,0.21037607858384463,0.5500282260789545
0.085,0.24943481537302187,0.038305157286539694,0.21112965808648218,0.5499980837895825
0.08516666666666667,0.24943481537302187,0.03851915257864327,0.2109156627943786,0.5492388979389254
0.08533333333333333,0.24943481537302187,0.038733147870746845,0.21070166750227504,0.5492016626768257
0.0855,0.25018839487565936,0.038733147870746845,0.21145524700491253,0.5491818343208228
0.08566666666666667,0.25018839487565936,0.03894714316285042,0.21124125171280894,0.5490285415098431
0.08583333333333333,0.25018839487565936,0.03916113845495399,0.21102725642070536,0.5486890783416937
0.086,0.25018839487565936,0.03937513374705756,0.2108132611286018,0.5479637518139556
0.08616666666666667,0.25018839487565936,0.03958912903916114,0.2105992658364982,0.547852974715361
0.08633333333333333,0.2509419743782969,0.03958912903916114,0.21135284533913576,0.5477487413205169
0.0865,0.2509419743782969,0.03980312433126471,0.2111388500470322,0.5473386650887129
0.08666666666666667,0.25169555388093445,0.03980312433126471,0.21189242954966975,0.5467906824516131
0.08683333333333333,0.25169555388093445,0.040017119623368284,0.21167843425756616,0.5465574303861496
0.087,0.25244913338357194,0.040017119623368284,0.21243201376020365,0.5460958321762737
0.08716666666666667,0.25244913338357194,0.040231114915471856,0.2122180184681001,0.5449453375480438
0.08733333333333333,0.25244913338357194,0.040445110207575435,0.2120040231759965,0.5447515529800421
0.0875,0.2532027128862095,0.040445110207575435,0.21275760267863406,0.5446893637940781
0.08766666666666667,0.25395629238884704,0.040445110207575435,0.2135111821812716,0.5446852268616118
0.08783333333333333,0.25470987189148453,0.040445110207575435,0.2142647616839091,0.5445634465903814
0.088,0.25470987189148453,0.04065910549967901,0.21405076639180554,0.5444178331894777
0.08816666666666667,0.25470987189148453,0.04087310079178258,0.21383677109970195,0.5443005580770326
0.08833333333333333,0.2554634513941221,0.04087310079178258,0.2145903506023395,0.5440396156250913
0.0885,0.2554634513941221,0.04108709608388615,0.2143763553102359,0.5434185889701719
0.08866666666666667,0.2554634513941221,0.04130109137598973,0.21416236001813235,0.5422943649167058
0.08883333333333333,0.2554634513941221,0.0415150866680933,0.21394836472602877,0.5419935575436682
0.089,0.2562170308967596,0.0415150866680933,0.2147019442286663,0.5417321028465825
0.08916666666666667,0.2562170308967596,0.041729081960196875,0.21448794893656276,0.5408849802064879
0.08933333333333333,0.2562170308967596,0.04194307725230045,0.21427395364445917,0.5404919760218209
0.0895,0.2569706103993971,0.04194307725230045,0.21502753314709666,0.5401669993838639
0.08966666666666667,0.25772418990203466,0.04194307725230045,0.2157811126497342,0.539265385729848
0.08983333333333333,0.25772418990203466,0.042157072544404026,0.21556711735763062,0.5391225044905721
0.09,0.25772418990203466,0.0423710678365076,0.21535312206552706,0.5388720665440621
0.09016666666666667,0.25772418990203466,0.04258506312861117,0.2151391267734235,0.5379364549459444
0.09033333333333333,0.25772418990203466,0.04279905842071474,0.21492513148131992,0.5377999226291378
0.0905,0.25772418990203466,0.04301305371281832,0.21471113618921633,0.5374919796884372
0.09066666666666667,0.25772418990203466,0.04322704900492189,0.21449714089711278,0.5374188057696042
0.09083333333333334,0.2584777694046722,0.04322704900492189,0.21525072039975032,0.5372440813779189
0.091,0.2592313489073097,0.04322704900492189,0.21600429990238781,0.5368591788351874
0.09116666666666666,0.25998492840994725,0.04322704900492189,0.21675787940502536,0.5366068290303599
0.09133333333333334,0.25998492840994725,0.043441044297025465,0.21654388411292178,0.5364792260192086
0.0915,0.25998492840994725,0.04365503958912904,0.21632988882081822,0.5357900317570221
0.09166666666666666,0.2607385079125848,0.04365503958912904,0.21708346832345576,0.5355112711957777
0.09183333333333334,0.2607385079125848,0.043869034881232616,0.21686947303135218,0.5353466801213131
0.092,0.2607385079125848,0.04408303017333619,0.2166554777392486,0.5352364521596805
0.09216666666666666,0.2607385079125848,0.04429702546543976,0.21644148244714503,0.535158400499793
0.09233333333333334,0.2607385079125848,0.04451102075754333,0.21622748715504148,0.5350308164542907
0.0925,0.2607385079125848,0.04472501604964691,0.2160134918629379,0.534845187703618
0.09266666666666666,0.2607385079125848,0.04493901134175048,0.2157994965708343,0.534739874519127
0.09283333333333334,0.2614920874152223,0.04493901134175048,0.2165530760734718,0.534650163484165
0.093,0.26224566691785983,0.04493901134175048,0.21730665557610934,0.5346419681709843
0.09316666666666666,0.26224566691785983,0.045153006633854055,0.21709266028400578,0.5343313230437586
0.09333333333333334,0.2629992464204974,0.045153006633854055,0.21784623978664333,0.5341974094652876
0.0935,0.2629992464204974,0.04536700192595763,0.21763224449453974,0.5339683009662545
0.09366666666666666,0.2629992464204974,0.045580997218061206,0.2174182492024362,0.5337216205889307
0.09383333333333334,0.2629992464204974,0.04579499251016478,0.2172042539103326,0.5334736152823307
0.094,0.26375282592313487,0.04579499251016478,0.2179578334129701,0.5329812091804299
0.09416666666666666,0.26375282592313487,0.04600898780226835,0.2177438381208665,0.5325632485869047
0.09433333333333334,0.26375282592313487,0.04622298309437192,0.21752984282876295,0.5325048647598389
0.0945,0.26375282592313487,0.046436978386475494,0.2173158475366594,0.5317120093488625
0.09466666666666666,0.26375282592313487,0.04665097367857907,0.2171018522445558,0.5315943913949314
0.09483333333333334,0.2645064054257724,0.04665097367857907,0.21785543174719335,0.5310582003505296
0.095,0.26525998492840996,0.04665097367857907,0.2186090112498309,0.5306281759268981
0.09516666666666666,0.26525998492840996,0.046864968970682645,0.2183950159577273,0.530453723115723
0.09533333333333334,0.26525998492840996,0.04707896426278622,0.21818102066562375,0.5300952266864943
0.0955,0.26601356443104746,0.04707896426278622,0.21893460016826125,0.5300924889909276
0.09566666666666666,0.266767143933685,0.04707896426278622,0.2196881796708988,0.5296319335745323
0.09583333333333334,0.26752072343632255,0.04707896426278622,0.22044175917353634,0.5295184391850275
0.096,0.26827430293896004,0.04707896426278622,0.22119533867617383,0.529395582150832
0.09616666666666666,0.26827430293896004,0.04729295955488979,0.22098134338407024,0.5292206106049451
0.09633333333333334,0.2690278824415976,0.04729295955488979,0.2217349228867078,0.5291709680638436
0.0965,0.2690278824415976,0.04750695484699337,0.22152092759460423,0.5287682063476241
0.09666666666666666,0.2690278824415976,0.04772095013909694,0.22130693230250065,0.5285778495333788
0.09683333333333333,0.26978146194423513,0.04772095013909694,0.2220605118051382,0.5279801465057468
0.097,0.2705350414468726,0.04772095013909694,0.22281409130777569,0.5279493822652276
0.09716666666666667,0.2712886209495102,0.04772095013909694,0.22356767081041323,0.5278134831547597
0.09733333333333333,0.2712886209495102,0.04793494543120051,0.22335367551830965,0.5271951253079288
0.0975,0.2712886209495102,0.048148940723304084,0.2231396802262061,0.527169060856402
0.09766666666666667,0.2720422004521477,0.048148940723304084,0.22389325972884364,0.5268799455795254
0.09783333333333333,0.2720422004521477,0.04836293601540766,0.22367926443674005,0.5266825349476458
0.098,0.2720422004521477,0.048576931307511236,0.2234652691446365,0.5261184069944331
0.09816666666666667,0.2727957799547852,0.048576931307511236,0.22421884864727398,0.5259745425840521
0.09833333333333333,0.27354935945742276,0.048576931307511236,0.22497242814991153,0.525663860729007
0.0985,0.2743029389600603,0.048576931307511236,0.22572600765254908,0.5256245663957575
0.09866666666666667,0.2743029389600603,0.04879092659961481,0.2255120123604455,0.5254424452778012
0.09883333333333333,0.2750565184626978,0.04879092659961481,0.22626559186308298,0.5253723492739424
0.099,0.27581009796533534,0.04879092659961481,0.22701917136572053,0.5251852392903361
0.09916666666666667,0.2765636774679729,0.04879092659961481,0.22777275086835808,0.5251213518710689
0.09933333333333333,0.2765636774679729,0.04900492189171838,0.22755875557625452,0.5248981920783853
0.0995,0.2773172569706104,0.04900492189171838,0.228312335078892,0.5248490561093955
0.09966666666666667,0.27807083647324793,0.04900492189171838,0.22906591458152956,0.5248386249374105
0.09983333333333333,0.2788244159758855,0.04900492189171838,0.2298194940841671,0.5247955728102675
0.1,0.2788244159758855,0.04921891718382196,0.22960549879206352,0.5247460483480205
0.10016666666666667,0.27957799547852297,0.04921891718382196,0.230359078294701,0.5246131712885129
0.10033333333333333,0.27957799547852297,0.04943291247592553,0.23014508300259745,0.5245844955342971
0.1005,0.2803315749811605,0.04943291247592553,0.230898662505235,0.5243877258920583
0.10066666666666667,0.28108515448379806,0.04943291247592553,0.23165224200787254,0.5242827234469569
0.10083333333333333,0.28183873398643555,0.04943291247592553,0.23240582151051004,0.5240921664395783
0.101,0.28183873398643555,0.0496469077680291,0.23219182621840645,0.5239294963621123
0.10116666666666667,0.28183873398643555,0.049860903060132675,0.23197783092630286,0.5236256388148507
0.10133333333333333,0.2825923134890731,0.049860903060132675,0.2327314104289404,0.5235358317116401
0.1015,0.28334589299171065,0.049860903060132675,0.23348498993157796,0.5230505431963018
0.10166666666666667,0.28334589299171065,0.050074898352236254,0.2332709946394744,0.5220903609514017
0.10183333333333333,0.28409947249434814,0.050074898352236254,0.2340245741421119,0.5218287636148007
0.102,0.2848530519969857,0.050074898352236254,0.23477815364474944,0.521221456112034
0.10216666666666667,0.2848530519969857,0.050288893644339826,0.23456415835264585,0.5204264829442136
0.10233333333333333,0.2848530519969857,0.0505028889364434,0.2343501630605423,0.5203010454593957
0.1025,0.28560663149962323,0.0505028889364434,0.23510374256317984,0.520238041294824
0.10266666666666667,0.2863602110022607,0.0505028889364434,0.23585732206581733,0.5201887143512037
0.10283333333333333,0.28711379050489827,0.0505028889364434,0.23661090156845488,0.5201229082249874
0.103,0.28711379050489827,0.05071688422854697,0.2363969062763513,0.5200075134512857
0.10316666666666667,0.28711379050489827,0.05093087952065055,0.2361829109842477,0.5188991903240953
0.10333333333333333,0.28711379050489827,0.05114487481275412,0.23596891569214415,0.5184487414748747
0.1035,0.2878673700075358,0.05114487481275412,0.2367224951947817,0.5183364488855239
0.10366666666666667,0.2886209495101733,0.05114487481275412,0.2374760746974192,0.5181827537369378
0.10383333333333333,0.28937452901281085,0.05114487481275412,0.23822965420005673,0.5176991970866675
0.104,0.2901281085154484,0.05114487481275412,0.23898323370269428,0.5176209209148858
0.10416666666666667,0.2901281085154484,0.05135887010485769,0.23876923841059072,0.5175494823116612
0.10433333333333333,0.2908816880180859,0.05135887010485769,0.23952281791322821,0.5173003439091526
0.1045,0.2908816880180859,0.051572865396961265,0.23930882262112463,0.5172259006648176
0.10466666666666667,0.29163526752072344,0.051572865396961265,0.24006240212376218,0.5172150210599978
0.10483333333333333,0.29163526752072344,0.051786860689064844,0.2398484068316586,0.5172001302410347
0.105,0.292388847023361,0.051786860689064844,0.24060198633429614,0.5169939590120713
0.10516666666666667,0.2931424265259985,0.051786860689064844,0.24135556583693363,0.5167036311016225
0.10533333333333333,0.2931424265259985,0.052000855981168416,0.24114157054483007,0.5161695931736744
0.1055,0.2931424265259985,0.05221485127327199,0.24092757525272648,0.5160808035072938
0.10566666666666667,0.293896006028636,0.05221485127327199,0.24168115475536403,0.5159741951985334
0.10583333333333333,0.2946495855312736,0.05221485127327199,0.24243473425800158,0.5157254125284652
0.106,0.29540316503391106,0.05221485127327199,0.24318831376063907,0.5151963987095061
0.10616666666666667,0.29540316503391106,0.05242884656537556,0.2429743184685355,0.5151828906978205
0.10633333333333334,0.2961567445365486,0.05242884656537556,0.24372789797117306,0.5150574898148005
0.1065,0.2961567445365486,0.05264284185747913,0.24351390267906947,0.5149207881543473
0.10666666666666667,0.29691032403918616,0.05264284185747913,0.24426748218170702,0.5146067089847223
0.10683333333333334,0.29691032403918616,0.05285683714958271,0.24405348688960343,0.5145130171479365
0.107,0.29766390354182365,0.05285683714958271,0.24480706639224092,0.5144969661315818
0.10716666666666666,0.29766390354182365,0.05307083244168628,0.24459307110013737,0.5138315876742969
0.10733333333333334,0.2984174830444612,0.05307083244168628,0.2453466506027749,0.5135556513369545
0.1075,0.2984174830444612,0.053284827733789855,0.24513265531067135,0.5130532902021343
0.10766666666666666,0.2984174830444612,0.05349882302589343,0.24491866001856777,0.5128006614710431
0.10783333333333334,0.2984174830444612,0.053712818317997006,0.24470466472646418,0.5125209045536168
0.108,0.29917106254709874,0.053712818317997006,0.24545824422910173,0.51247840505878
0.10816666666666666,0.29917106254709874,0.05392681361010058,0.24524424893699817,0.5123711328498559
0.10833333333333334,0.29992464204973623,0.05392681361010058,0.24599782843963566,0.5107873001019416
0.1085,0.29992464204973623,0.05414080890220415,0.24578383314753208,0.5106792213915312
0.10866666666666666,0.3006782215523738,0.05414080890220415,0.24653741265016962,0.5103659194229835
0.10883333333333334,0.30143180105501133,0.05414080890220415,0.24729099215280717,0.5102685494684807
0.109,0.30143180105501133,0.05435480419430772,0.2470769968607036,0.5102615303797992
0.10916666666666666,0.30143180105501133,0.0545687994864113,0.24686300156860003,0.5099040544516907
0.10933333333333334,0.30143180105501133,0.05478279477851487,0.24664900627649644,0.5097134815480697
0.1095,0.30143180105501133,0.054996790070618445,0.24643501098439288,0.5096305231220366
0.10966666666666666,0.3021853805576488,0.054996790070618445,0.24718859048703037,0.5095935439689199
0.10983333333333334,0.30293896006028637,0.054996790070618445,0.24794216998966792,0.5095610036074308
0.11,0.3036925395629239,0.054996790070618445,0.24869574949230547,0.5094564442824425
0.11016666666666666,0.3044461190655614,0.054996790070618445,0.24944932899494296,0.5092860754728973
0.11033333333333334,0.3044461190655614,0.05521078536272202,0.2492353337028394,0.5092786475232679
0.1105,0.3044461190655614,0.055424780654825596,0.24902133841073582,0.5085745771134553
0.11066666666666666,0.30519969856819895,0.055424780654825596,0.24977491791337336,0.5085744626690153
0.11083333333333334,0.3059532780708365,0.055424780654825596,0.2505284974160109,0.5084482308068662
0.111,0.3059532780708365,0.05563877594692917,0.2503145021239073,0.5083454066285903
0.11116666666666666,0.306706857573474,0.05563877594692917,0.2510680816265448,0.5082918207759268
0.11133333333333334,0.306706857573474,0.05585277123903274,0.25085408633444123,0.5082884855394203
0.1115,0.30746043707611154,0.05585277123903274,0.2516076658370788,0.5080545400121155
0.11166666666666666,0.30746043707611154,0.05606676653113631,0.25139367054497525,0.508021681115212
0.11183333333333334,0.3082140165787491,0.05606676653113631,0.2521472500476128,0.5078163064083474
0.112,0.3082140165787491,0.05628076182323989,0.2519332547555092,0.5076945211627603
0.11216666666666666,0.3082140165787491,0.056494757115343464,0.2517192594634056,0.5071135700723749
0.11233333333333333,0.3089675960813866,0.056494757115343464,0.2524728389660431,0.5069944540633783
0.1125,0.3097211755840241,0.056494757115343464,0.25322641846868066,0.5058754905311298
0.11266666666666666,0.31047475508666167,0.056494757115343464,0.2539799979713182,0.5053358895632709
0.11283333333333333,0.31047475508666167,0.056708752407447036,0.2537660026792146,0.5052995531819817
0.113,0.31047475508666167,0.05692274769955061,0.25355200738711103,0.5051686343947319
0.11316666666666667,0.31122833458929916,0.05692274769955061,0.2543055868897486,0.5045095360141694
0.11333333333333333,0.3119819140919367,0.05692274769955061,0.2550591663923861,0.5043309192823181
0.1135,0.31273549359457425,0.05692274769955061,0.2558127458950237,0.5038482981736805
0.11366666666666667,0.31273549359457425,0.05713674299165419,0.2555987506029201,0.5038137690811204
0.11383333333333333,0.31348907309721175,0.05713674299165419,0.2563523301055576,0.503791425122886
0.114,0.31348907309721175,0.05735073828375776,0.256138334813454,0.503404467388946
0.11416666666666667,0.31348907309721175,0.05756473357586133,0.2559243395213504,0.503352899507783
0.11433333333333333,0.31348907309721175,0.0577787288679649,0.2557103442292468,0.5033121993341565
0.1145,0.31348907309721175,0.05799272416006848,0.25549634893714324,0.5031491177082076
0.11466666666666667,0.3142426525998493,0.05799272416006848,0.2562499284397808,0.5027738835241973
0.11483333333333333,0.31499623210248684,0.05799272416006848,0.25700350794241833,0.5027179564582779
0.115,0.31499623210248684,0.058206719452172054,0.2567895126503148,0.5023482505410151
0.11516666666666667,0.31574981160512433,0.058206719452172054,0.2575430921529523,0.5021587475291918
0.11533333333333333,0.31574981160512433,0.058420714744275626,0.2573290968608487,0.5019622609961175
0.1155,0.3165033911077619,0.058420714744275626,0.25808267636348625,0.5017720928046284
0.11566666666666667,0.3165033911077619,0.0586347100363792,0.25786868107138267,0.5017507941402777
0.11583333333333333,0.3165033911077619,0.05884870532848277,0.2576546857792791,0.5015196339937258
0.116,0.3172569706103994,0.05884870532848277,0.2584082652819166,0.5005179225085107
0.11616666666666667,0.3172569706103994,0.05906270062058635,0.2581942699898131,0.5004611427008187
0.11633333333333333,0.3172569706103994,0.05927669591268992,0.2579802746977095,0.49966288071951764
0.1165,0.3172569706103994,0.05949069120479349,0.2577662794056059,0.4993915483583828
0.11666666666666667,0.3172569706103994,0.059704686496897065,0.25755228411350234,0.49925665691691823
0.11683333333333333,0.3180105501130369,0.059704686496897065,0.25830586361613983,0.4991241033050072
0.117,0.31876412961567446,0.059704686496897065,0.2590594431187774,0.499083952697924
0.11716666666666667,0.31876412961567446,0.059918681789000644,0.25884544782667385,0.4988044054242191
0.11733333333333333,0.31876412961567446,0.060132677081104216,0.25863145253457026,0.4987215253226571
0.1175,0.31951770911831195,0.060132677081104216,0.25938503203720775,0.4986648203008828
0.11766666666666667,0.3202712886209495,0.060132677081104216,0.2601386115398453,0.4983563421336117
0.11783333333333333,0.32102486812358705,0.060132677081104216,0.26089219104248285,0.49809700034648113
0.118,0.32102486812358705,0.06034667237320779,0.26067819575037926,0.49800446086975414
0.11816666666666667,0.32177844762622454,0.06034667237320779,0.26143177525301675,0.4978607036306703
0.11833333333333333,0.3225320271288621,0.06034667237320779,0.2621853547556543,0.4967171838997481
0.1185,0.32328560663149963,0.06034667237320779,0.26293893425829185,0.4967126254397067
0.11866666666666667,0.32328560663149963,0.06056066766531136,0.26272493896618826,0.49629970738796975
0.11883333333333333,0.3240391861341371,0.06056066766531136,0.26347851846882575,0.49608133484423633
0.119,0.3240391861341371,0.06077466295741494,0.26326452317672216,0.4958859169702216
0.11916666666666667,0.3240391861341371,0.06098865824951851,0.26305052788461863,0.49571565295531156
0.11933333333333333,0.3240391861341371,0.06120265354162208,0.26283653259251505,0.4955619020462517
0.1195,0.32479276563677467,0.06120265354162208,0.2635901120951526,0.49543723920950383
0.11966666666666667,0.32479276563677467,0.061416648833725655,0.263376116803049,0.49534280618502086
0.11983333333333333,0.3255463451394122,0.061416648833725655,0.26412969630568656,0.4949650011163068
0.12,0.3255463451394122,0.061630644125829234,0.26391570101358297,0.4945928566425923
0.12016666666666667,0.3255463451394122,0.061844639417932806,0.26370170572147944,0.49456892700986554
0.12033333333333333,0.3255463451394122,0.06205863471003638,0.26348771042937585,0.494565472556859
0.1205,0.3262999246420497,0.06205863471003638,0.26424128993201335,0.4941561664174145
0.12066666666666667,0.32705350414468726,0.06205863471003638,0.2649948694346509,0.49408689934849886
0.12083333333333333,0.32705350414468726,0.06227263000213995,0.2647808741425473,0.4939319484377126
0.121,0.32705350414468726,0.06248662529424353,0.2645668788504437,0.49374149789327965
0.12116666666666667,0.3278070836473248,0.06248662529424353,0.26532045835308127,0.4936994721712675
0.12133333333333333,0.3285606631499623,0.06248662529424353,0.26607403785571876,0.49364696946805015
0.1215,0.3285606631499623,0.0627006205863471,0.2658600425636152,0.49334724654932627
0.12166666666666667,0.3285606631499623,0.06291461587845068,0.26564604727151164,0.4930183463042891
0.12183333333333334,0.3285606631499623,0.06312861117055425,0.26543205197940806,0.4919520408560888
0.122,0.3285606631499623,0.06334260646265782,0.26521805668730447,0.49187919826781
0.12216666666666667,0.32931424265259984,0.06334260646265782,0.265971636189942,0.49167429558561593
0.12233333333333334,0.32931424265259984,0.0635566017547614,0.26575764089783843,0.49132970544818944
0.1225,0.32931424265259984,0.06377059704686497,0.26554364560573485,0.4909505642508241
0.12266666666666666,0.3300678221552374,0.06377059704686497,0.2662972251083724,0.490604320105582
0.12283333333333334,0.3308214016578749,0.06377059704686497,0.26705080461100994,0.49057070072169756
0.123,0.3308214016578749,0.06398459233896854,0.26683680931890635,0.4903403527138842
0.12316666666666666,0.3308214016578749,0.06419858763107211,0.26662281402680277,0.4897087848707446
0.12333333333333334,0.3308214016578749,0.06441258292317568,0.2664088187346992,0.4895413055326467
0.1235,0.3308214016578749,0.06462657821527927,0.2661948234425956,0.48936674403531544
0.12366666666666666,0.3308214016578749,0.06484057350738284,0.26598082815049207,0.4891306180666601
0.12383333333333334,0.3308214016578749,0.06505456879948641,0.2657668328583885,0.4889657081181633
0.124,0.3308214016578749,0.06526856409158999,0.2655528375662849,0.48886152882215056
0.12416666666666666,0.3308214016578749,0.06548255938369356,0.2653388422741813,0.4886917468849399
0.12433333333333334,0.3315749811605124,0.06548255938369356,0.26609242177681885,0.4883085276958195
0.1245,0.3315749811605124,0.06569655467579713,0.26587842648471527,0.4879012046019843
0.12466666666666666,0.33232856066315,0.06569655467579713,0.2666320059873528,0.4877332457330747
0.12483333333333334,0.33232856066315,0.0659105499679007,0.2664180106952493,0.48753325591762986
0.125,0.33232856066315,0.06612454526000427,0.2662040154031457,0.4869351895173255
0.12516666666666668,0.33232856066315,0.06633854055210785,0.2659900201110421,0.4868620964268991
0.12533333333333332,0.33308214016578747,0.06633854055210785,0.2667435996136796,0.4860887302927766
0.1255,0.333835719668425,0.06633854055210785,0.26749717911631715,0.48580805560528956
0.12566666666666668,0.33458929917106256,0.06633854055210785,0.2682507586189547,0.4858068062521592
0.12583333333333332,0.33458929917106256,0.06655253584421143,0.2680367633268511,0.484629288351695
0.126,0.33534287867370005,0.06655253584421143,0.2687903428294886,0.4844720934556135
0.12616666666666668,0.33534287867370005,0.066766531136315,0.268576347537385,0.4843731616729477
0.12633333333333333,0.33534287867370005,0.06698052642841858,0.2683623522452815,0.48409519236429654
0.1265,0.3360964581763376,0.06698052642841858,0.26911593174791903,0.48407612527678157
0.12666666666666668,0.33685003767897514,0.06698052642841858,0.2698695112505566,0.4838595908223476
0.12683333333333333,0.33760361718161264,0.06698052642841858,0.2706230907531941,0.48383964295901205
0.127,0.3383571966842502,0.06698052642841858,0.2713766702558316,0.48382076891203296
0.12716666666666668,0.33911077618688773,0.06698052642841858,0.27213024975846917,0.48382076891203296
0.12733333333333333,0.33911077618688773,0.06719452172052215,0.2719162544663656,0.4833951312638781
0.1275,0.3398643556895252,0.06719452172052215,0.2726698339690031,0.483369111525545
0.12766666666666668,0.3398643556895252,0.06740851701262572,0.2724558386768995,0.48305525450605313
0.12783333333333333,0.3398643556895252,0.0676225123047293,0.27224184338479596,0.482411588734287
0.128,0.34061793519216277,0.0676225123047293,0.2729954228874335,0.4823805403787765
0.12816666666666668,0.34061793519216277,0.06783650759683287,0.2727814275953299,0.48147077791393084
0.12833333333333333,0.3413715146948003,0.06783650759683287,0.27353500709796746,0.4814075856350497
0.1285,0.3413715146948003,0.06805050288893644,0.2733210118058639,0.4813866618832157
0.12866666666666668,0.3413715146948003,0.06826449818104002,0.2731070165137603,0.48110205860095406
0.12883333333333333,0.3421250941974378,0.06826449818104002,0.2738605960163978,0.4810435630372756
0.129,0.3421250941974378,0.0684784934731436,0.2736466007242942,0.480683852491239
0.12916666666666668,0.3421250941974378,0.06869248876524717,0.2734326054321906,0.4805490066634988
0.12933333333333333,0.3421250941974378,0.06890648405735074,0.2732186101400871,0.4802747702609027
0.1295,0.3421250941974378,0.06912047934945431,0.2730046148479835,0.480211142906965
0.12966666666666668,0.3421250941974378,0.06933447464155788,0.2727906195558799,0.47989002989809915
0.12983333333333333,0.34287867370007535,0.06933447464155788,0.27354419905851746,0.4793756334773761
0.13,0.3436322532027129,0.06933447464155788,0.274297778561155,0.47926560870928886
0.13016666666666668,0.3436322532027129,0.06954846993366146,0.2740837832690515,0.4789745628130738
0.13033333333333333,0.3436322532027129,0.06976246522576503,0.2738697879769479,0.47874230513925636
0.1305,0.3436322532027129,0.06997646051786861,0.2736557926848443,0.4785697878831486
0.13066666666666665,0.3443858327053504,0.06997646051786861,0.2744093721874818,0.4782493745811812
0.13083333333333333,0.34513941220798794,0.06997646051786861,0.27516295169011934,0.47763206123943447
0.131,0.34513941220798794,0.07019045580997219,0.27494895639801575,0.4774763524509614
0.13116666666666665,0.34513941220798794,0.07040445110207576,0.27473496110591217,0.4771457021995761
0.13133333333333333,0.3458929917106255,0.07040445110207576,0.2754885406085497,0.4767330489638671
0.1315,0.3458929917106255,0.07061844639417933,0.27527454531644613,0.4765532870109249
0.13166666666666665,0.3458929917106255,0.0708324416862829,0.2750605500243426,0.4764908454279179
0.13183333333333333,0.346646571213263,0.0708324416862829,0.2758141295269801,0.476485858740553
0.132,0.346646571213263,0.07104643697838647,0.2756001342348765,0.47624600673404754
0.13216666666666665,0.346646571213263,0.07126043227049005,0.2753861389427729,0.476244844913278
0.13233333333333333,0.3474001507159005,0.07126043227049005,0.27613971844541046,0.4762152913144932
0.1325,0.34815373021853807,0.07126043227049005,0.276893297948048,0.4756396169884276
0.13266666666666665,0.34815373021853807,0.07147442756259362,0.2766793026559444,0.47543399584477064
0.13283333333333333,0.34890730972117556,0.07147442756259362,0.277432882158582,0.4753152617468488
0.133,0.3496608892238131,0.07147442756259362,0.2781864616612195,0.47462498668420083
0.13316666666666666,0.35041446872645066,0.07147442756259362,0.27894004116385707,0.4741341388723335
0.13333333333333333,0.35116804822908815,0.07147442756259362,0.2796936206664945,0.4739085619613339
0.1335,0.35116804822908815,0.0716884228546972,0.27947962537439097,0.47369971419291096
0.13366666666666666,0.3519216277317257,0.0716884228546972,0.2802332048770285,0.47344718563198024
0.13383333333333333,0.35267520723436324,0.0716884228546972,0.28098678437966607,0.47342142186296055
0.134,0.35267520723436324,0.07190241814680078,0.2807727890875625,0.47224704113334276
0.13416666666666666,0.35267520723436324,0.07211641343890435,0.2805587937954589,0.4721488515453784
0.13433333333333333,0.35267520723436324,0.07233040873100792,0.2803447985033553,0.4721063816715155
0.1345,0.35267520723436324,0.07254440402311149,0.2801308032112517,0.4720763056080959
0.13466666666666666,0.35267520723436324,0.07275839931521506,0.2799168079191482,0.47146565752904707
0.13483333333333333,0.35267520723436324,0.07297239460731864,0.2797028126270446,0.4712740517400887
0.135,0.35267520723436324,0.07318638989942221,0.279488817334941,0.47091291754351805
0.13516666666666666,0.35267520723436324,0.07340038519152578,0.2792748220428375,0.4707679603574491
0.13533333333333333,0.35267520723436324,0.07361438048362937,0.27906082675073385,0.47067783045589023
0.1355,0.35267520723436324,0.07382837577573294,0.2788468314586303,0.470140372034254
0.13566666666666666,0.35267520723436324,0.07404237106783651,0.27863283616652673,0.46990926902170194
0.13583333333333333,0.35267520723436324,0.07425636635994008,0.27841884087442315,0.46954596806282156
0.136,0.35267520723436324,0.07447036165204365,0.2782048455823196,0.4694654943491022
0.13616666666666666,0.35267520723436324,0.07468435694414723,0.27799085029021603,0.4694324970645369
0.13633333333333333,0.35267520723436324,0.0748983522362508,0.27777685499811244,0.46935211334815874
0.1365,0.35342878673700073,0.0748983522362508,0.27853043450074993,0.4692206051395326
0.13666666666666666,0.35342878673700073,0.07511234752835437,0.27831643920864635,0.46919099837197914
0.13683333333333333,0.35342878673700073,0.07532634282045796,0.27810244391654276,0.4689666416595435
0.137,0.3541823662396383,0.07532634282045796,0.2788560234191803,0.46852675085888085
0.13716666666666666,0.3541823662396383,0.07554033811256153,0.2786420281270767,0.4682596774757833
0.13733333333333334,0.3541823662396383,0.0757543334046651,0.2784280328349732,0.4679828370985051
0.1375,0.3541823662396383,0.07596832869676867,0.2782140375428696,0.46724809097477055
0.13766666666666666,0.3541823662396383,0.07618232398887224,0.278000042250766,0.46723860545831014
0.13783333333333334,0.3549359457422758,0.07618232398887224,0.27875362175340357,0.4671852567097776
0.138,0.3549359457422758,0.07639631928097582,0.27853962646130004,0.46718378492144874
0.13816666666666666,0.3549359457422758,0.07661031457307939,0.27832563116919645,0.4670956512950453
0.13833333333333334,0.3549359457422758,0.07682430986518296,0.27811163587709287,0.4670381905470614
0.1385,0.3556895252449133,0.07682430986518296,0.27886521537973036,0.4669955399697519
0.13866666666666666,0.35644310474755087,0.07682430986518296,0.2796187948823679,0.4665854606938396
0.13883333333333334,0.35644310474755087,0.07703830515728655,0.2794047995902643,0.46651518428776606
0.139,0.3571966842501884,0.07703830515728655,0.28015837909290187,0.465822549458888
0.13916666666666666,0.3571966842501884,0.07725230044939012,0.2799443838007983,0.46567155476794503
0.13933333333333334,0.3579502637528259,0.07725230044939012,0.28069796330343577,0.46561947467874426
0.1395,0.35870384325546345,0.07725230044939012,0.2814515428060733,0.4655590627046431
0.13966666666666666,0.35870384325546345,0.07746629574149369,0.2812375475139698,0.465495946124562
0.13983333333333334,0.359457422758101,0.07746629574149369,0.28199112701660733,0.46536958315833615
0.14,0.3602110022607385,0.07746629574149369,0.28274470651924477,0.4652622133942979
0.14016666666666666,0.36096458176337604,0.07746629574149369,0.2834982860218823,0.46520273777455706
0.14033333333333334,0.3617181612660136,0.07746629574149369,0.28425186552451986,0.46504839292600986
0.1405,0.3617181612660136,0.07768029103359726,0.28403787023241633,0.4647325044571134
0.14066666666666666,0.3617181612660136,0.07789428632570083,0.28382387494031275,0.46458447918284324
0.14083333333333334,0.3624717407686511,0.07789428632570083,0.28457745444295024,0.46436470024481563
0.141,0.3632253202712886,0.07789428632570083,0.2853310339455878,0.4641974929746883
0.14116666666666666,0.3632253202712886,0.0781082816178044,0.2851170386534842,0.46416789987579504
0.14133333333333334,0.3632253202712886,0.07832227690990798,0.2849030433613806,0.4640539059338539
0.1415,0.36397889977392617,0.07832227690990798,0.28565662286401816,0.4639213367958114
0.14166666666666666,0.36397889977392617,0.07853627220201155,0.28544262757191463,0.46378050908435947
0.14183333333333334,0.36397889977392617,0.07875026749411512,0.28522863227981105,0.46364823823767465
0.142,0.36473247927656366,0.07875026749411512,0.28598221178244854,0.4634081068754822
0.14216666666666666,0.36473247927656366,0.07896426278621871,0.28576821649034495,0.46280910812080533
0.14233333333333334,0.36473247927656366,0.07917825807832228,0.28555422119824136,0.4627559463077772
0.1425,0.3654860587792012,0.07917825807832228,0.2863078007008789,0.4625020744813282
0.14266666666666666,0.36623963828183875,0.07917825807832228,0.28706138020351646,0.46241598526933614
0.14283333333333334,0.36623963828183875,0.07939225337042585,0.28684738491141293,0.4622375343005992
0.143,0.36699321778447624,0.07939225337042585,0.28760096441405036,0.46207996251086875
0.14316666666666666,0.36699321778447624,0.07960624866252942,0.28738696912194683,0.4620725926390971
0.14333333333333334,0.3677467972871138,0.07960624866252942,0.2881405486245844,0.4620323125473313
0.1435,0.3677467972871138,0.079820243954633,0.2879265533324808,0.46190998050033105
0.14366666666666666,0.3677467972871138,0.08003423924673657,0.2877125580403772,0.46183077207213447
0.14383333333333334,0.3677467972871138,0.08024823453884014,0.2874985627482737,0.46181562007379817
0.144,0.36850037678975134,0.08024823453884014,0.2882521422509112,0.46164487251700226
0.14416666666666667,0.36850037678975134,0.08046222983094371,0.28803814695880764,0.46125766716644695
0.14433333333333334,0.36925395629238883,0.08046222983094371,0.28879172646144513,0.46110108510205894
0.1445,0.36925395629238883,0.0806762251230473,0.28857773116934154,0.4608096618708765
0.14466666666666667,0.3700075357950264,0.0806762251230473,0.2893313106719791,0.46071982078955637
0.14483333333333334,0.3707611152976639,0.0806762251230473,0.29008489017461664,0.46043981859223704
0.145,0.3707611152976639,0.08089022041515087,0.28987089488251305,0.4602873620310898
0.14516666666666667,0.3707611152976639,0.08110421570725444,0.28965689959040947,0.4602438089288325
0.14533333333333334,0.3715146948003014,0.08110421570725444,0.29041047909304696,0.4601366370002864
0.1455,0.37226827430293896,0.08110421570725444,0.2911640585956845,0.4599694405336874
0.14566666666666667,0.37226827430293896,0.08131821099935801,0.290950063303581,0.4595365861954444
0.14583333333333334,0.37226827430293896,0.08153220629146159,0.2907360680114774,0.4592577793658098
0.146,0.3730218538055765,0.08153220629146159,0.29148964751411494,0.4590322575747828
0.14616666666666667,0.3730218538055765,0.08174620158356516,0.29127565222201135,0.45876252758016495
0.14633333333333334,0.3730218538055765,0.08196019687566873,0.29106165692990776,0.4585742329027997
0.1465,0.373775433308214,0.08196019687566873,0.29181523643254526,0.4582295918136579
0.14666666666666667,0.37452901281085155,0.08196019687566873,0.2925688159351828,0.45815246989900993
0.14683333333333334,0.37452901281085155,0.0821741921677723,0.29235482064307927,0.45810656652002657
0.147,0.37452901281085155,0.08238818745987589,0.29214082535097563,0.4578748478064676
0.14716666666666667,0.37452901281085155,0.08260218275197946,0.2919268300588721,0.4577367917517337
0.14733333333333334,0.3752825923134891,0.08260218275197946,0.29268040956150965,0.457517389828192
0.1475,0.3760361718161266,0.08260218275197946,0.29343398906414714,0.45713422917702545
0.14766666666666667,0.37678975131876413,0.08260218275197946,0.2941875685667847,0.4568462976442292
0.14783333333333334,0.37678975131876413,0.08281617804408303,0.2939735732746811,0.4564419580084697
0.148,0.37678975131876413,0.0830301733361866,0.2937595779825775,0.456287446953599
0.14816666666666667,0.37678975131876413,0.08324416862829018,0.2935455826904739,0.45612282267384796
0.14833333333333334,0.3775433308214017,0.08324416862829018,0.2942991621931115,0.45609500992121216
0.1485,0.37829691032403917,0.08324416862829018,0.295052741695749,0.4559615288796666
0.14866666666666667,0.3790504898266767,0.08324416862829018,0.29580632119838657,0.4548993249597696
0.14883333333333335,0.37980406932931426,0.08324416862829018,0.2965599007010241,0.4548464234007024
0.149,0.38055764883195176,0.08324416862829018,0.29731348020366155,0.45475831800322586
0.14916666666666667,0.3813112283345893,0.08324416862829018,0.2980670597062991,0.45464631917566367
0.14933333333333335,0.38206480783722685,0.08324416862829018,0.29882063920893664,0.45455490229649287
0.1495,0.38206480783722685,0.08345816392039375,0.2986066439168331,0.45438068050978897
0.14966666666666667,0.38206480783722685,0.08367215921249732,0.29839264862472953,0.4540131851790978
0.14983333333333335,0.38281838733986434,0.08367215921249732,0.299146228127367,0.45332432852646554
0.15,0.38281838733986434,0.0838861545046009,0.29893223283526343,0.4527787282921548
0.15016666666666667,0.3835719668425019,0.0838861545046009,0.299685812337901,0.45270762113145735
0.15033333333333335,0.3835719668425019,0.08410014979670448,0.2994718170457974,0.4525351631717182
0.1505,0.3835719668425019,0.08431414508880805,0.29925782175369386,0.45243552380291463
0.15066666666666667,0.38432554634513943,0.08431414508880805,0.3000114012563314,0.4524289470352505
0.15083333333333335,0.3850791258477769,0.08431414508880805,0.30076498075896885,0.4523403250232594
0.151,0.3850791258477769,0.08452814038091162,0.3005509854668653,0.45225489321189144
0.15116666666666667,0.3850791258477769,0.0847421356730152,0.30033699017476173,0.4518450527327181
0.15133333333333332,0.3858327053504145,0.0847421356730152,0.3010905696773993,0.45176586530958135
0.1515,0.386586284853052,0.0847421356730152,0.3018441491800368,0.45142568809460737
0.15166666666666667,0.3873398643556895,0.0847421356730152,0.3025977286826743,0.45119081468482963
0.15183333333333332,0.38809344385832706,0.0847421356730152,0.30335130818531186,0.4508056193582618
0.152,0.3888470233609646,0.0847421356730152,0.3041048876879494,0.45067041885884523
0.15216666666666667,0.3896006028636021,0.0847421356730152,0.3048584671905869,0.4504266699916524
0.15233333333333332,0.39035418236623964,0.0847421356730152,0.30561204669322445,0.4501938216285793
0.1525,0.39035418236623964,0.08495613096511877,0.30539805140112086,0.45004449810035624
0.15266666666666667,0.39035418236623964,0.08517012625722234,0.30518405610901733,0.45003744106567917
0.15283333333333332,0.39035418236623964,0.08538412154932591,0.30497006081691375,0.44963851433067226
0.153,0.39035418236623964,0.08559811684142948,0.30475606552481016,0.4494905567564805
0.15316666666666667,0.39035418236623964,0.08581211213353306,0.3045420702327066,0.44932513724759393
0.15333333333333332,0.39035418236623964,0.08602610742563664,0.304328074940603,0.44921841073838026
0.1535,0.39035418236623964,0.08624010271774021,0.30411407964849946,0.4491448646107772
0.15366666666666667,0.39035418236623964,0.08645409800984379,0.30390008435639587,0.44847570542704634
0.15383333333333332,0.3911077618688772,0.08645409800984379,0.3046536638590334,0.4483631005241221
0.154,0.3911077618688772,0.08666809330194736,0.30443966856692983,0.4482580099238876
0.15416666666666667,0.3918613413715147,0.08666809330194736,0.3051932480695673,0.4481445671174299
0.15433333333333332,0.3918613413715147,0.08688208859405093,0.30497925277746374,0.44750988149347587
0.1545,0.39261492087415223,0.08688208859405093,0.3057328322801013,0.44747917665266823
0.15466666666666667,0.39261492087415223,0.0870960838861545,0.30551883698799776,0.4474042698759988
0.15483333333333332,0.39261492087415223,0.08731007917825807,0.30530484169589417,0.4471603854848543
0.155,0.3933685003767898,0.08731007917825807,0.3060584211985317,0.44673437205858646
0.15516666666666667,0.3933685003767898,0.08752407447036165,0.30584442590642813,0.4464462900913226
0.15533333333333332,0.3933685003767898,0.08773806976246523,0.30563043061432454,0.44638435594079445
0.1555,0.39412207987942727,0.08773806976246523,0.30638401011696204,0.44638242736538586
0.15566666666666668,0.3948756593820648,0.08773806976246523,0.3071375896195996,0.4463733381935889
0.15583333333333332,0.39562923888470236,0.08773806976246523,0.30789116912223713,0.44492977650407556
0.156,0.39562923888470236,0.0879520650545688,0.30767717383013354,0.4447591275409461
0.15616666666666668,0.39638281838733985,0.0879520650545688,0.30843075333277103,0.4447149469926314
0.15633333333333332,0.3971363978899774,0.0879520650545688,0.3091843328354086,0.44462684411026904
0.1565,0.39788997739261495,0.0879520650545688,0.30993791233804613,0.44449765937115077
0.15666666666666668,0.39788997739261495,0.08816606034667238,0.3097239170459426,0.44427941109289154
0.15683333333333332,0.39788997739261495,0.08838005563877595,0.309509921753839,0.4436466516300131
0.157,0.39864355689525244,0.08838005563877595,0.3102635012564765,0.4430306367230104
0.15716666666666668,0.39864355689525244,0.08859405093087952,0.3100495059643729,0.44293453701353885
0.15733333333333333,0.39864355689525244,0.08880804622298309,0.30983551067226933,0.4429110601735687
0.1575,0.39939713639789,0.08880804622298309,0.3105890901749069,0.44288022725778015
0.15766666666666668,0.39939713639789,0.08902204151508666,0.31037509488280335,0.441704949189453
0.15783333333333333,0.40015071590052753,0.08902204151508666,0.3111286743854409,0.4415993787456825
0.158,0.400904295403165,0.08902204151508666,0.31188225388807833,0.441237705538371
0.15816666666666668,0.400904295403165,0.08923603680719024,0.3116682585959748,0.4403198909363631
0.15833333333333333,0.40165787490580257,0.08923603680719024,0.31242183809861235,0.44009540704086875
0.1585,0.4024114544084401,0.08923603680719024,0.3131754176012499,0.439706685866272
0.15866666666666668,0.4031650339110776,0.08923603680719024,0.3139289971038874,0.439683933268837
0.15883333333333333,0.40391861341371516,0.08923603680719024,0.31468257660652493,0.43910447492739235
0.159,0.40391861341371516,0.08945003209929382,0.31446858131442135,0.4389907478559241
0.15916666666666668,0.4046721929163527,0.08945003209929382,0.3152221608170589,0.4389487685335722
0.15933333333333333,0.4046721929163527,0.0896640273913974,0.3150081655249553,0.43892159155269983
0.1595,0.4054257724189902,0.0896640273913974,0.3157617450275928,0.4381309465976714
0.15966666666666668,0.4054257724189902,0.08987802268350097,0.3155477497354892,0.43767458163549294
0.15983333333333333,0.40617935192162774,0.08987802268350097,0.31630132923812676,0.43755366560806813
0.16,0.4069329314242653,0.08987802268350097,0.3170549087407643,0.43702691358280266
0.16016666666666668,0.4076865109269028,0.08987802268350097,0.3178084882434018,0.4367939430921289
0.16033333333333333,0.4076865109269028,0.09009201797560454,0.31759449295129827,0.43653481584809095
0.1605,0.4076865109269028,0.09030601326770811,0.3173804976591947,0.4364164184974063
0.16066666666666668,0.4084400904295403,0.09030601326770811,0.31813407716183223,0.43641375768123325
0.16083333333333333,0.4084400904295403,0.09052000855981168,0.31792008186972864,0.43622393142917604
0.161,0.4084400904295403,0.09073400385191525,0.31770608657762506,0.4358126222427252
0.16116666666666668,0.4091936699321778,0.09073400385191525,0.31845966608026255,0.4357998142847179
0.16133333333333333,0.40994724943481536,0.09073400385191525,0.3192132455829001,0.4357185262743699
0.1615,0.40994724943481536,0.09094799914401883,0.31899925029079657,0.43570998137260714
0.16166666666666665,0.40994724943481536,0.09116199443612241,0.3187852549986929,0.43542278037105325
0.16183333333333333,0.4107008289374529,0.09116199443612241,0.31953883450133047,0.43498913384401033
0.162,0.4107008289374529,0.09137598972822598,0.31932483920922694,0.43490694879112524
0.16216666666666665,0.4107008289374529,0.09158998502032956,0.31911084391712335,0.4341307091880168
0.16233333333333333,0.4107008289374529,0.09180398031243313,0.31889684862501977,0.4340438599541902
0.1625,0.4107008289374529,0.0920179756045367,0.31868285333291624,0.4338685954344815
0.16266666666666665,0.4114544084400904,0.0920179756045367,0.3194364328355537,0.4337212387446482
0.16283333333333333,0.4114544084400904,0.09223197089664027,0.31922243754345014,0.43360398187437516
0.163,0.4114544084400904,0.09244596618874384,0.31900844225134656,0.4333969278246383
0.16316666666666665,0.41220798794272795,0.09244596618874384,0.3197620217539841,0.4331992500726585
0.16333333333333333,0.41220798794272795,0.09265996148084742,0.3195480264618805,0.4330398833118415
0.1635,0.41220798794272795,0.09287395677295099,0.319334031169777,0.4329962096187383
0.16366666666666665,0.41220798794272795,0.09308795206505457,0.31912003587767335,0.4329522230600678
0.16383333333333333,0.4129615674453655,0.09308795206505457,0.3198736153803109,0.43245973977707525
0.164,0.4129615674453655,0.09330194735715815,0.31965962008820736,0.4322386656100705
0.16416666666666666,0.413715146948003,0.09330194735715815,0.32041319959084485,0.432143062248286
0.16433333333333333,0.413715146948003,0.09351594264926172,0.32019920429874127,0.43151669204300663
0.1645,0.41446872645064053,0.09351594264926172,0.3209527838013788,0.4311624856359122
0.16466666666666666,0.41446872645064053,0.09372993794136529,0.32073878850927523,0.4309799064000758
0.16483333333333333,0.41446872645064053,0.09394393323346886,0.32052479321717164,0.42961853591768434
0.165,0.4152223059532781,0.09394393323346886,0.3212783727198092,0.4295166950065151
0.16516666666666666,0.4159758854559156,0.09394393323346886,0.32203195222244674,0.4292167342007623
0.16533333333333333,0.4167294649585531,0.09394393323346886,0.3227855317250843,0.4288487233266513
0.1655,0.4167294649585531,0.09415792852557243,0.3225715364329807,0.4285857389839681
0.16566666666666666,0.4167294649585531,0.094371923817676,0.3223575411408771,0.428550356247097
0.16583333333333333,0.4167294649585531,0.09458591910977958,0.3221435458487735,0.4284336676405148
0.166,0.41748304446119067,0.09458591910977958,0.3228971253514111,0.4283777927576852
0.16616666666666666,0.41823662396382816,0.09458591910977958,0.32365070485404857,0.4283672644832588
0.16633333333333333,0.4189902034664657,0.09458591910977958,0.3244042843566861,0.42723941320466396
0.1665,0.4189902034664657,0.09479991440188316,0.3241902890645825,0.42715343239517634
0.16666666666666666,0.4189902034664657,0.09501390969398674,0.32397629377247894,0.42670276630872717
0.16683333333333333,0.4189902034664657,0.09522790498609031,0.3237622984803754,0.42576718265128316
0.167,0.41974378296910325,0.09522790498609031,0.32451587798301296,0.4255006829483888
0.16716666666666666,0.41974378296910325,0.09544190027819388,0.32430188269090937,0.42544632288227824
0.16733333333333333,0.42049736247174074,0.09544190027819388,0.32505546219354686,0.42483697127217035
0.1675,0.42049736247174074,0.09565589557029745,0.3248414669014433,0.42433130564822663
0.16766666666666666,0.4212509419743783,0.09565589557029745,0.3255950464040808,0.4242488708153118
0.16783333333333333,0.4212509419743783,0.09586989086240102,0.32538105111197724,0.42421441553210837
0.168,0.42200452147701584,0.09586989086240102,0.3261346306146148,0.42390374578242707
0.16816666666666666,0.42200452147701584,0.0960838861545046,0.32592063532251125,0.4237211283959807
0.16833333333333333,0.42275810097965333,0.0960838861545046,0.32667421482514875,0.42355146570055735
0.1685,0.4235116804822909,0.0960838861545046,0.3274277943277863,0.4230219189329391
0.16866666666666666,0.4242652599849284,0.0960838861545046,0.32818137383042384,0.42293926899348583
0.16883333333333334,0.4242652599849284,0.09629788144660817,0.32796737853832025,0.4227842756847932
0.169,0.4250188394875659,0.09629788144660817,0.32872095804095774,0.42271786661298416
0.16916666666666666,0.4250188394875659,0.09651187673871175,0.32850696274885416,0.4224038226245514
0.16933333333333334,0.4250188394875659,0.09672587203081533,0.3282929674567506,0.4224001424998804
0.1695,0.42577241899020346,0.09672587203081533,0.3290465469593881,0.42239469859506246
0.16966666666666666,0.42577241899020346,0.0969398673229189,0.32883255166728453,0.4223172179077566
0.16983333333333334,0.426525998492841,0.0969398673229189,0.3295861311699221,0.4222796980656936
0.17,0.4272795779954785,0.0969398673229189,0.3303397106725596,0.4222748505180562
0.17016666666666666,0.42803315749811605,0.0969398673229189,0.3310932901751972,0.4216174349710766
0.17033333333333334,0.42803315749811605,0.09715386261502247,0.3308792948830936,0.42151124612911073
0.1705,0.42803315749811605,0.09736785790712604,0.33066529959099,0.42129883977564797
0.17066666666666666,0.42803315749811605,0.09758185319922962,0.3304513042988864,0.42108112595966934
0.17083333333333334,0.4287867370007536,0.09758185319922962,0.33120488380152396,0.4210597697967085
0.171,0.4287867370007536,0.09779584849133319,0.3309908885094204,0.4208447711278043
0.17116666666666666,0.4287867370007536,0.09800984378343676,0.33077689321731685,0.4206437787933764
0.17133333333333334,0.4287867370007536,0.09822383907554033,0.33056289792521326,0.4202238703775097
0.1715,0.4287867370007536,0.09843783436764392,0.3303489026331097,0.4202020001620461
0.17166666666666666,0.4287867370007536,0.09865182965974749,0.3301349073410061,0.4194993102320879
0.17183333333333334,0.4295403165033911,0.09865182965974749,0.3308884868436436,0.4191385099434819
0.172,0.4295403165033911,0.09886582495185106,0.33067449155154005,0.4190290766311258
0.17216666666666666,0.4295403165033911,0.09907982024395463,0.33046049625943646,0.41854526428775873
0.17233333333333334,0.43029389600602863,0.09907982024395463,0.331214075762074,0.4183193987068794
0.1725,0.43029389600602863,0.0992938155360582,0.3310000804699704,0.4180103300767979
0.17266666666666666,0.4310474755086662,0.0992938155360582,0.331753659972608,0.41754862163547396
0.17283333333333334,0.4310474755086662,0.09950781082816178,0.3315396646805044,0.41736497883312057
0.173,0.4310474755086662,0.09972180612026535,0.3313256693884008,0.4169563770241592
0.17316666666666666,0.4310474755086662,0.09993580141236892,0.33111167409629727,0.4167709401541423
0.17333333333333334,0.43180105501130367,0.09993580141236892,0.33186525359893476,0.41667913944394197
0.1735,0.4325546345139412,0.09993580141236892,0.3326188331015723,0.41663684308777493
0.17366666666666666,0.43330821401657876,0.09993580141236892,0.33337241260420986,0.41610498501705273
0.17383333333333334,0.43330821401657876,0.10014979670447251,0.33315841731210627,0.4157182943302314
0.174,0.43406179351921625,0.10014979670447251,0.33391199681474376,0.4154090486889859
0.17416666666666666,0.4348153730218538,0.10014979670447251,0.3346655763173813,0.41515546269789516
0.17433333333333334,0.43556895252449135,0.10014979670447251,0.33541915582001885,0.41472307757606824
0.1745,0.43632253202712884,0.10014979670447251,0.33617273532265635,0.414680277102131
0.17466666666666666,0.43632253202712884,0.10036379199657608,0.33595874003055276,0.41449785672837075
0.17483333333333334,0.43632253202712884,0.10057778728867965,0.3357447447384492,0.41405020210967386
0.175,0.43632253202712884,0.10079178258078322,0.33553074944634564,0.414011962012319
0.17516666666666666,0.43632253202712884,0.1010057778728868,0.33531675415424206,0.41385773622908434
0.17533333333333334,0.4370761115297664,0.1010057778728868,0.3360703336568796,0.413711614494246
0.1755,0.43782969103240393,0.1010057778728868,0.33682391315951715,0.4132688250882205
0.17566666666666667,0.43782969103240393,0.10121977316499037,0.33660991786741357,0.4128681434501359
0.17583333333333334,0.4385832705350414,0.10121977316499037,0.33736349737005106,0.41261693771759705
0.176,0.4385832705350414,0.10143376845709394,0.33714950207794747,0.412350510404302
0.17616666666666667,0.43933685003767897,0.10143376845709394,0.337903081580585,0.41212480701620646
0.17633333333333334,0.43933685003767897,0.10164776374919751,0.3376890862884815,0.41190663981135367
0.1765,0.43933685003767897,0.1018617590413011,0.33747509099637785,0.4117051104464661
0.17666666666666667,0.43933685003767897,0.10207575433340467,0.3372610957042743,0.4116643138903913
0.17683333333333334,0.43933685003767897,0.10228974962550824,0.33704710041217073,0.4110541179160988
0.177,0.43933685003767897,0.10250374491761181,0.33683310512006714,0.41061307380560513
0.17716666666666667,0.43933685003767897,0.10271774020971539,0.3366191098279636,0.41048941661237526
0.17733333333333334,0.4400904295403165,0.10271774020971539,0.33737268933060116,0.4097272080832737
0.1775,0.4400904295403165,0.10293173550181896,0.3371586940384976,0.4095530416960938
0.17766666666666667,0.4400904295403165,0.10314573079392253,0.336944698746394,0.40898970442909915
0.17783333333333334,0.440844009042954,0.10314573079392253,0.3376982782490315,0.4086793466878923
0.178,0.440844009042954,0.1033597260860261,0.3374842829569279,0.4086036082536028
0.17816666666666667,0.44159758854559156,0.1033597260860261,0.33823786245956544,0.4085082222249207
0.17833333333333334,0.4423511680482291,0.1033597260860261,0.338991441962203,0.4078631420549484
0.1785,0.4423511680482291,0.10357372137812969,0.3387774466700994,0.4078123458482453
0.17866666666666667,0.4423511680482291,0.10378771667023326,0.3385634513779958,0.4077778321256429
0.17883333333333334,0.4423511680482291,0.10400171196233683,0.3383494560858923,0.4076627074116645
0.179,0.4431047475508666,0.10400171196233683,0.3391030355885298,0.4076600508170706
0.17916666666666667,0.4431047475508666,0.1042157072544404,0.3388890402964262,0.40740346897149093
0.17933333333333334,0.4431047475508666,0.10442970254654398,0.3386750450043226,0.4070650309759365
0.1795,0.4431047475508666,0.10464369783864755,0.338461049712219,0.40626593517891163
0.17966666666666667,0.4431047475508666,0.10485769313075112,0.3382470544201155,0.405910122974956
0.17983333333333335,0.4431047475508666,0.10507168842285469,0.3380330591280119,0.4056428580421179
0.18,0.4431047475508666,0.10528568371495826,0.3378190638359083,0.405200736760241
0.18016666666666667,0.4431047475508666,0.10549967900706185,0.33760506854380473,0.405133311331098
0.18033333333333335,0.4431047475508666,0.10571367429916542,0.33739107325170115,0.40511163682791695
0.1805,0.44385832705350414,0.10571367429916542,0.3381446527543387,0.4049810816013949
0.18066666666666667,0.4446119065561417,0.10571367429916542,0.33889823225697624,0.40492342883654464
0.18083333333333335,0.4446119065561417,0.105927669591269,0.3386842369648727,0.4043611020032683
0.181,0.4446119065561417,0.10614166488337257,0.3384702416727691,0.4041612148023268
0.18116666666666667,0.4453654860587792,0.10614166488337257,0.3392238211754066,0.40376064799278655
0.18133333333333335,0.4453654860587792,0.10635566017547614,0.33900982588330303,0.40348513316220574
0.1815,0.4461190655614167,0.10635566017547614,0.3397634053859406,0.40343875463355167
0.18166666666666667,0.4461190655614167,0.10656965546757971,0.339549410093837,0.4033687287108673
0.18183333333333335,0.4468726450640543,0.10656965546757971,0.34030298959647454,0.4033394009571388
0.182,0.44762622456669177,0.10656965546757971,0.3410565690991121,0.40326310875086263
0.18216666666666667,0.44762622456669177,0.10678365075968328,0.3408425738070085,0.40317050061008664
0.18233333333333332,0.44762622456669177,0.10699764605178685,0.3406285785149049,0.4029814618283146
0.1825,0.44762622456669177,0.10721164134389044,0.3404145832228013,0.40276666600538236
0.18266666666666667,0.4483798040693293,0.10721164134389044,0.3411681627254389,0.40239802474606384
0.18283333333333332,0.4483798040693293,0.10742563663599401,0.3409541674333353,0.4021326650981368
0.183,0.44913338357196686,0.10742563663599401,0.34170774693597283,0.40209274697343456
0.18316666666666667,0.44913338357196686,0.10763963192809758,0.3414937516438693,0.4017005321792382
0.18333333333333332,0.44988696307460435,0.10763963192809758,0.34224733114650674,0.40166064500141174
0.1835,0.4506405425772419,0.10763963192809758,0.3430009106491443,0.40119495979237463
0.18366666666666667,0.45139412207987945,0.10763963192809758,0.34375449015178183,0.4007353332081541
0.18383333333333332,0.45139412207987945,0.10785362722020116,0.3435404948596783,0.40039188309907386
0.184,0.45139412207987945,0.10806762251230473,0.3433264995675747,0.40035446828039073
0.18416666666666667,0.45139412207987945,0.1082816178044083,0.34311250427547113,0.3994559102378542
0.18433333333333332,0.45139412207987945,0.10849561309651187,0.3428985089833676,0.3987842237211776
0.1845,0.45139412207987945,0.10870960838861544,0.342684513691264,0.39871127637726433
0.18466666666666667,0.45139412207987945,0.10892360368071903,0.34247051839916043,0.3982132740367538
0.18483333333333332,0.45214770158251694,0.10892360368071903,0.3432240979017979,0.3975075860837919
0.185,0.4529012810851545,0.10892360368071903,0.34397767740443547,0.3973900556887971
0.18516666666666667,0.4529012810851545,0.1091375989728226,0.3437636821123319,0.39714169489339796
0.18533333333333332,0.45365486058779203,0.1091375989728226,0.34451726161496943,0.3968464015511397
0.1855,0.45365486058779203,0.10935159426492617,0.34430326632286584,0.39656097834230253
0.18566666666666667,0.45365486058779203,0.10956558955702975,0.34408927103076226,0.396550834667817
0.18583333333333332,0.4544084400904295,0.10956558955702975,0.3448428505333998,0.394965814811292
0.186,0.4544084400904295,0.10977958484913332,0.3446288552412962,0.3949389092054319
0.18616666666666667,0.4544084400904295,0.10999358014123689,0.34441485994919263,0.3949022112807404
0.18633333333333332,0.4544084400904295,0.11020757543334046,0.34420086465708905,0.3946269681889247
0.1865,0.45516201959306707,0.11020757543334046,0.3449544441597266,0.3941660997862901
0.18666666666666668,0.45516201959306707,0.11042157072544403,0.344740448867623,0.39382603134019345
0.18683333333333332,0.45516201959306707,0.11063556601754762,0.3445264535755195,0.3937750679348643
0.187,0.45516201959306707,0.11084956130965119,0.3443124582834159,0.39366373342634997
0.18716666666666668,0.4559155990957046,0.11084956130965119,0.34506603778605344,0.39365197531722623
0.18733333333333332,0.4559155990957046,0.11106355660175476,0.34485204249394985,0.39319409437860153
0.1875,0.4559155990957046,0.11127755189385834,0.34463804720184626,0.39281864634930086
0.18766666666666668,0.4559155990957046,0.11149154718596191,0.3444240519097427,0.39224741747785696
0.18783333333333332,0.4559155990957046,0.11170554247806548,0.34421005661763915,0.39222908954919067
0.188,0.4559155990957046,0.11191953777016905,0.34399606132553556,0.3919405248781674
0.18816666666666668,0.4566691785983421,0.11191953777016905,0.34474964082817305,0.3914165040664021
0.18833333333333332,0.45742275810097965,0.11191953777016905,0.3455032203308106,0.39138511772580636
0.1885,0.45742275810097965,0.11213353306227263,0.345289225038707,0.39129659544136275
0.18866666666666668,0.45742275810097965,0.1123475283543762,0.34507522974660343,0.390353510841659
0.18883333333333333,0.4581763376036172,0.1123475283543762,0.345828809249241,0.3898537451771954
0.189,0.4581763376036172,0.11256152364647978,0.34561481395713745,0.38971297941864363
0.18916666666666668,0.4589299171062547,0.11256152364647978,0.3463683934597749,0.38965119746955607
0.18933333333333333,0.4589299171062547,0.11277551893858336,0.34615439816767135,0.38958177495026225
0.1895,0.4589299171062547,0.11298951423068693,0.34594040287556777,0.38894304356630277
0.18966666666666668,0.45968349660889224,0.11298951423068693,0.3466939823782053,0.38854748622393687
0.18983333333333333,0.4604370761115298,0.11298951423068693,0.34744756188084286,0.3881001998001897
0.19,0.4604370761115298,0.1132035095227905,0.3472335665887393,0.3879141642445167
0.19016666666666668,0.4611906556141673,0.1132035095227905,0.34798714609137676,0.387770186608482
0.19033333333333333,0.4611906556141673,0.11341750481489407,0.3477731507992732,0.38775365027520825
0.1905,0.4611906556141673,0.11363150010699764,0.34755915550716965,0.38731085032838825
0.19066666666666668,0.4619442351168048,0.11363150010699764,0.3483127350098072,0.38730060783367465
0.19083333333333333,0.4619442351168048,0.11384549539910122,0.3480987397177036,0.3872299591541591
0.191,0.46269781461944237,0.11384549539910122,0.34885231922034116,0.3872276338366057
0.19116666666666668,0.46345139412207986,0.11384549539910122,0.34960589872297865,0.3870392883977702
0.19133333333333333,0.4642049736247174,0.11384549539910122,0.3503594782256162,0.38680651167785934
0.1915,0.46495855312735496,0.11384549539910122,0.35111305772825374,0.3865183730519402
0.19166666666666668,0.46571213262999245,0.11384549539910122,0.35186663723089123,0.386155596632689
0.19183333333333333,0.46646571213263,0.11384549539910122,0.3526202167335288,0.3858040802950324
0.192,0.46646571213263,0.11405949069120479,0.3524062214414252,0.38561567353930054
0.19216666666666668,0.46646571213263,0.11427348598330837,0.3521922261493216,0.3855433691387827
0.19233333333333333,0.46646571213263,0.11448748127541195,0.351978230857218,0.3842655354554856
0.1925,0.46646571213263,0.11470147656751552,0.3517642355651145,0.38413424524510653
0.19266666666666668,0.46646571213263,0.11491547185961909,0.3515502402730109,0.3835439129478727
0.19283333333333333,0.46646571213263,0.11512946715172266,0.3513362449809073,0.3835053093725667
0.193,0.46721929163526754,0.11512946715172266,0.35208982448354487,0.3831483400757276
0.19316666666666665,0.46721929163526754,0.11534346244382623,0.35187582919144134,0.3829829974619877
0.19333333333333333,0.46797287113790503,0.11534346244382623,0.35262940869407877,0.38269463438153367
0.1935,0.46797287113790503,0.1155574577359298,0.35241541340197524,0.38209649580919597
0.19366666666666665,0.4687264506405426,0.1155574577359298,0.3531689929046128,0.38197425253803313
0.19383333333333333,0.4694800301431801,0.1155574577359298,0.35392257240725034,0.3817328548299567
0.194,0.4702336096458176,0.1155574577359298,0.3546761519098878,0.3812153905680716
0.19416666666666665,0.47098718914845517,0.1155574577359298,0.3554297314125254,0.380804979294969
0.19433333333333333,0.4717407686510927,0.1155574577359298,0.3561833109151629,0.3799006722997711
0.1945,0.4724943481537302,0.1155574577359298,0.3569368904178004,0.37973604540682876
0.19466666666666665,0.47324792765636775,0.1155574577359298,0.35769046992043796,0.37954188877755723
0.19483333333333333,0.4740015071590053,0.1155574577359298,0.3584440494230755,0.37929352609250067
0.195,0.4740015071590053,0.11577145302803338,0.3582300541309719,0.37906629436801775
0.19516666666666665,0.4747550866616428,0.11577145302803338,0.3589836336336094,0.37859627788341255
0.19533333333333333,0.4747550866616428,0.11598544832013696,0.3587696383415058,0.3783315790406087
0.1955,0.47550866616428034,0.11598544832013696,0.3595232178441434,0.37801959481592895
0.19566666666666666,0.47550866616428034,0.11619944361224054,0.3593092225520398,0.3778003466720044
0.19583333333333333,0.4762622456669179,0.11619944361224054,0.36006280205467733,0.3768810536476269
0.196,0.4770158251695554,0.11619944361224054,0.3608163815573148,0.37687405554618353
0.19616666666666666,0.4777694046721929,0.11619944361224054,0.36156996105995237,0.37681191056345675
0.19633333333333333,0.47852298417483047,0.11619944361224054,0.3623235405625899,0.3766826542634558
0.1965,0.47852298417483047,0.11641343890434411,0.36210954527048633,0.37657482049352314
0.19666666666666666,0.47852298417483047,0.11662743419644768,0.3618955499783828,0.37625113051305936
0.19683333333333333,0.47927656367746796,0.11662743419644768,0.3626491294810203,0.3760265870171468
0.197,0.47927656367746796,0.11684142948855125,0.3624351341889167,0.3755949243832058
0.19716666666666666,0.47927656367746796,0.11705542478065482,0.3622211388968131,0.3750841295388777
0.19733333333333333,0.4800301431801055,0.11705542478065482,0.36297471839945067,0.37463308674013246
0.1975,0.48078372268274305,0.11705542478065482,0.3637282979020882,0.37382605400277424
0.19766666666666666,0.48153730218538054,0.11705542478065482,0.3644818774047257,0.3735074750394559
0.19783333333333333,0.48153730218538054,0.1172694200727584,0.3642678821126222,0.3732327690800437
0.198,0.4822908816880181,0.1172694200727584,0.3650214616152597,0.3729973054342913
0.19816666666666666,0.4822908816880181,0.11748341536486197,0.36480746632315614,0.3729441724784772
0.19833333333333333,0.4822908816880181,0.11769741065696554,0.36459347103105255,0.37281881251008503
0.1985,0.48304446119065564,0.11769741065696554,0.3653470505336901,0.37268684229164656
0.19866666666666666,0.48304446119065564,0.11791140594906913,0.3651330552415865,0.3726778690592448
0.19883333333333333,0.48379804069329313,0.11791140594906913,0.365886634744224,0.37252117098461285
0.199,0.48379804069329313,0.1181254012411727,0.3656726394521204,0.3719703869456221
0.19916666666666666,0.4845516201959307,0.1181254012411727,0.36642621895475797,0.37150313371937005
0.19933333333333333,0.4845516201959307,0.11833939653327627,0.3662122236626544,0.37134999979314814
0.1995,0.4853051996985682,0.11833939653327627,0.3669658031652919,0.3706875760372643
0.19966666666666666,0.4860587792012057,0.11833939653327627,0.3677193826679295,0.37057065052096716
0.19983333333333334,0.4860587792012057,0.11855339182537984,0.3675053873758259,0.3703781399079398
0.2,0.4860587792012057,0.11876738711748341,0.3672913920837223,0.37036477527424455
0.20016666666666666,0.4860587792012057,0.11898138240958699,0.3670773967916187,0.37029943360047635
0.20033333333333334,0.4860587792012057,0.11919537770169056,0.36686340149951513,0.370130601188312
0.2005,0.4860587792012057,0.11940937299379413,0.3666494062074116,0.3699379921259845
0.20066666666666666,0.4860587792012057,0.11962336828589772,0.366435410915308,0.36951259309257634
0.20083333333333334,0.4860587792012057,0.11983736357800129,0.3662214156232044,0.36895931496851075
0.201,0.48681235870384326,0.11983736357800129,0.366974995125842,0.3683161157780571
0.20116666666666666,0.48681235870384326,0.12005135887010486,0.3667609998337384,0.368096276730677
0.20133333333333334,0.48681235870384326,0.12026535416220843,0.3665470045416348,0.36785160567951813
0.2015,0.48681235870384326,0.120479349454312,0.36633300924953127,0.36761411161037894
0.20166666666666666,0.4875659382064808,0.120479349454312,0.3670865887521688,0.36752011417810976
0.20183333333333334,0.4883195177091183,0.120479349454312,0.3678401682548063,0.3670853706918127
0.202,0.4883195177091183,0.12069334474641558,0.3676261729627027,0.36688976051358696
0.20216666666666666,0.48907309721175585,0.12069334474641558,0.36837975246534027,0.3668118084304127
0.20233333333333334,0.48907309721175585,0.12090734003851915,0.3681657571732367,0.36669693028697886
0.2025,0.48907309721175585,0.12112133533062272,0.3679517618811331,0.3656212735465115
0.20266666666666666,0.4898266767143934,0.12112133533062272,0.36870534138377065,0.36521184362579345
0.20283333333333334,0.4898266767143934,0.1213353306227263,0.3684913460916671,0.3643289434670103
0.203,0.4905802562170309,0.1213353306227263,0.36924492559430455,0.36422190645435626
0.20316666666666666,0.49133383571966843,0.1213353306227263,0.3699985050969421,0.36410423072080456
0.20333333333333334,0.492087415222306,0.1213353306227263,0.37075208459957965,0.3637132142580121
0.2035,0.492087415222306,0.12154932591482988,0.3705380893074761,0.3636821791037864
0.20366666666666666,0.492087415222306,0.12176332120693345,0.37032409401537253,0.3636637548596461
0.20383333333333334,0.49284099472494347,0.12176332120693345,0.37107767351801,0.3635717573290295
0.204,0.49284099472494347,0.12197731649903702,0.37086367822590643,0.36334033687752487
0.20416666666666666,0.49284099472494347,0.1221913117911406,0.37064968293380285,0.36319470258509196
0.20433333333333334,0.493594574227581,0.1221913117911406,0.3714032624364404,0.3630841627061363
0.2045,0.493594574227581,0.12240530708324417,0.37118926714433687,0.36274305158272047
0.20466666666666666,0.493594574227581,0.12261930237534774,0.3709752718522333,0.3625726706887015
0.20483333333333334,0.493594574227581,0.12283329766745131,0.3707612765601297,0.3614502679350417
0.205,0.49434815373021856,0.12283329766745131,0.37151485606276724,0.36050370969701295
0.20516666666666666,0.49434815373021856,0.1230472929595549,0.37130086077066365,0.36012535138724494
0.20533333333333334,0.49434815373021856,0.12326128825165847,0.37108686547856007,0.3596058904824854
0.2055,0.49434815373021856,0.12347528354376204,0.37087287018645654,0.35959705901997857
0.20566666666666666,0.49510173323285606,0.12347528354376204,0.37162644968909403,0.35957564131669617
0.20583333333333334,0.49510173323285606,0.12368927883586561,0.37141245439699044,0.3593509794428195
0.206,0.49510173323285606,0.12390327412796918,0.37119845910488686,0.3593014236975917
0.20616666666666666,0.4958553127354936,0.12390327412796918,0.3719520386075244,0.359094771981979
0.20633333333333334,0.4958553127354936,0.12411726942007276,0.3717380433154208,0.3588023880278696
0.2065,0.4958553127354936,0.12433126471217633,0.3715240480233173,0.3582054433048487
0.20666666666666667,0.49660889223813115,0.12433126471217633,0.37227762752595484,0.3581836675918982
0.20683333333333334,0.49736247174076864,0.12433126471217633,0.3730312070285923,0.357792369197826
0.207,0.49736247174076864,0.1245452600042799,0.37281721173648874,0.35774053074801937
0.20716666666666667,0.49736247174076864,0.12475925529638347,0.37260321644438515,0.3568743695156338
0.20733333333333334,0.49736247174076864,0.12497325058848706,0.37238922115228157,0.3564076499680003
0.2075,0.49736247174076864,0.12518724588059063,0.37217522586017804,0.3564076412039103
0.20766666666666667,0.49736247174076864,0.1254012411726942,0.37196123056807445,0.35606981029645063
0.20783333333333334,0.49736247174076864,0.12561523646479777,0.37174723527597087,0.3558212973147818
0.208,0.4981160512434062,0.12561523646479777,0.3725008147786084,0.35556206297708215
0.20816666666666667,0.49886963074604374,0.12561523646479777,0.37325439428124596,0.3555498243686072
0.20833333333333334,0.49886963074604374,0.12582923175690136,0.3730403989891424,0.3549547771084713
0.2085,0.49886963074604374,0.12604322704900492,0.3728264036970388,0.3549077246704284
0.20866666666666667,0.4996232102486812,0.12604322704900492,0.37357998319967634,0.35490236208819925
0.20883333333333334,0.5003767897513187,0.12604322704900492,0.37433356270231377,0.3542940169177667
0.209,0.5003767897513187,0.1262572223411085,0.37411956741021024,0.3541830986760343
0.20916666666666667,0.5003767897513187,0.12647121763321206,0.37390557211810665,0.35402920383862296
0.20933333333333334,0.5011303692539563,0.12647121763321206,0.3746591516207442,0.35380418550663517
0.2095,0.5011303692539563,0.12668521292531565,0.3744451563286406,0.35377100835007164
0.20966666666666667,0.5011303692539563,0.1268992082174192,0.3742311610365371,0.3533820406864562
0.20983333333333334,0.5011303692539563,0.1271132035095228,0.37401716574443344,0.3532543120121306
0.21,0.5011303692539563,0.12732719880162635,0.3738031704523299,0.3528326026491502
0.21016666666666667,0.5011303692539563,0.12754119409372994,0.37358917516022633,0.35215259143931743
0.21033333333333334,0.5011303692539563,0.12775518938583352,0.37337517986812274,0.35211667880246705
0.2105,0.5011303692539563,0.12796918467793708,0.3731611845760192,0.3519855592142683
0.21066666666666667,0.5011303692539563,0.12818317997004067,0.37294718928391557,0.3518863762733111
0.21083333333333334,0.5018839487565938,0.12818317997004067,0.3737007687865531,0.35174922085646637
0.211,0.5026375282592314,0.12818317997004067,0.37445434828919066,0.3516178847604603
0.21116666666666667,0.5033911077618689,0.12818317997004067,0.3752079277918282,0.35086042046681126
0.21133333333333335,0.5041446872645065,0.12818317997004067,0.37596150729446576,0.3499907893728825
0.2115,0.5048982667671439,0.12818317997004067,0.3767150867971032,0.3498126455983641
0.21166666666666667,0.5048982667671439,0.12839717526214423,0.37650109150499966,0.34947822179695825
0.21183333333333335,0.5056518462697814,0.12839717526214423,0.3772546710076372,0.3493289219607674
0.212,0.5056518462697814,0.1286111705542478,0.3770406757155336,0.34852138964227825
0.21216666666666667,0.5056518462697814,0.12882516584635137,0.37682668042343004,0.34821359468232915
0.21233333333333335,0.506405425772419,0.12882516584635137,0.3775802599260676,0.34817319417180814
0.2125,0.506405425772419,0.12903916113845496,0.37736626463396405,0.3475033229832551
0.21266666666666667,0.506405425772419,0.12925315643055854,0.3771522693418604,0.3474704104593334
0.21283333333333335,0.506405425772419,0.1294671517226621,0.3769382740497569,0.34746877298836476
0.213,0.506405425772419,0.12968114701476569,0.3767242787576533,0.3470301924202615
0.21316666666666667,0.506405425772419,0.12989514230686924,0.3765102834655497,0.3468581382268928
0.21333333333333335,0.506405425772419,0.13010913759897283,0.3762962881734462,0.3455193161086955
0.2135,0.5071590052750565,0.13010913759897283,0.3770498676760837,0.3451471309268273
0.21366666666666667,0.5071590052750565,0.1303231328910764,0.37683587238398014,0.34490495497901247
0.21383333333333332,0.5071590052750565,0.13053712818317997,0.37662187709187656,0.34486627366938843
0.214,0.5079125847776941,0.13053712818317997,0.3773754565945141,0.3441611257732952
0.21416666666666667,0.5079125847776941,0.13075112347528353,0.37716146130241057,0.34401460470483236
0.21433333333333332,0.5079125847776941,0.13096511876738712,0.37694746601030693,0.3437599422967507
0.2145,0.5079125847776941,0.1311791140594907,0.3767334707182034,0.34352347485812806
0.21466666666666667,0.5079125847776941,0.13139310935159426,0.3765194754260998,0.343429053741688
0.21483333333333332,0.5079125847776941,0.13160710464369785,0.37630548013399623,0.3433527772070185
0.215,0.5079125847776941,0.1318210999358014,0.3760914848418927,0.34294946530230896
0.21516666666666667,0.5086661642803316,0.1318210999358014,0.37684506434453025,0.34283662231372775
0.21533333333333332,0.5094197437829691,0.1318210999358014,0.3775986438471677,0.3427334841177578
0.2155,0.5094197437829691,0.132035095227905,0.37738464855506404,0.3423826961189562
0.21566666666666667,0.5094197437829691,0.13224909052000855,0.3771706532629605,0.3422396391731657
0.21583333333333332,0.5101733232856066,0.13224909052000855,0.37792423276559806,0.3418172202231154
0.216,0.5109269027882442,0.13224909052000855,0.3786778122682356,0.3417455014825865
0.21616666666666667,0.5116804822908817,0.13224909052000855,0.37943139177087315,0.3415409452624183
0.21633333333333332,0.5124340617935192,0.13224909052000855,0.3801849712735107,0.34140035206170777
0.2165,0.5131876412961568,0.13224909052000855,0.38093855077614824,0.3413766514150226
0.21666666666666667,0.5131876412961568,0.13246308581211214,0.38072455548404466,0.34131789988813466
0.21683333333333332,0.5131876412961568,0.1326770811042157,0.38051056019194107,0.3411379856146898
0.217,0.5131876412961568,0.13289107639631928,0.38029656489983754,0.3411056297266176
0.21716666666666667,0.5139412207987942,0.13289107639631928,0.381050144402475,0.34086576912577615
0.21733333333333332,0.5139412207987942,0.13310507168842287,0.38083614911037134,0.34073957867442617
0.2175,0.5139412207987942,0.13331906698052642,0.3806221538182678,0.34053511723203733
0.21766666666666667,0.5139412207987942,0.13353306227263,0.3804081585261642,0.3402688861686099
0.21783333333333332,0.5139412207987942,0.13374705756473357,0.38019416323406063,0.34001688641210065
0.218,0.5139412207987942,0.13396105285683715,0.3799801679419571,0.3394109619733858
0.21816666666666668,0.5139412207987942,0.1341750481489407,0.3797661726498535,0.3393214466320895
0.21833333333333332,0.5146948003014318,0.1341750481489407,0.38051975215249106,0.3384586741303499
0.2185,0.5146948003014318,0.1343890434410443,0.3803057568603875,0.33824853946244277
0.21866666666666668,0.5154483798040693,0.1343890434410443,0.381059336363025,0.3380517504415229
0.21883333333333332,0.5154483798040693,0.13460303873314788,0.38084534107092144,0.3373928565488588
0.219,0.5154483798040693,0.13481703402525144,0.38063134577881785,0.3372623900174772
0.21916666666666668,0.5162019593067069,0.13481703402525144,0.3813849252814554,0.3368977643008391
0.21933333333333332,0.5162019593067069,0.13503102931735503,0.38117092998935187,0.3368223047936658
0.2195,0.5162019593067069,0.1352450246094586,0.3809569346972483,0.33670937509353377
0.21966666666666668,0.5162019593067069,0.13545901990156217,0.3807429394051447,0.33666803251004424
0.21983333333333333,0.5169555388093444,0.13545901990156217,0.38149651890778224,0.3363845135026007
0.22,0.5169555388093444,0.13567301519366573,0.3812825236156787,0.3356659115916647
0.22016666666666668,0.5169555388093444,0.13588701048576932,0.3810685283235751,0.33556901047736143
0.22033333333333333,0.5169555388093444,0.13610100577787287,0.38085453303147154,0.3355129755186565
0.2205,0.517709118311982,0.13610100577787287,0.3816081125341091,0.335238258993788
0.22066666666666668,0.517709118311982,0.13631500106997646,0.3813941172420055,0.3351397709251214
0.22083333333333333,0.517709118311982,0.13652899636208005,0.3811801219499019,0.33511507948658625
0.221,0.517709118311982,0.1367429916541836,0.3809661266577984,0.3344690951779697
0.22116666666666668,0.517709118311982,0.1369569869462872,0.38075213136569475,0.3342807829534032
0.22133333333333333,0.5184626978146194,0.1369569869462872,0.3815057108683322,0.33353529484278516
0.2215,0.5184626978146194,0.13717098223839075,0.38129171557622865,0.33348996795956615
0.22166666666666668,0.5184626978146194,0.13738497753049433,0.38107772028412507,0.33327294052344003
0.22183333333333333,0.5184626978146194,0.1375989728225979,0.3808637249920215,0.3327031299893801
0.222,0.5184626978146194,0.13781296811470148,0.38064972969991795,0.3324474289050168
0.22216666666666668,0.5184626978146194,0.13802696340680504,0.38043573440781436,0.3323065282976467
0.22233333333333333,0.5184626978146194,0.13824095869890862,0.3802217391157108,0.33228171266065915
0.2225,0.5184626978146194,0.1384549539910122,0.3800077438236072,0.33216725367091304
0.22266666666666668,0.519216277317257,0.1384549539910122,0.38076132332624474,0.3320998644423676
0.22283333333333333,0.5199698568198945,0.1384549539910122,0.3815149028288823,0.33202012379348844
0.223,0.520723436322532,0.1384549539910122,0.38226848233151983,0.33200301116352204
0.22316666666666668,0.520723436322532,0.13866894928311577,0.38205448703941625,0.3316941014849277
0.22333333333333333,0.520723436322532,0.13888294457521935,0.3818404917473127,0.33163828526324696
0.2235,0.5214770158251696,0.13888294457521935,0.38259407124995026,0.3312089242337604
0.22366666666666668,0.5222305953278071,0.13888294457521935,0.3833476507525878,0.330849921160019
0.22383333333333333,0.5229841748304446,0.13888294457521935,0.38410123025522525,0.3307931432863985
0.224,0.5229841748304446,0.1390969398673229,0.38388723496312166,0.3307410976768538
0.22416666666666665,0.5229841748304446,0.1393109351594265,0.3836732396710181,0.3302290506470556
0.22433333333333333,0.5237377543330821,0.1393109351594265,0.3844268191736556,0.33010815547054667
0.2245,0.5237377543330821,0.13952493045153005,0.3842128238815521,0.32993343336999953
0.22466666666666665,0.5237377543330821,0.13973892574363364,0.38399882858944845,0.3293046823642709
0.22483333333333333,0.5237377543330821,0.13995292103573723,0.3837848332973449,0.3289417582306218
0.225,0.5237377543330821,0.14016691632784078,0.38357083800524133,0.32892362851918955
0.22516666666666665,0.5237377543330821,0.14038091161994437,0.38335684271313775,0.3288980073970188
0.22533333333333333,0.5237377543330821,0.14059490691204793,0.3831428474210342,0.32871583975946694
0.2255,0.5244913338357197,0.14059490691204793,0.38389642692367176,0.3286449328645336
0.22566666666666665,0.5252449133383572,0.14059490691204793,0.3846500064263093,0.32844048423631955
0.22583333333333333,0.5252449133383572,0.14080890220415151,0.38443601113420567,0.3279138761014102
0.226,0.5252449133383572,0.14102289749625507,0.38422201584210214,0.32736812310768376
0.22616666666666665,0.5252449133383572,0.14123689278835866,0.38400802054999855,0.3272402109976951
0.22633333333333333,0.5252449133383572,0.14145088808046222,0.38379402525789497,0.32601591433044397
0.2265,0.5252449133383572,0.1416648833725658,0.38358002996579144,0.32548695039404074
0.22666666666666666,0.5252449133383572,0.1418788786646694,0.3833660346736878,0.3253616257219862
0.22683333333333333,0.5259984928409948,0.1418788786646694,0.38411961417632534,0.3253499906143172
0.227,0.5259984928409948,0.14209287395677295,0.3839056188842218,0.3250021082452918
0.22716666666666666,0.5267520723436323,0.14209287395677295,0.38465919838685936,0.3248691404450543
0.22733333333333333,0.5267520723436323,0.14230686924887653,0.38444520309475577,0.3243941927880597
0.2275,0.5267520723436323,0.1425208645409801,0.3842312078026522,0.323048896755606
0.22766666666666666,0.5267520723436323,0.14273485983308368,0.38401721251054866,0.32301253001197966
0.22783333333333333,0.5275056518462697,0.14273485983308368,0.3847707920131861,0.3220446246430983
0.228,0.5275056518462697,0.14294885512518724,0.3845567967210825,0.3218957369357274
0.22816666666666666,0.5275056518462697,0.14316285041729082,0.3843428014289789,0.3215925032831619
0.22833333333333333,0.5275056518462697,0.1433768457093944,0.38412880613687533,0.32135771058098306
0.2285,0.5275056518462697,0.14359084100149797,0.38391481084477175,0.3213571781635308
0.22866666666666666,0.5275056518462697,0.14380483629360155,0.3837008155526682,0.32091461442014707
0.22883333333333333,0.5275056518462697,0.1440188315857051,0.38348682026056463,0.320473113291904
0.229,0.5282592313489073,0.1440188315857051,0.3842403997632022,0.3204622308337619
0.22916666666666666,0.5282592313489073,0.1442328268778087,0.3840264044710986,0.32024985405874046
0.22933333333333333,0.5290128108515448,0.1442328268778087,0.38477998397373614,0.32017226358040446
0.2295,0.5290128108515448,0.14444682216991225,0.3845659886816326,0.31999856829332174
0.22966666666666666,0.5297663903541824,0.14444682216991225,0.38531956818427016,0.3188230496548772
0.22983333333333333,0.5305199698568199,0.14444682216991225,0.3860731476869077,0.3182636761188831
0.23,0.5305199698568199,0.14466081746201584,0.38585915239480406,0.31763538862141066
0.23016666666666666,0.5305199698568199,0.1448748127541194,0.38564515710270053,0.3171303624116407
0.23033333333333333,0.5305199698568199,0.14508880804622298,0.38543116181059695,0.3164282511901879
0.2305,0.5305199698568199,0.14530280333832657,0.38521716651849336,0.316295538992118
0.23066666666666666,0.5305199698568199,0.14551679863043013,0.38500317122638983,0.3161911595692252
0.23083333333333333,0.5305199698568199,0.1457307939225337,0.3847891759342862,0.3157007130701422
0.231,0.5305199698568199,0.14594478921463727,0.38457518064218266,0.31551804827624813
0.23116666666666666,0.5305199698568199,0.14615878450674086,0.38436118535007907,0.3153102075570926
0.23133333333333334,0.5305199698568199,0.14637277979884442,0.3841471900579755,0.31524959913320877
0.2315,0.5305199698568199,0.146586775090948,0.38393319476587195,0.31450144731184954
0.23166666666666666,0.5305199698568199,0.14680077038305156,0.38371919947376837,0.3143063056389224
0.23183333333333334,0.5312735493594575,0.14680077038305156,0.3844727789764059,0.3135383922241296
0.232,0.5320271288620949,0.14680077038305156,0.38522635847904335,0.31344401588113996
0.23216666666666666,0.5320271288620949,0.14701476567515515,0.38501236318693977,0.3114406832003863
0.23233333333333334,0.5327807083647325,0.14701476567515515,0.3857659426895773,0.3112725334399757
0.2325,0.5327807083647325,0.14722876096725873,0.3855519473974737,0.31092321897346875
0.23266666666666666,0.5327807083647325,0.1474427562593623,0.38533795210537014,0.3097189145212194
0.23283333333333334,0.5327807083647325,0.14765675155146588,0.3851239568132666,0.3093065940447172
0.233,0.5327807083647325,0.14787074684356943,0.384909961521163,0.30927675099369806
0.23316666666666666,0.53353428786737,0.14787074684356943,0.38566354102380057,0.30909592135672365
0.23333333333333334,0.53353428786737,0.14808474213567302,0.385449545731697,0.30877710319616175
0.2335,0.53353428786737,0.14829873742777658,0.38523555043959345,0.3086638219094909
0.23366666666666666,0.53353428786737,0.14851273271988016,0.3850215551474898,0.3083390146884268
0.23383333333333334,0.53353428786737,0.14872672801198375,0.3848075598553863,0.30801773001435084
0.234,0.5342878673700076,0.14872672801198375,0.38556113935802383,0.3079841140240897
0.23416666666666666,0.5342878673700076,0.1489407233040873,0.38534714406592024,0.30781371015668374
0.23433333333333334,0.5342878673700076,0.1491547185961909,0.38513314877381666,0.30775076420870473
0.2345,0.5342878673700076,0.14936871388829445,0.3849191534817131,0.30711016821979853
0.23466666666666666,0.5342878673700076,0.14958270918039804,0.3847051581896095,0.30692579821468985
0.23483333333333334,0.5342878673700076,0.1497967044725016,0.38449116289750596,0.3067593472791435
0.235,0.5350414468726451,0.1497967044725016,0.3852447424001435,0.3066255589510576
0.23516666666666666,0.5357950263752826,0.1497967044725016,0.38599832190278105,0.3063334846963532
0.23533333333333334,0.5357950263752826,0.15001069976460518,0.38578432661067746,0.30620672927383547
0.2355,0.5357950263752826,0.15022469505670874,0.3855703313185739,0.30608732427969276
0.23566666666666666,0.5357950263752826,0.15043869034881233,0.38535633602647035,0.3060601913278029
0.23583333333333334,0.5357950263752826,0.1506526856409159,0.3851423407343667,0.3058963949955306
0.236,0.5365486058779201,0.1506526856409159,0.38589592023700414,0.3056945014687525
0.23616666666666666,0.5365486058779201,0.15086668093301947,0.3856819249449006,0.30484683044128097
0.23633333333333334,0.5365486058779201,0.15108067622512306,0.385467929652797,0.3045550973011421
0.2365,0.5365486058779201,0.15129467151722661,0.38525393436069344,0.3044361592423841
0.23666666666666666,0.5365486058779201,0.1515086668093302,0.3850399390685899,0.30442441220185684
0.23683333333333334,0.5365486058779201,0.15172266210143376,0.3848259437764863,0.30432590029115875
0.237,0.5365486058779201,0.15193665739353734,0.38461194848438274,0.3041839337110148
0.23716666666666666,0.5365486058779201,0.1521506526856409,0.3843979531922792,0.3041355242707336
0.23733333333333334,0.5365486058779201,0.1523646479777445,0.38418395790017557,0.30406740964886664
0.2375,0.5365486058779201,0.15257864326984807,0.38396996260807204,0.30383300445268513
0.23766666666666666,0.5373021853805576,0.15257864326984807,0.3847235421107096,0.3037832342661649
0.23783333333333334,0.5373021853805576,0.15279263856195163,0.384509546818606,0.30377256600420915
0.238,0.5373021853805576,0.15300663385405522,0.3842955515265024,0.30373071951204
0.23816666666666667,0.5373021853805576,0.15322062914615878,0.3840815562343989,0.30299704051806964
0.23833333333333334,0.5373021853805576,0.15343462443826236,0.38386756094229524,0.30298755671980454
0.2385,0.5380557648831952,0.15343462443826236,0.3846211404449328,0.3027385872835678
0.23866666666666667,0.5380557648831952,0.15364861973036592,0.38440714515282925,0.30249480798706246
0.23883333333333334,0.5380557648831952,0.1538626150224695,0.38419314986072567,0.30211429214833985
0.239,0.5388093443858327,0.1538626150224695,0.3849467293633632,0.30208340808348777
0.23916666666666667,0.5388093443858327,0.1540766103145731,0.38473273407125963,0.30132018964072904
0.23933333333333334,0.5388093443858327,0.15429060560667665,0.3845187387791561,0.3009325995299777
0.2395,0.5395629238884703,0.15429060560667665,0.38527231828179365,0.3006375555246841
0.23966666666666667,0.5403165033911078,0.15429060560667665,0.3860258977844312,0.3003868471028959
0.23983333333333334,0.5403165033911078,0.15450460089878024,0.38581190249232755,0.300127198093879
0.24,0.5403165033911078,0.1547185961908838,0.385597907200224,0.2991447434905351
0.24016666666666667,0.5410700828937453,0.1547185961908838,0.38635148670286146,0.2987103772658276
0.24033333333333334,0.5410700828937453,0.15493259148298738,0.38613749141075787,0.29762134477677954
0.2405,0.5410700828937453,0.15514658677509094,0.3859234961186543,0.29751762550024574
0.24066666666666667,0.5410700828937453,0.15536058206719452,0.38570950082655076,0.29692259013305644
0.24083333333333334,0.5418236623963828,0.15536058206719452,0.3864630803291883,0.29533441654382186
0.241,0.5418236623963828,0.15557457735929808,0.3862490850370847,0.29516858954800196
0.24116666666666667,0.5418236623963828,0.15578857265140167,0.38603508974498113,0.2949554250669604
0.24133333333333334,0.5425772418990203,0.15578857265140167,0.3867886692476187,0.29391596265306213
0.2415,0.5425772418990203,0.15600256794350525,0.3865746739555151,0.2936621820458915
0.24166666666666667,0.5425772418990203,0.1562165632356088,0.3863606786634115,0.2936063809727237
0.24183333333333334,0.5433308214016579,0.1562165632356088,0.38711425816604905,0.2933369024707388
0.242,0.5433308214016579,0.1564305585277124,0.3869002628739455,0.29332812594453894
0.24216666666666667,0.5433308214016579,0.15664455381981596,0.38668626758184194,0.2931199042693315
0.24233333333333335,0.5440844009042954,0.15664455381981596,0.3874398470844795,0.29310999265179766
0.2425,0.544837980406933,0.15664455381981596,0.38819342658711703,0.29292333577122587
0.24266666666666667,0.5455915599095704,0.15664455381981596,0.38894700608975447,0.2929090894059286
0.24283333333333335,0.5455915599095704,0.15685854911191954,0.3887330107976509,0.29286945009752985
0.243,0.5455915599095704,0.1570725444040231,0.38851901550554735,0.2927496425344847
0.24316666666666667,0.5455915599095704,0.1572865396961267,0.3883050202134437,0.2926086113450802
0.24333333333333335,0.5455915599095704,0.15750053498823025,0.3880910249213402,0.2924651713661818
0.2435,0.5455915599095704,0.15771453028033383,0.3878770296292366,0.2921888585939777
0.24366666666666667,0.5455915599095704,0.15792852557243742,0.387663034337133,0.2921819402539785
0.24383333333333335,0.5455915599095704,0.15814252086454098,0.3874490390450295,0.29201859379685063
0.244,0.5455915599095704,0.15835651615664456,0.38723504375292583,0.29162113874113393
0.24416666666666667,0.5455915599095704,0.15857051144874812,0.3870210484608223,0.2913413101714151
0.24433333333333335,0.5455915599095704,0.1587845067408517,0.3868070531687187,0.29102764323716557
0.2445,0.5455915599095704,0.15899850203295526,0.38659305787661513,0.2908079790192125
0.24466666666666667,0.5455915599095704,0.15921249732505885,0.3863790625845116,0.2907208367014906
0.24483333333333332,0.5455915599095704,0.15942649261716244,0.38616506729240796,0.2907161639767293
0.245,0.5455915599095704,0.159640487909266,0.38595107200030443,0.29043094949681814
0.24516666666666667,0.5455915599095704,0.15985448320136958,0.38573707670820084,0.29017699256088414
0.24533333333333332,0.546345139412208,0.15985448320136958,0.3864906562108384,0.2897801238897741
0.2455,0.5470987189148455,0.15985448320136958,0.38724423571347594,0.2894001939673056
0.24566666666666667,0.5478522984174831,0.15985448320136958,0.3879978152161135,0.2893386441582515
0.24583333333333332,0.5478522984174831,0.16006847849347314,0.3877838199240099,0.28898201278772445
0.246,0.5486058779201206,0.16006847849347314,0.38853739942664745,0.2887770108264658
0.24616666666666667,0.5486058779201206,0.16028247378557672,0.3883234041345439,0.28875083425098025
0.24633333333333332,0.5486058779201206,0.16049646907768028,0.38810940884244033,0.2884413323214
0.2465,0.5486058779201206,0.16071046436978387,0.38789541355033674,0.2880942989935181
0.24666666666666667,0.5486058779201206,0.16092445966188743,0.3876814182582332,0.2880496099577422
0.24683333333333332,0.5486058779201206,0.161138454953991,0.38746742296612957,0.2880391295457605
0.247,0.549359457422758,0.161138454953991,0.388221002468767,0.28797732861100284
0.24716666666666667,0.549359457422758,0.1613524502460946,0.3880070071766635,0.28783435964349663
0.24733333333333332,0.549359457422758,0.16156644553819816,0.3877930118845599,0.2877976167404525
0.2475,0.5501130369253956,0.16156644553819816,0.38854659138719744,0.2877484854492879
0.24766666666666667,0.5508666164280331,0.16156644553819816,0.389300170889835,0.2874480336671797
0.24783333333333332,0.5508666164280331,0.16178044083030174,0.3890861755977314,0.2870982284491258
0.248,0.5508666164280331,0.1619944361224053,0.38887218030562787,0.2869074762287679
0.24816666666666667,0.5508666164280331,0.16220843141450889,0.3886581850135242,0.2865950791226252
0.24833333333333332,0.5516201959306707,0.16220843141450889,0.3894117645161618,0.28639075434742545
0.2485,0.5516201959306707,0.16242242670661244,0.38919776922405824,0.2863462716738523
0.24866666666666667,0.5516201959306707,0.16263642199871603,0.38898377393195466,0.2862487693140093
0.24883333333333332,0.5523737754333082,0.16263642199871603,0.3897373534345922,0.285735111807262
0.249,0.5523737754333082,0.16285041729081962,0.3895233581424886,0.2855424419691406
0.24916666666666668,0.5523737754333082,0.16306441258292317,0.3893093628503851,0.28551827220090537
0.24933333333333332,0.5523737754333082,0.16327840787502676,0.38909536755828145,0.28551075718874275
0.2495,0.5531273549359458,0.16327840787502676,0.389848947060919,0.28528104025568807
0.24966666666666668,0.5531273549359458,0.16349240316713032,0.38963495176881546,0.2852610217438595
0.24983333333333332,0.5531273549359458,0.1637063984592339,0.3894209564767119,0.28501922668144397
0.25,0.5531273549359458,0.16392039375133746,0.3892069611846083,0.28478117663318053
0.25016666666666665,0.5531273549359458,0.16413438904344105,0.38899296589250476,0.28472640129170573
0.25033333333333335,0.5538809344385832,0.16413438904344105,0.3897465453951422,0.28466407766498236
0.2505,0.5546345139412208,0.16413438904344105,0.39050012489777974,0.2845002458489168
0.25066666666666665,0.5546345139412208,0.1643483843355446,0.39028612960567616,0.28416721045490684
0.25083333333333335,0.5546345139412208,0.1645623796276482,0.39007213431357257,0.28400384219571306
0.251,0.5546345139412208,0.16477637491975178,0.389858139021469,0.2838989310240012
0.25116666666666665,0.5546345139412208,0.16499037021185534,0.3896441437293654,0.28380725161863973
0.25133333333333335,0.5553880934438583,0.16499037021185534,0.39039772323200295,0.2837874706234213
0.2515,0.5553880934438583,0.16520436550395892,0.3901837279398994,0.28370786832725237
0.25166666666666665,0.5553880934438583,0.16541836079606248,0.38996973264779583,0.28344763958518066
0.25183333333333335,0.5561416729464959,0.16541836079606248,0.3907233121504334,0.28337389472991575
0.252,0.5561416729464959,0.16563235608816607,0.3905093168583298,0.2833049182919959
0.25216666666666665,0.5561416729464959,0.16584635138026962,0.39029532156622626,0.28305082706230034
0.25233333333333335,0.5561416729464959,0.1660603466723732,0.3900813262741226,0.28254300645590386
0.2525,0.5561416729464959,0.16627434196447677,0.3898673309820191,0.2824882887812322
0.25266666666666665,0.5561416729464959,0.16648833725658035,0.3896533356899155,0.2818133758893923
0.25283333333333335,0.5568952524491334,0.16648833725658035,0.39040691519255305,0.28131805086164974
0.253,0.5568952524491334,0.16670233254868394,0.39019291990044946,0.28110355945794196
0.25316666666666665,0.5568952524491334,0.1669163278407875,0.38997892460834593,0.2810038427164293
0.25333333333333335,0.5568952524491334,0.16713032313289108,0.3897649293162423,0.2808201108671085
0.2535,0.5568952524491334,0.16734431842499464,0.38955093402413876,0.28066257624508867
0.25366666666666665,0.5568952524491334,0.16755831371709823,0.3893369387320352,0.2804613415802024
0.25383333333333336,0.5568952524491334,0.1677723090092018,0.3891229434399316,0.2804409825142336
0.254,0.557648831951771,0.1677723090092018,0.38987652294256914,0.28037298041059944
0.25416666666666665,0.557648831951771,0.16798630430130537,0.3896625276504656,0.28028832296354567
0.25433333333333336,0.557648831951771,0.16820029959340896,0.38944853235836197,0.280111209986028
0.2545,0.557648831951771,0.16841429488551252,0.38923453706625843,0.2792623173333813
0.25466666666666665,0.557648831951771,0.1686282901776161,0.38902054177415485,0.2791580549552533
0.25483333333333336,0.557648831951771,0.16884228546971966,0.38880654648205126,0.27885174605707747
0.255,0.557648831951771,0.16905628076182325,0.38859255118994773,0.2785680729049808
0.25516666666666665,0.557648831951771,0.1692702760539268,0.38837855589784415,0.27854536800573815
0.25533333333333336,0.5584024114544084,0.1692702760539268,0.3891321354004816,0.2783422865332286
0.2555,0.5584024114544084,0.1694842713460304,0.388918140108378,0.2782502778186361
0.25566666666666665,0.5584024114544084,0.16969826663813395,0.38870414481627447,0.2780406265509612
0.25583333333333336,0.5584024114544084,0.16991226193023753,0.3884901495241708,0.2779192750868508
0.256,0.5584024114544084,0.17012625722234112,0.3882761542320673,0.27753853815218976
0.25616666666666665,0.5584024114544084,0.17034025251444468,0.3880621589399637,0.2773796416749522
0.25633333333333336,0.5591559909570459,0.17034025251444468,0.38881573844260126,0.2772393709597787
0.2565,0.5591559909570459,0.17055424780654826,0.38860174315049767,0.27718357674316996
0.25666666666666665,0.5599095704596835,0.17055424780654826,0.3893553226531352,0.2770175236243262
0.25683333333333336,0.5599095704596835,0.17076824309865182,0.3891413273610317,0.27694723177193614
0.257,0.5599095704596835,0.1709822383907554,0.38892733206892804,0.2765743509701582
0.25716666666666665,0.560663149962321,0.1709822383907554,0.3896809115715656,0.2765303138730239
0.25733333333333336,0.560663149962321,0.17119623368285897,0.38946691627946206,0.2762336672656061
0.2575,0.560663149962321,0.17141022897496255,0.3892529209873585,0.2762034373261744
0.25766666666666665,0.560663149962321,0.1716242242670661,0.3890389256952549,0.2760598504514032
0.25783333333333336,0.560663149962321,0.1718382195591697,0.38882493040315136,0.27586171962378164
0.258,0.560663149962321,0.17205221485127328,0.3886109351110477,0.27581843866634653
0.25816666666666666,0.560663149962321,0.17226621014337684,0.3883969398189442,0.27574505065037064
0.25833333333333336,0.560663149962321,0.17248020543548043,0.3881829445268406,0.2755803405622213
0.2585,0.560663149962321,0.17269420072758399,0.387968949234737,0.27551294199372245
0.25866666666666666,0.560663149962321,0.17290819601968757,0.3877549539426335,0.27545409099497736
0.25883333333333336,0.5614167294649586,0.17290819601968757,0.38850853344527103,0.2752304759206369
0.259,0.5614167294649586,0.17312219131179113,0.38829453815316745,0.2741764723901358
0.25916666666666666,0.5614167294649586,0.17333618660389472,0.38808054286106386,0.2741441147359924
0.25933333333333336,0.5614167294649586,0.1735501818959983,0.3878665475689603,0.2740869877377842
0.2595,0.5614167294649586,0.17376417718810186,0.3876525522768567,0.2738633223636863
0.25966666666666666,0.5614167294649586,0.17397817248020545,0.38743855698475316,0.27369897249974984
0.25983333333333336,0.5614167294649586,0.174192167772309,0.38722456169264957,0.27337759511394394
0.26,0.5614167294649586,0.1744061630644126,0.387010566400546,0.2730945516936361
0.26016666666666666,0.5614167294649586,0.17462015835651615,0.38679657110844246,0.27301239655545734
0.26033333333333336,0.5621703089675961,0.17462015835651615,0.38755015061108,0.27296990477576616
0.2605,0.5621703089675961,0.17483415364861973,0.38733615531897636,0.272139755636486
0.26066666666666666,0.5621703089675961,0.1750481489407233,0.38712216002687283,0.2710831099210867
0.2608333333333333,0.5621703089675961,0.17526214423282688,0.38690816473476924,0.2708891906069092
0.261,0.5621703089675961,0.17547613952493046,0.38669416944266566,0.2708337763657654
0.26116666666666666,0.5621703089675961,0.17569013481703402,0.38648017415056213,0.2707374174960821
0.2613333333333333,0.5629238884702336,0.17569013481703402,0.38723375365319956,0.27066439890976346
0.2615,0.5629238884702336,0.1759041301091376,0.3870197583610959,0.2705006450894912
0.26166666666666666,0.5629238884702336,0.17611812540124117,0.3868057630689924,0.27019792501634093
0.2618333333333333,0.5629238884702336,0.17633212069334475,0.3865917677768888,0.2695067967889039
0.262,0.5629238884702336,0.1765461159854483,0.3863777724847852,0.26946063876034304
0.26216666666666666,0.5629238884702336,0.1767601112775519,0.3861637771926817,0.26909207121151113
0.2623333333333333,0.5629238884702336,0.17697410656965545,0.3859497819005781,0.26900159486622083
0.2625,0.5629238884702336,0.17718810186175904,0.3857357866084745,0.2688326427363231
0.26266666666666666,0.5629238884702336,0.17740209715386263,0.38552179131637093,0.2686844488745329
0.2628333333333333,0.5629238884702336,0.17761609244596618,0.38530779602426735,0.26832009243168825
0.263,0.5629238884702336,0.17783008773806977,0.3850938007321638,0.2679606341590658
0.26316666666666666,0.5636774679728711,0.17783008773806977,0.38584738023480136,0.26742389162013713
0.2633333333333333,0.5636774679728711,0.17804408303017333,0.3856333849426978,0.2673839258768652
0.2635,0.5636774679728711,0.1782580783222769,0.3854193896505942,0.26682051954731506
0.26366666666666666,0.5636774679728711,0.17847207361438047,0.38520539435849066,0.2666759551484288
0.2638333333333333,0.5644310474755087,0.17847207361438047,0.3859589738611282,0.2662398713286829
0.264,0.5644310474755087,0.17868606890648406,0.38574497856902457,0.2660785857773388
0.26416666666666666,0.5644310474755087,0.17890006419858764,0.38553098327692104,0.2657445958282645
0.2643333333333333,0.5644310474755087,0.1791140594906912,0.38531698798481745,0.26536839755289077
0.2645,0.5644310474755087,0.1793280547827948,0.38510299269271386,0.26522636093002927
0.26466666666666666,0.5644310474755087,0.17954205007489835,0.38488899740061033,0.26515190140155404
0.2648333333333333,0.5644310474755087,0.17975604536700193,0.3846750021085067,0.26505580499566866
0.265,0.5644310474755087,0.1799700406591055,0.38446100681640316,0.2643464998798532
0.26516666666666666,0.5644310474755087,0.18018403595120908,0.3842470115242996,0.2642837660828869
0.2653333333333333,0.5644310474755087,0.18039803124331263,0.384033016232196,0.264273269562075
0.2655,0.5644310474755087,0.18061202653541622,0.38381902094009246,0.26400566453310503
0.26566666666666666,0.5651846269781462,0.18061202653541622,0.38457260044273,0.26368196375505326
0.2658333333333333,0.5651846269781462,0.1808260218275198,0.38435860515062636,0.26361075051899074
0.266,0.5651846269781462,0.18104001711962336,0.38414460985852283,0.26316228351729254
0.26616666666666666,0.5651846269781462,0.18125401241172695,0.38393061456641925,0.2630414064530363
0.2663333333333333,0.5651846269781462,0.1814680077038305,0.38371661927431566,0.26302976751807144
0.2665,0.5659382064807837,0.1814680077038305,0.3844701987769532,0.2629335267363744
0.26666666666666666,0.5659382064807837,0.1816820029959341,0.3842562034848497,0.2624465817303368
0.2668333333333333,0.5666917859834213,0.1816820029959341,0.3850097829874872,0.26182624033757645
0.267,0.5666917859834213,0.18189599828803765,0.38479578769538364,0.2617186684529684
0.26716666666666666,0.5666917859834213,0.18210999358014124,0.38458179240328005,0.26150467946934014
0.2673333333333333,0.5674453654860587,0.18210999358014124,0.3853353719059175,0.2612257316562856
0.2675,0.5674453654860587,0.18232398887224482,0.3851213766138139,0.26114782533425984
0.26766666666666666,0.5674453654860587,0.18253798416434838,0.3849073813217103,0.26096761698193327
0.2678333333333333,0.5674453654860587,0.18275197945645197,0.3846933860296068,0.2608457434797503
0.268,0.5674453654860587,0.18296597474855553,0.3844793907375032,0.2604790365560924
0.26816666666666666,0.5674453654860587,0.1831799700406591,0.3842653954453996,0.2602679180400608
0.2683333333333333,0.5674453654860587,0.18339396533276267,0.3840514001532961,0.2601637049074524
0.2685,0.5674453654860587,0.18360796062486626,0.38383740486119244,0.26012553105367325
0.26866666666666666,0.5674453654860587,0.18382195591696981,0.3836234095690889,0.25993962393985254
0.2688333333333333,0.5674453654860587,0.1840359512090734,0.3834094142769853,0.25979401344635683
0.269,0.5674453654860587,0.184249946501177,0.38319541898488174,0.2590380886633844
0.26916666666666667,0.5674453654860587,0.18446394179328054,0.3829814236927782,0.2589430225695869
0.2693333333333333,0.5674453654860587,0.18467793708538413,0.38276742840067457,0.2588868863241594
0.2695,0.5674453654860587,0.1848919323774877,0.38255343310857104,0.2588081329374033
0.26966666666666667,0.5674453654860587,0.18510592766959127,0.38233943781646745,0.25871935463490686
0.2698333333333333,0.5681989449886963,0.18510592766959127,0.383093017319105,0.25870332321818706
0.27,0.5681989449886963,0.18531992296169483,0.3828790220270014,0.25853782682084303
0.27016666666666667,0.5689525244913338,0.18531992296169483,0.38363260152963896,0.258370745605647
0.2703333333333333,0.5689525244913338,0.18553391825379842,0.38341860623753543,0.25830045305954347
0.2705,0.5689525244913338,0.18574791354590198,0.38320461094543184,0.2582682525317681
0.27066666666666667,0.5689525244913338,0.18596190883800556,0.38299061565332826,0.25786509366141686
0.2708333333333333,0.5697061039939714,0.18596190883800556,0.3837441951559658,0.25752494859375563
0.271,0.5697061039939714,0.18617590413010915,0.3835301998638622,0.25730480110815057
0.27116666666666667,0.5704596834966089,0.18617590413010915,0.38428377936649977,0.25714587030661146
0.2713333333333333,0.5712132629992465,0.18617590413010915,0.3850373588691373,0.2569427529935386
0.2715,0.5712132629992465,0.1863898994222127,0.38482336357703373,0.2567022403835361
0.27166666666666667,0.5712132629992465,0.1866038947143163,0.3846093682849302,0.25633950269237127
0.2718333333333333,0.5712132629992465,0.18681789000641985,0.3843953729928266,0.25620044185482954
0.272,0.5712132629992465,0.18703188529852344,0.384181377700723,0.25619438858234933
0.27216666666666667,0.5712132629992465,0.187245880590627,0.3839673824086195,0.2559542056111634
0.2723333333333333,0.5719668425018839,0.187245880590627,0.38472096191125693,0.25592856426158517
0.2725,0.5727204220045214,0.187245880590627,0.3854745414138945,0.25578598615849907
0.27266666666666667,0.5727204220045214,0.18745987588273058,0.38526054612179084,0.2557737337607993
0.2728333333333333,0.5727204220045214,0.18767387117483417,0.3850465508296873,0.25573685959564463
0.273,0.573474001507159,0.18767387117483417,0.38580013033232485,0.2554611908268016
0.27316666666666667,0.573474001507159,0.18788786646693773,0.38558613504022127,0.25535975045750403
0.2733333333333333,0.573474001507159,0.1881018617590413,0.3853721397481177,0.25444076209062666
0.2735,0.573474001507159,0.18831585705114487,0.38515814445601415,0.2542915563072444
0.27366666666666667,0.5742275810097965,0.18831585705114487,0.3859117239586517,0.2540221292854378
0.2738333333333333,0.5749811605124341,0.18831585705114487,0.38666530346128924,0.2538259968565548
0.274,0.5757347400150716,0.18831585705114487,0.3874188829639268,0.25380408584515374
0.27416666666666667,0.5757347400150716,0.18852985234324846,0.38720488767182315,0.2535357037405997
0.2743333333333333,0.5764883195177091,0.18852985234324846,0.3879584671744606,0.253291771699721
0.2745,0.5764883195177091,0.188743847635352,0.38774447188235706,0.25309391813109233
0.27466666666666667,0.5764883195177091,0.1889578429274556,0.38753047659025347,0.2529972504957903
0.2748333333333333,0.5764883195177091,0.18917183821955916,0.3873164812981499,0.2527725922724194
0.275,0.5764883195177091,0.18938583351166274,0.38710248600604635,0.2526909708006226
0.27516666666666667,0.5764883195177091,0.18959982880376633,0.3868884907139427,0.25247836189958883
0.2753333333333333,0.5772418990203466,0.18959982880376633,0.38764207021658026,0.2522893412875121
0.2755,0.5772418990203466,0.1898138240958699,0.38742807492447673,0.2521558027364594
0.27566666666666667,0.5779954785229842,0.1898138240958699,0.3881816544271143,0.2517351944639456
0.2758333333333333,0.5779954785229842,0.19002781938797347,0.3879676591350107,0.25093604597588187
0.276,0.5779954785229842,0.19024181468007703,0.3877536638429071,0.25089287838589963
0.27616666666666667,0.5779954785229842,0.19045580997218062,0.3875396685508036,0.25060378375563763
0.2763333333333333,0.5779954785229842,0.19066980526428418,0.3873256732587,0.2505701527511554
0.2765,0.5779954785229842,0.19088380055638776,0.3871116779665964,0.250197156582061
0.27666666666666667,0.5779954785229842,0.19109779584849132,0.38689768267449287,0.25017285553702884
0.2768333333333333,0.5787490580256217,0.19109779584849132,0.3876512621771304,0.25009474263468745
0.277,0.5787490580256217,0.1913117911405949,0.3874372668850268,0.2499378255881123
0.2771666666666667,0.5787490580256217,0.1915257864326985,0.38722327159292325,0.24981574813232701
0.2773333333333333,0.5787490580256217,0.19173978172480205,0.38700927630081966,0.24978389845229057
0.2775,0.5787490580256217,0.19195377701690564,0.3867952810087161,0.24971109857192675
0.2776666666666667,0.5787490580256217,0.1921677723090092,0.38658128571661254,0.24921106945535043
0.2778333333333333,0.5787490580256217,0.19238176760111278,0.3863672904245089,0.24905016299757418
0.278,0.5787490580256217,0.19259576289321634,0.38615329513240537,0.24884129605610622
0.2781666666666667,0.5787490580256217,0.19280975818531992,0.3859392998403018,0.2485860520608212
0.2783333333333333,0.5787490580256217,0.1930237534774235,0.3857253045481982,0.2485550145353028
0.2785,0.5795026375282593,0.1930237534774235,0.38647888405083575,0.24828204218715924
0.2786666666666667,0.5795026375282593,0.19323774876952707,0.3862648887587322,0.248276503783317
0.2788333333333333,0.5795026375282593,0.19345174406163065,0.3860508934666286,0.24815303489636117
0.279,0.5795026375282593,0.1936657393537342,0.38583689817452504,0.2481115263050271
0.2791666666666667,0.5795026375282593,0.1938797346458378,0.38562290288242146,0.24794376302920493
0.2793333333333333,0.5795026375282593,0.19409372993794136,0.3854089075903179,0.2478291431965078
0.2795,0.5795026375282593,0.19430772523004494,0.38519491229821434,0.24777181571350623
0.2796666666666667,0.5795026375282593,0.1945217205221485,0.38498091700611076,0.24741913003203272
0.2798333333333333,0.5795026375282593,0.19473571581425209,0.38476692171400717,0.24737061949351677
0.28,0.5795026375282593,0.19494971110635567,0.3845529264219036,0.2469570944991797
0.2801666666666667,0.5795026375282593,0.19516370639845923,0.3843389311298,0.24693600042004696
0.2803333333333333,0.5795026375282593,0.19537770169056282,0.38412493583769647,0.24634707907653466
0.2805,0.5795026375282593,0.19559169698266637,0.3839109405455929,0.24631234821201148
0.2806666666666667,0.5795026375282593,0.19580569227476996,0.3836969452534893,0.24607455931854136
0.2808333333333333,0.5795026375282593,0.19601968756687352,0.38348294996138577,0.2458127581012404
0.281,0.5802562170308968,0.19601968756687352,0.3842365294640233,0.24566266034078132
0.2811666666666667,0.5802562170308968,0.1962336828589771,0.38402253417191967,0.2454181133032946
0.2813333333333333,0.5802562170308968,0.19644767815108066,0.38380853887981614,0.24487144455244694
0.2815,0.5802562170308968,0.19666167344318425,0.38359454358771256,0.24486312408781336
0.2816666666666667,0.5810097965335342,0.19666167344318425,0.38434812309035,0.2447687547690109
0.2818333333333333,0.5810097965335342,0.19687566873528783,0.3841341277982464,0.24475430825031608
0.282,0.5810097965335342,0.1970896640273914,0.3839201325061429,0.24474459765078307
0.2821666666666667,0.5810097965335342,0.19730365931949498,0.38370613721403923,0.24466782677522475
0.2823333333333333,0.5810097965335342,0.19751765461159854,0.3834921419219357,0.24453063020012716
0.2825,0.5810097965335342,0.19773164990370212,0.3832781466298321,0.24416058949929054
0.2826666666666667,0.5810097965335342,0.19794564519580568,0.38306415133772853,0.24406238540128122
0.2828333333333333,0.5810097965335342,0.19815964048790927,0.382850156045625,0.24400724755396494
0.283,0.5810097965335342,0.19837363578001285,0.38263616075352136,0.243957651427159
0.2831666666666667,0.5810097965335342,0.1985876310721164,0.38242216546141783,0.24359932375664844
0.2833333333333333,0.5817633760361718,0.1985876310721164,0.3831757449640554,0.24343486906101355
0.2835,0.5817633760361718,0.19880162636422,0.3829617496719518,0.2433851620729369
0.2836666666666667,0.5817633760361718,0.19901562165632355,0.3827477543798482,0.24338148984531138
0.2838333333333333,0.5817633760361718,0.19922961694842714,0.3825337590877447,0.24292891986989806
0.284,0.5817633760361718,0.1994436122405307,0.3823197637956411,0.24286926529581837
0.2841666666666667,0.5817633760361718,0.19965760753263428,0.3821057685035375,0.24254987113395185
0.2843333333333333,0.5817633760361718,0.19987160282473784,0.38189177321143397,0.24234728773259426
0.2845,0.5817633760361718,0.20008559811684143,0.38167777791933033,0.24224325133808314
0.2846666666666667,0.5817633760361718,0.20029959340894501,0.3814637826272268,0.2422110768551177
0.2848333333333333,0.5825169555388093,0.20029959340894501,0.38221736212986435,0.24219023866874406
0.285,0.5832705350414469,0.20029959340894501,0.3829709416325019,0.24202149944098375
0.2851666666666667,0.5832705350414469,0.20051358870104857,0.3827569463403983,0.24176236482252533
0.2853333333333333,0.5832705350414469,0.20072758399315216,0.3825429510482947,0.24166361656025462
0.2855,0.5832705350414469,0.20094157928525572,0.3823289557561912,0.24105007698242767
0.2856666666666667,0.5832705350414469,0.2011555745773593,0.38211496046408755,0.24053595738937947
0.28583333333333333,0.5832705350414469,0.20136956986946286,0.381900965171984,0.24047181392624992
0.286,0.5832705350414469,0.20158356516156645,0.38168696987988043,0.24046732419958583
0.2861666666666667,0.5832705350414469,0.20179756045367003,0.38147297458777685,0.2404156955716916
0.28633333333333333,0.5840241145440844,0.20179756045367003,0.3822265540904144,0.24041358812979177
0.2865,0.5840241145440844,0.2020115557457736,0.38201255879831086,0.24008181122776107
0.2866666666666667,0.5840241145440844,0.20222555103787718,0.3817985635062072,0.23982857037473437
0.28683333333333333,0.584777694046722,0.20222555103787718,0.38255214300884477,0.23974182106498965
0.287,0.584777694046722,0.20243954632998074,0.38233814771674124,0.23883208101912606
0.2871666666666667,0.584777694046722,0.20265354162208432,0.38212415242463765,0.23875332150340745
0.28733333333333333,0.584777694046722,0.20286753691418788,0.38191015713253407,0.23856522949335007
0.2875,0.5855312735493594,0.20286753691418788,0.3826637366351715,0.23854304711145669
0.2876666666666667,0.5855312735493594,0.20308153220629147,0.382449741343068,0.2381183772117041
0.28783333333333333,0.5855312735493594,0.20329552749839502,0.3822357460509644,0.2372142745455181
0.288,0.5855312735493594,0.2035095227904986,0.3820217507588608,0.237157447877371
0.2881666666666667,0.586284853051997,0.2035095227904986,0.38277533026149835,0.2370258927257471
0.28833333333333333,0.5870384325546345,0.2035095227904986,0.3835289097641359,0.23676346644341983
0.2885,0.5870384325546345,0.2037235180826022,0.3833149144720323,0.23650628733335294
0.2886666666666667,0.5870384325546345,0.20393751337470575,0.3831009191799287,0.23638757524178486
0.28883333333333333,0.5870384325546345,0.20415150866680934,0.3828869238878252,0.23634660626470178
0.289,0.5870384325546345,0.2043655039589129,0.3826729285957216,0.23630890417283731
0.2891666666666667,0.5870384325546345,0.20457949925101648,0.382458933303618,0.2361813754101158
0.28933333333333333,0.587792012057272,0.20457949925101648,0.38321251280625557,0.23602892614339044
0.2895,0.587792012057272,0.20479349454312004,0.38299851751415204,0.2358343352890346
0.2896666666666667,0.587792012057272,0.20500748983522363,0.3827845222220484,0.23561277495867944
0.28983333333333333,0.587792012057272,0.20522148512732719,0.38257052692994487,0.23551395953567575
0.29,0.587792012057272,0.20543548041943077,0.3823565316378413,0.23482690199083273
0.2901666666666667,0.587792012057272,0.20564947571153436,0.3821425363457377,0.23480389547392802
0.29033333333333333,0.587792012057272,0.20586347100363792,0.38192854105363416,0.23480252092524864
0.2905,0.587792012057272,0.2060774662957415,0.3817145457615305,0.2347373863925635
0.2906666666666667,0.587792012057272,0.20629146158784506,0.381500550469427,0.23467885431978514
0.29083333333333333,0.5885455915599096,0.20629146158784506,0.38225412997206454,0.23442501790417053
0.291,0.5892991710625471,0.20629146158784506,0.3830077094747021,0.23437928258113958
0.2911666666666667,0.5892991710625471,0.20650545687994865,0.3827937141825985,0.23415338614704848
0.29133333333333333,0.5900527505651846,0.20650545687994865,0.38354729368523593,0.23399633472006512
0.2915,0.5908063300678221,0.20650545687994865,0.3843008731878735,0.2335378835960138
0.2916666666666667,0.5915599095704597,0.20650545687994865,0.38505445269051103,0.2335214590888298
0.29183333333333333,0.5915599095704597,0.2067194521720522,0.38484045739840744,0.23336144066975786
0.292,0.5915599095704597,0.2069334474641558,0.3846264621063039,0.23296872348458827
0.2921666666666667,0.5923134890730972,0.2069334474641558,0.38538004160894146,0.2329588951763245
0.29233333333333333,0.5923134890730972,0.20714744275625938,0.3851660463168378,0.2329409799447138
0.2925,0.5930670685757348,0.20714744275625938,0.38591962581947536,0.23277460390974838
0.2926666666666667,0.5930670685757348,0.20736143804836293,0.38570563052737183,0.23277181838458016
0.29283333333333333,0.5930670685757348,0.20757543334046652,0.38549163523526825,0.23247417516516794
0.293,0.5930670685757348,0.20778942863257008,0.38527763994316466,0.23243509030831905
0.2931666666666667,0.5930670685757348,0.20800342392467366,0.38506364465106113,0.23214121799915122
0.29333333333333333,0.5930670685757348,0.20821741921677722,0.38484964935895755,0.23199443721409999
0.2935,0.5930670685757348,0.2084314145088808,0.38463565406685396,0.23179807273534478
0.2936666666666667,0.5930670685757348,0.20864540980098437,0.38442165877475043,0.23161710945598146
0.29383333333333334,0.5930670685757348,0.20885940509308795,0.3842076634826468,0.23125737324802015
0.294,0.5930670685757348,0.20907340038519154,0.38399366819054326,0.2311852073895189
0.2941666666666667,0.5930670685757348,0.2092873956772951,0.38377967289843967,0.23113503159729845
0.29433333333333334,0.5938206480783723,0.2092873956772951,0.3845332524010772,0.23107702956584697
0.2945,0.5938206480783723,0.20950139096939868,0.38431925710897363,0.2309913986974074
0.2946666666666667,0.5938206480783723,0.20971538626150224,0.3841052618168701,0.2308238137331535
0.29483333333333334,0.5945742275810098,0.20971538626150224,0.38485884131950754,0.23056549703274754
0.295,0.5945742275810098,0.20992938155360583,0.3846448460274039,0.23047028144792436
0.2951666666666667,0.5945742275810098,0.21014337684570938,0.38443085073530037,0.2304255671636706
0.29533333333333334,0.5953278070836473,0.21014337684570938,0.3851844302379379,0.23019698826084792
0.2955,0.5953278070836473,0.21035737213781297,0.38497043494583433,0.2299065009666501
0.2956666666666667,0.5953278070836473,0.21057136742991653,0.38475643965373074,0.22959807544031502
0.29583333333333334,0.5953278070836473,0.21078536272202011,0.3845424443616272,0.2295712213841655
0.296,0.5953278070836473,0.2109993580141237,0.38432844906952357,0.22933205956524627
0.2961666666666667,0.5953278070836473,0.21121335330622726,0.38411445377742004,0.2292169109682589
0.29633333333333334,0.5953278070836473,0.21142734859833084,0.38390045848531645,0.228908725435702
0.2965,0.5953278070836473,0.2116413438904344,0.38368646319321287,0.22863226340817702
0.2966666666666667,0.5953278070836473,0.211855339182538,0.38347246790110934,0.2286284819388351
0.29683333333333334,0.5960813865862848,0.211855339182538,0.3842260474037469,0.2285559733080752
0.297,0.5960813865862848,0.21206933447464155,0.3840120521116433,0.22848192812897902
0.2971666666666667,0.5960813865862848,0.21228332976674513,0.3837980568195397,0.2282332002053715
0.29733333333333334,0.5960813865862848,0.21249732505884872,0.3835840615274361,0.2281922950260809
0.2975,0.5968349660889224,0.21249732505884872,0.3843376410300737,0.22806462470431474
0.2976666666666667,0.5968349660889224,0.21271132035095228,0.3841236457379701,0.2276590479608205
0.29783333333333334,0.5968349660889224,0.21292531564305586,0.38390965044586656,0.22735673659698372
0.298,0.5968349660889224,0.21313931093515942,0.38369565515376297,0.22733040421571143
0.2981666666666667,0.5968349660889224,0.213353306227263,0.3834816598616594,0.22717305581941957
0.29833333333333334,0.5975885455915599,0.213353306227263,0.38423523936429693,0.2271204643913791
0.2985,0.5983421250941975,0.213353306227263,0.3849888188669345,0.22702069254633903
0.2986666666666667,0.5983421250941975,0.21356730151936656,0.38477482357483095,0.22672624810798062
0.29883333333333334,0.5983421250941975,0.21378129681147015,0.3845608282827273,0.22625139549932616
0.299,0.5983421250941975,0.2139952921035737,0.3843468329906238,0.22617040609195577
0.2991666666666667,0.5983421250941975,0.2142092873956773,0.3841328376985202,0.22603697170887144
0.29933333333333334,0.5983421250941975,0.21442328268778088,0.3839188424064166,0.2260137848483519
0.2995,0.5983421250941975,0.21463727797988444,0.3837048471143131,0.22583059955089002
0.2996666666666667,0.5983421250941975,0.21485127327198802,0.38349085182220943,0.22582839933581486
0.29983333333333334,0.5983421250941975,0.21506526856409158,0.3832768565301059,0.22573206796401582
0.3,0.5990957045968349,0.21506526856409158,0.38403043603274334,0.22571067503701908
0.3001666666666667,0.5990957045968349,0.21527926385619517,0.38381644074063975,0.22561210929202544
0.30033333333333334,0.5998492840994725,0.21527926385619517,0.3845700202432773,0.22490862886111745
0.3005,0.5998492840994725,0.21549325914829873,0.3843560249511737,0.22466444432215696
0.3006666666666667,0.60060286360211,0.21549325914829873,0.38510960445381126,0.22459208603047884
0.30083333333333334,0.6013564431047476,0.21549325914829873,0.3858631839564488,0.22447880266188747
0.301,0.6013564431047476,0.2157072544404023,0.3856491886643453,0.22447627934484624
0.3011666666666667,0.6013564431047476,0.21592124973250587,0.3854351933722417,0.22421905640425852
0.30133333333333334,0.6021100226073851,0.21592124973250587,0.38618877287487924,0.22414327794632743
0.3015,0.6021100226073851,0.21613524502460946,0.38597477758277565,0.22364508689235846
0.3016666666666667,0.6021100226073851,0.21634924031671304,0.38576078229067207,0.22358732247082194
0.30183333333333334,0.6021100226073851,0.2165632356088166,0.3855467869985685,0.22338147356030005
0.302,0.6021100226073851,0.2167772309009202,0.38533279170646495,0.22313718596758111
0.30216666666666664,0.6028636021100227,0.2167772309009202,0.3860863712091025,0.2230164265874827
0.30233333333333334,0.6028636021100227,0.21699122619302375,0.3858723759169989,0.22266272904355877
0.3025,0.6028636021100227,0.21720522148512733,0.3856583806248953,0.22235607573133348
0.30266666666666664,0.6028636021100227,0.2174192167772309,0.3854443853327918,0.22228749620222985
0.30283333333333334,0.6028636021100227,0.21763321206933448,0.38523039004068815,0.2219782305467612
0.303,0.6036171816126601,0.21763321206933448,0.3859839695433256,0.22197711678120077
0.30316666666666664,0.6036171816126601,0.21784720736143806,0.38576997425122206,0.22175746357814036
0.30333333333333334,0.6043707611152976,0.21784720736143806,0.3865235537538596,0.22162918628878578
0.3035,0.6043707611152976,0.21806120265354162,0.386309558461756,0.22139316808878884
0.30366666666666664,0.6043707611152976,0.2182751979456452,0.38609556316965243,0.22137516316519773
0.30383333333333334,0.6043707611152976,0.21848919323774876,0.3858815678775489,0.22130745071019528
0.304,0.6043707611152976,0.21870318852985235,0.38566757258544526,0.2209737065870412
0.30416666666666664,0.6051243406179352,0.21870318852985235,0.3864211520880828,0.22053909835913232
0.30433333333333334,0.6051243406179352,0.2189171838219559,0.3862071567959793,0.22047143877575245
0.3045,0.6051243406179352,0.2191311791140595,0.3859931615038757,0.22040643934775914
0.30466666666666664,0.6051243406179352,0.21934517440616305,0.3857791662117721,0.22022414018802833
0.30483333333333335,0.6051243406179352,0.21955916969826664,0.3855651709196686,0.22014256062045856
0.305,0.6058779201205727,0.21955916969826664,0.3863187504223061,0.21995655439976802
0.30516666666666664,0.6066314996232103,0.21955916969826664,0.38707232992494367,0.21969641278437133
0.30533333333333335,0.6073850791258478,0.21955916969826664,0.3878259094275812,0.2195215786204149
0.3055,0.6073850791258478,0.21977316499037022,0.3876119141354776,0.21929582345074794
0.30566666666666664,0.6073850791258478,0.21998716028247378,0.38739791884337405,0.21929109162635302
0.30583333333333335,0.6073850791258478,0.22020115557457737,0.38718392355127046,0.21912077930599552
0.306,0.6073850791258478,0.22041515086668093,0.3869699282591669,0.2190226831535338
0.30616666666666664,0.6081386586284853,0.22041515086668093,0.3877235077618043,0.2188181141442107
0.30633333333333335,0.6081386586284853,0.2206291461587845,0.3875095124697008,0.2185111289926614
0.3065,0.6081386586284853,0.22084314145088807,0.3872955171775972,0.21848038364583963
0.30666666666666664,0.6081386586284853,0.22105713674299166,0.3870815218854936,0.21846432388122308
0.30683333333333335,0.6081386586284853,0.22127113203509524,0.38686752659339,0.21844211258865914
0.307,0.6081386586284853,0.2214851273271988,0.38665353130128643,0.21831772984840006
0.30716666666666664,0.6081386586284853,0.22169912261930239,0.3864395360091829,0.21803093656054337
0.30733333333333335,0.6088922381311228,0.22169912261930239,0.38719311551182045,0.2179629468542546
0.3075,0.6088922381311228,0.22191311791140594,0.38697912021971687,0.21792335052738934
0.30766666666666664,0.6088922381311228,0.22212711320350953,0.3867651249276133,0.2177418962491373
0.30783333333333335,0.6096458176337604,0.22212711320350953,0.3875187044302508,0.21771157925811788
0.308,0.6096458176337604,0.2223411084956131,0.3873047091381473,0.2175873018410216
0.30816666666666664,0.6096458176337604,0.22255510378771667,0.38709071384604365,0.21757892119920533
0.30833333333333335,0.6096458176337604,0.22276909907982023,0.3868767185539401,0.21749663427939542
0.3085,0.6096458176337604,0.22298309437192382,0.38666272326183654,0.21727023328891235
0.30866666666666664,0.6103993971363979,0.22298309437192382,0.3874163027644741,0.21726926977387778
0.30883333333333335,0.6103993971363979,0.2231970896640274,0.3872023074723705,0.21724037589128342
0.309,0.6111529766390355,0.2231970896640274,0.38795588697500805,0.21673910958656153
0.30916666666666665,0.6111529766390355,0.22341108495613096,0.3877418916829045,0.2167116548751136
0.30933333333333335,0.611906556141673,0.22341108495613096,0.38849547118554206,0.21664025184139984
0.3095,0.611906556141673,0.22362508024823455,0.3882814758934384,0.2166208971866676
0.30966666666666665,0.611906556141673,0.2238390755403381,0.3880674806013349,0.21654467387671017
0.30983333333333335,0.611906556141673,0.2240530708324417,0.3878534853092313,0.21620096460646884
0.31,0.6126601356443104,0.2240530708324417,0.38860706481186874,0.21606031790297206
0.31016666666666665,0.6126601356443104,0.22426706612454525,0.38839306951976516,0.21600305776113513
0.31033333333333335,0.6126601356443104,0.22448106141664884,0.3881790742276616,0.21592086394774596
0.3105,0.6126601356443104,0.2246950567087524,0.38796507893555804,0.2158885050691913
0.31066666666666665,0.6126601356443104,0.22490905200085598,0.38775108364345445,0.21585470530014683
0.31083333333333335,0.6126601356443104,0.22512304729295957,0.38753708835135087,0.21584148946791468
0.311,0.613413715146948,0.22512304729295957,0.3882906678539884,0.21569467605526804
0.31116666666666665,0.6141672946495855,0.22512304729295957,0.38904424735662596,0.21559696260657887
0.31133333333333335,0.6141672946495855,0.22533704258506312,0.3888302520645224,0.21541014582592
0.3115,0.6141672946495855,0.2255510378771667,0.38861625677241884,0.21535340014910545
0.31166666666666665,0.6141672946495855,0.22576503316927027,0.38840226148031526,0.21498849248011564
0.31183333333333335,0.6141672946495855,0.22597902846137385,0.3881882661882117,0.21474460430973846
0.312,0.6149208741522231,0.22597902846137385,0.3889418456908492,0.21469981868707477
0.31216666666666665,0.6149208741522231,0.2261930237534774,0.3887278503987457,0.21435352479916903
0.31233333333333335,0.6149208741522231,0.226407019045581,0.38851385510664205,0.21421962003753278
0.3125,0.6156744536548606,0.226407019045581,0.3892674346092796,0.21420410995718514
0.31266666666666665,0.6164280331574982,0.226407019045581,0.39002101411191714,0.21418392018539625
0.31283333333333335,0.6164280331574982,0.22662101433768458,0.3898070188198136,0.21418042934393675
0.313,0.6164280331574982,0.22683500962978814,0.38959302352771,0.21386665810122882
0.31316666666666665,0.6171816126601356,0.22683500962978814,0.39034660303034746,0.21364936260701092
0.31333333333333335,0.6171816126601356,0.22704900492189173,0.3901326077382439,0.21349369051593858
0.3135,0.6179351921627732,0.22704900492189173,0.3908861872408814,0.2134825637407841
0.31366666666666665,0.6186887716654107,0.22704900492189173,0.39163976674351897,0.21315867179254686
0.31383333333333335,0.6186887716654107,0.2272630002139953,0.39142577145141544,0.21310175608387727
0.314,0.6186887716654107,0.22747699550609887,0.3912117761593118,0.2130792748769656
0.31416666666666665,0.6186887716654107,0.22769099079820243,0.39099778086720827,0.21301025464972104
0.31433333333333335,0.6186887716654107,0.22790498609030602,0.3907837855751047,0.21294500259465157
0.3145,0.6186887716654107,0.22811898138240957,0.3905697902830011,0.21266997306443602
0.31466666666666665,0.6186887716654107,0.22833297667451316,0.39035579499089756,0.21214916387107338
0.31483333333333335,0.6186887716654107,0.22854697196661675,0.3901417996987939,0.21189066477852952
0.315,0.6186887716654107,0.2287609672587203,0.3899278044066904,0.21184044162666024
0.31516666666666665,0.6186887716654107,0.2289749625508239,0.3897138091145868,0.21181599489440067
0.31533333333333335,0.6186887716654107,0.22918895784292745,0.3894998138224832,0.2117543909878273
0.3155,0.6186887716654107,0.22940295313503103,0.3892858185303797,0.21163659180455396
0.31566666666666665,0.6186887716654107,0.2296169484271346,0.3890718232382761,0.21144915947048845
0.31583333333333335,0.6194423511680482,0.2296169484271346,0.38982540274091365,0.21129292753657875
0.316,0.6194423511680482,0.22983094371923818,0.38961140744881007,0.21119735637927858
0.31616666666666665,0.6194423511680482,0.23004493901134174,0.38939741215670653,0.21119108765750716
0.31633333333333336,0.6201959306706858,0.23004493901134174,0.3901509916593441,0.21107023759207263
0.3165,0.6209495101733233,0.23004493901134174,0.39090457116198163,0.21106055017970782
0.31666666666666665,0.6209495101733233,0.23025893430344532,0.390690575869878,0.2108610550171258
0.31683333333333336,0.6217030896759608,0.23025893430344532,0.3914441553725154,0.2108296312353945
0.317,0.6217030896759608,0.2304729295955489,0.3912301600804119,0.21060176846162876
0.31716666666666665,0.6217030896759608,0.23068692488765247,0.3910161647883083,0.21059593464101548
0.31733333333333336,0.6217030896759608,0.23090092017975605,0.3908021694962047,0.21055827995826076
0.3175,0.6217030896759608,0.2311149154718596,0.3905881742041012,0.21053543220663273
0.31766666666666665,0.6217030896759608,0.2313289107639632,0.39037417891199755,0.21039780577502581
0.31783333333333336,0.6224566691785983,0.2313289107639632,0.3911277584146351,0.21009799914727004
0.318,0.6232102486812359,0.2313289107639632,0.39188133791727264,0.21002806408647154
0.31816666666666665,0.6232102486812359,0.23154290605606676,0.3916673426251691,0.20992436848797533
0.31833333333333336,0.6232102486812359,0.23175690134817034,0.3914533473330655,0.20979256839369934
0.3185,0.6232102486812359,0.23197089664027393,0.39123935204096194,0.20974026647678715
0.31866666666666665,0.6232102486812359,0.23218489193237749,0.3910253567488584,0.20967661181345945
0.31883333333333336,0.6232102486812359,0.23239888722448107,0.39081136145675477,0.2096194005620564
0.319,0.6239638281838734,0.23239888722448107,0.3915649409593923,0.20957119955298106
0.31916666666666665,0.624717407686511,0.23239888722448107,0.39231852046202986,0.2095704090230973
0.31933333333333336,0.624717407686511,0.23261288251658463,0.39210452516992633,0.20941152567943017
0.3195,0.624717407686511,0.23282687780868822,0.39189052987782275,0.20930459669194965
0.31966666666666665,0.624717407686511,0.23304087310079177,0.39167653458571916,0.2092446840285369
0.31983333333333336,0.624717407686511,0.23325486839289536,0.39146253929361563,0.20912506558488253
0.32,0.624717407686511,0.23346886368499892,0.39124854400151204,0.20905391281691602
0.32016666666666665,0.624717407686511,0.2336828589771025,0.39103454870940846,0.2088506199051982
0.32033333333333336,0.624717407686511,0.2338968542692061,0.3908205534173049,0.20879466267139554
0.3205,0.624717407686511,0.23411084956130965,0.3906065581252013,0.20871743514350585
0.32066666666666666,0.624717407686511,0.23432484485341323,0.39039256283309776,0.2085721661476967
0.32083333333333336,0.624717407686511,0.2345388401455168,0.39017856754099417,0.2084001356528679
0.321,0.624717407686511,0.23475283543762038,0.3899645722488906,0.20838262720846384
0.32116666666666666,0.624717407686511,0.23496683072972394,0.38975057695678705,0.20825680068895644
0.32133333333333336,0.624717407686511,0.23518082602182752,0.3895365816646834,0.20825489222155613
0.3215,0.6254709871891485,0.23518082602182752,0.39029016116732096,0.20792495462023453
0.32166666666666666,0.6254709871891485,0.23539482131393108,0.39007616587521743,0.20789164091747395
0.32183333333333336,0.6254709871891485,0.23560881660603467,0.38986217058311384,0.20784943416454918
0.322,0.6254709871891485,0.23582281189813825,0.38964817529101026,0.20784297610349126
0.32216666666666666,0.6254709871891485,0.2360368071902418,0.3894341799989067,0.2077732913389202
0.32233333333333336,0.6254709871891485,0.2362508024823454,0.3892201847068031,0.20774843275593974
0.3225,0.6254709871891485,0.23646479777444895,0.38900618941469955,0.20772429921379712
0.32266666666666666,0.6254709871891485,0.23667879306655254,0.38879219412259597,0.20764954751187512
0.32283333333333336,0.6254709871891485,0.2368927883586561,0.3885781988304924,0.20759029143428026
0.323,0.6254709871891485,0.23710678365075968,0.38836420353838885,0.2073544422626205
0.32316666666666666,0.6254709871891485,0.23732077894286327,0.3881502082462852,0.20722527850092332
0.3233333333333333,0.6262245666917859,0.23732077894286327,0.38890378774892265,0.20713738926657121
0.3235,0.6262245666917859,0.23753477423496683,0.3886897924568191,0.20702704904682515
0.32366666666666666,0.6262245666917859,0.2377487695270704,0.38847579716471553,0.2066354511715023
0.3238333333333333,0.6262245666917859,0.23796276481917397,0.38826180187261194,0.20655595626221296
0.324,0.6262245666917859,0.23817676011127756,0.3880478065805084,0.20650220230037403
0.32416666666666666,0.6262245666917859,0.23839075540338112,0.38783381128840483,0.2064090668932104
0.3243333333333333,0.6262245666917859,0.2386047506954847,0.38761981599630124,0.20640725565165594
0.3245,0.6262245666917859,0.23881874598758826,0.3874058207041977,0.20639438256642512
0.32466666666666666,0.6262245666917859,0.23903274127969185,0.38719182541209407,0.20625638640523214
0.3248333333333333,0.6269781461944235,0.23903274127969185,0.3879454049147316,0.20623522556987972
0.325,0.6269781461944235,0.23924673657179543,0.3877314096226281,0.20621810481820663
0.32516666666666666,0.6269781461944235,0.239460731863899,0.3875174143305245,0.20542208293621042
0.3253333333333333,0.6269781461944235,0.23967472715600258,0.3873034190384209,0.20538851299778121
0.3255,0.6269781461944235,0.23988872244810613,0.3870894237463174,0.20535261623990678
0.32566666666666666,0.6269781461944235,0.24010271774020972,0.38687542845421374,0.20527100583487562
0.3258333333333333,0.6269781461944235,0.24031671303231328,0.3866614331621102,0.2052645325030931
0.326,0.6269781461944235,0.24053070832441686,0.3864474378700066,0.20520324316808186
0.32616666666666666,0.6269781461944235,0.24074470361652045,0.38623344257790304,0.2049730943396345
0.3263333333333333,0.6269781461944235,0.240958698908624,0.3860194472857995,0.20494569029623966
0.3265,0.6269781461944235,0.2411726942007276,0.38580545199369587,0.20448359149959186
0.32666666666666666,0.627731725697061,0.2411726942007276,0.3865590314963334,0.20445925097381937
0.3268333333333333,0.627731725697061,0.24138668949283115,0.3863450362042299,0.20443728987415574
0.327,0.627731725697061,0.24160068478493474,0.3861310409121263,0.20405232265775272
0.32716666666666666,0.6284853051996986,0.24160068478493474,0.38688462041476385,0.2039564499231581
0.3273333333333333,0.6284853051996986,0.2418146800770383,0.38667062512266026,0.20345594192177044
0.3275,0.6284853051996986,0.24202867536914188,0.38645662983055673,0.20340675159839722
0.32766666666666666,0.6284853051996986,0.24224267066124544,0.38624263453845314,0.20333296501319956
0.3278333333333333,0.6284853051996986,0.24245666595334903,0.38602863924634956,0.20331476566691378
0.328,0.6284853051996986,0.2426706612454526,0.385814643954246,0.20322352253104162
0.32816666666666666,0.6292388847023361,0.2426706612454526,0.3865682234568835,0.20296488791418804
0.3283333333333333,0.6299924642049737,0.2426706612454526,0.38732180295952107,0.20295277604160594
0.3285,0.6299924642049737,0.24288465653755617,0.3871078076674175,0.202806915639054
0.32866666666666666,0.6299924642049737,0.24309865182965976,0.38689381237531395,0.20253182725046015
0.3288333333333333,0.6299924642049737,0.24331264712176331,0.38667981708321036,0.2024663505079191
0.329,0.6299924642049737,0.2435266424138669,0.3864658217911068,0.20226491378861933
0.32916666666666666,0.6307460437076111,0.2435266424138669,0.3872194012937442,0.2021745316745429
0.3293333333333333,0.6314996232102487,0.2435266424138669,0.38797298079638176,0.2020288865382008
0.3295,0.6314996232102487,0.24374063770597046,0.38775898550427823,0.20195195793579132
0.32966666666666666,0.6314996232102487,0.24395463299807404,0.3875449902121746,0.20191586656688565
0.3298333333333333,0.6314996232102487,0.2441686282901776,0.38733099492007106,0.20176534494035647
0.33,0.6314996232102487,0.2443826235822812,0.3871169996279675,0.2015583742113712
0.33016666666666666,0.6314996232102487,0.24459661887438477,0.3869030043358639,0.20135700968139444
0.3303333333333333,0.6314996232102487,0.24481061416648833,0.38668900904376036,0.20113921609995417
0.3305,0.6322532027128862,0.24481061416648833,0.3874425885463979,0.20101646393007144
0.33066666666666666,0.6330067822155238,0.24481061416648833,0.38819616804903545,0.20094385377607354
0.3308333333333333,0.6330067822155238,0.24502460945859192,0.3879821727569318,0.20070290057259718
0.331,0.6330067822155238,0.24523860475069548,0.3877681774648283,0.2004703240725106
0.33116666666666666,0.6330067822155238,0.24545260004279906,0.3875541821727247,0.20041109831179738
0.3313333333333333,0.6330067822155238,0.24566659533490262,0.3873401868806211,0.20013309823968137
0.3315,0.6330067822155238,0.2458805906270062,0.3871261915885176,0.20012264932892943
0.33166666666666667,0.6330067822155238,0.2460945859191098,0.38691219629641393,0.20009725747914253
0.3318333333333333,0.6330067822155238,0.24630858121121335,0.3866982010043104,0.20001564902011107
0.332,0.6330067822155238,0.24652257650331694,0.3864842057122068,0.1999692959811198
0.33216666666666667,0.6330067822155238,0.2467365717954205,0.38627021042010323,0.19962574986699727
0.3323333333333333,0.6330067822155238,0.24695056708752408,0.3860562151279997,0.19961674651872663
0.3325,0.6337603617181613,0.24695056708752408,0.38680979463063725,0.19958060652012974
0.33266666666666667,0.6337603617181613,0.24716456237962764,0.38659579933853366,0.19937721447159773
0.3328333333333333,0.6337603617181613,0.24737855767173123,0.3863818040464301,0.19936312665360906
0.333,0.6337603617181613,0.24759255296383478,0.38616780875432655,0.19929979984570986
0.33316666666666667,0.6337603617181613,0.24780654825593837,0.3859538134622229,0.199043585139075
0.3333333333333333,0.6337603617181613,0.24802054354804196,0.3857398181701194,0.19889319722693885
0.3335,0.6345139412207988,0.24802054354804196,0.3864933976727569,0.19878606773122287
0.33366666666666667,0.6345139412207988,0.2482345388401455,0.38627940238065334,0.19858927630480702
0.3338333333333333,0.6345139412207988,0.2484485341322491,0.38606540708854975,0.19848912831727625
0.334,0.6345139412207988,0.24866252942435266,0.3858514117964462,0.1983899432306603
0.33416666666666667,0.6345139412207988,0.24887652471645624,0.3856374165043426,0.19814396636530857
0.3343333333333333,0.6345139412207988,0.2490905200085598,0.38542342121223905,0.19812736630118816
0.3345,0.6345139412207988,0.2493045153006634,0.38520942592013546,0.19801861146993388
0.33466666666666667,0.6352675207234363,0.2493045153006634,0.3859630054227729,0.19765471202824988
0.3348333333333333,0.6352675207234363,0.24951851059276695,0.3857490101306693,0.19757123453844408
0.335,0.6352675207234363,0.24973250588487053,0.3855350148385658,0.19752807259900812
0.33516666666666667,0.6352675207234363,0.24994650117697412,0.38532101954646214,0.1974772005555576
0.3353333333333333,0.6352675207234363,0.2501604964690777,0.3851070242543586,0.197434405236745
0.3355,0.6360211002260738,0.2501604964690777,0.38586060375699616,0.19739088419774464
0.33566666666666667,0.6367746797287114,0.2501604964690777,0.3866141832596337,0.19688342622565913
0.3358333333333333,0.6367746797287114,0.25037449176118126,0.3864001879675301,0.19683447681420446
0.336,0.6367746797287114,0.25058848705328485,0.38618619267542653,0.19678648066571922
0.33616666666666667,0.6367746797287114,0.2508024823453884,0.385972197383323,0.1967779031048959
0.3363333333333333,0.6367746797287114,0.25101647763749196,0.3857582020912194,0.1965992221844417
0.3365,0.6367746797287114,0.25123047292959555,0.38554420679911583,0.19652032890398174
0.33666666666666667,0.6375282592313489,0.25123047292959555,0.3862977863017534,0.19625487628876492
0.3368333333333333,0.6375282592313489,0.25144446822169914,0.3860837910096498,0.19620120096516871
0.337,0.6375282592313489,0.2516584635138027,0.3858697957175462,0.19607677581243607
0.33716666666666667,0.6382818387339865,0.2516584635138027,0.38662337522018375,0.19598824212573143
0.3373333333333333,0.6390354182366239,0.2516584635138027,0.3873769547228212,0.19592342055451886
0.3375,0.6397889977392615,0.2516584635138027,0.38813053422545873,0.19592164304237075
0.33766666666666667,0.6397889977392615,0.25187245880590625,0.3879165389333552,0.19587887004654686
0.3378333333333333,0.6397889977392615,0.25208645409800984,0.3877025436412516,0.19570037840929247
0.338,0.6397889977392615,0.2523004493901134,0.38748854834914803,0.19557477354507374
0.33816666666666667,0.6397889977392615,0.252514444682217,0.38727455305704445,0.19537846025725858
0.3383333333333333,0.6397889977392615,0.25272843997432054,0.3870605577649409,0.19520314120899343
0.3385,0.640542577241899,0.25272843997432054,0.38781413726757846,0.19518191900432014
0.33866666666666667,0.640542577241899,0.2529424352664241,0.3876001419754749,0.1951226056214131
0.3388333333333333,0.640542577241899,0.2531564305585277,0.3873861466833713,0.19511847626071438
0.339,0.640542577241899,0.2533704258506313,0.3871721513912677,0.19480980631693612
0.33916666666666667,0.6412961567445365,0.2533704258506313,0.38792573089390525,0.1948014751313857
0.3393333333333333,0.6412961567445365,0.2535844211427349,0.38771173560180167,0.19469389270432666
0.3395,0.6412961567445365,0.2537984164348384,0.38749774030969814,0.1946876117125145
0.3396666666666667,0.6412961567445365,0.254012411726942,0.38728374501759455,0.19463338588674262
0.3398333333333333,0.6412961567445365,0.2542264070190456,0.38706974972549096,0.19462943149489034
0.34,0.6412961567445365,0.25444040231114917,0.3868557544333874,0.1942354395226921
0.3401666666666667,0.6420497362471741,0.25444040231114917,0.3876093339360249,0.19416935237278773
0.3403333333333333,0.6428033157498116,0.25444040231114917,0.38836291343866247,0.19411258249397928
0.3405,0.6428033157498116,0.2546543976032527,0.38814891814655894,0.1939118023771123
0.3406666666666667,0.6428033157498116,0.2548683928953563,0.38793492285445536,0.19385018716669888
0.3408333333333333,0.6428033157498116,0.2550823881874599,0.38772092756235177,0.19383144879590905
0.341,0.6428033157498116,0.25529638347956346,0.3875069322702482,0.19381906762015724
0.3411666666666667,0.6428033157498116,0.25551037877166705,0.3872929369781446,0.1936585813682275
0.3413333333333333,0.6428033157498116,0.2557243740637706,0.38707894168604107,0.19356700527725895
0.3415,0.6428033157498116,0.25593836935587416,0.3868649463939375,0.19341733655882679
0.3416666666666667,0.6428033157498116,0.25615236464797775,0.3866509511018339,0.19307244952521163
0.3418333333333333,0.6428033157498116,0.25636635994008133,0.3864369558097303,0.19297341723095857
0.342,0.6428033157498116,0.25658035523218486,0.3862229605176268,0.19295245079919346
0.3421666666666667,0.6435568952524491,0.25658035523218486,0.3869765400202642,0.192863555498987
0.3423333333333333,0.6435568952524491,0.25679435052428845,0.38676254472816063,0.19283313600812813
0.3425,0.6443104747550866,0.25679435052428845,0.3875161242307982,0.19272728064148223
0.3426666666666667,0.6443104747550866,0.25700834581639204,0.3873021289386946,0.19268104076503048
0.3428333333333333,0.6443104747550866,0.2572223411084956,0.387088133646591,0.19248686063525325
0.343,0.6443104747550866,0.2574363364005992,0.3868741383544874,0.19240386118788813
0.3431666666666667,0.6450640542577242,0.2574363364005992,0.38762771785712496,0.1918848437865477
0.3433333333333333,0.6450640542577242,0.25765033169270274,0.38741372256502143,0.1918286716180398
0.3435,0.6450640542577242,0.2578643269848063,0.38719972727291785,0.19180340914850177
0.3436666666666667,0.6458176337603617,0.2578643269848063,0.3879533067755554,0.19177524008616847
0.3438333333333333,0.6465712132629993,0.2578643269848063,0.38870688627819294,0.19175406611596407
0.344,0.6465712132629993,0.2580783222769099,0.38849289098608936,0.19174260392706444
0.3441666666666667,0.6465712132629993,0.2582923175690135,0.38827889569398577,0.19166216576165404
0.3443333333333333,0.6465712132629993,0.2585063128611171,0.3880649004018822,0.19157409077633777
0.3445,0.6465712132629993,0.2587203081532206,0.38785090510977865,0.19156111603987278
0.3446666666666667,0.6465712132629993,0.2589343034453242,0.38763690981767507,0.1914973424559234
0.3448333333333333,0.6465712132629993,0.2591482987374278,0.3874229145255715,0.19141573993064448
0.345,0.6473247927656368,0.2591482987374278,0.38817649402820903,0.1913964848743529
0.3451666666666667,0.6473247927656368,0.25936229402953137,0.38796249873610544,0.19138665728250948
0.3453333333333333,0.6473247927656368,0.2595762893216349,0.3877485034440019,0.19133353497940062
0.3455,0.6480783722682742,0.2595762893216349,0.38850208294663935,0.19124453785782394
0.3456666666666667,0.6480783722682742,0.2597902846137385,0.38828808765453576,0.19088747338477752
0.3458333333333333,0.6480783722682742,0.2600042799058421,0.3880740923624322,0.19083025417166932
0.346,0.6488319517709118,0.2600042799058421,0.3888276718650697,0.19062066557995253
0.3461666666666667,0.6495855312735493,0.2600042799058421,0.38958125136770727,0.19035032941857913
0.3463333333333333,0.6495855312735493,0.26021827519794566,0.3893672560756037,0.19030661160778278
0.3465,0.6503391107761869,0.26021827519794566,0.39012083557824123,0.19030059825451737
0.3466666666666667,0.6503391107761869,0.26043227049004924,0.38990684028613765,0.19009012544890116
0.3468333333333333,0.6510926902788244,0.26043227049004924,0.3906604197887752,0.19008569579690665
0.347,0.651846269781462,0.26043227049004924,0.39141399929141274,0.1900707063646511
0.3471666666666667,0.651846269781462,0.2606462657821528,0.3912000039993092,0.18978262102569513
0.3473333333333333,0.6525998492840994,0.2606462657821528,0.39195358350194665,0.18975441839041635
0.3475,0.6525998492840994,0.26086026107425636,0.39173958820984306,0.1895957426434588
0.3476666666666667,0.6525998492840994,0.26107425636635995,0.3915255929177395,0.18950607438815878
0.3478333333333333,0.6525998492840994,0.26128825165846353,0.3913115976256359,0.18942122975776873
0.348,0.6525998492840994,0.26150224695056706,0.39109760233353236,0.18939088730960804
0.3481666666666667,0.6525998492840994,0.26171624224267065,0.39088360704142877,0.18919860305474898
0.34833333333333333,0.6525998492840994,0.26193023753477424,0.3906696117493252,0.18908502372152522
0.3485,0.6525998492840994,0.2621442328268778,0.3904556164572216,0.18899681756227565
0.3486666666666667,0.6525998492840994,0.2623582281189814,0.390241621165118,0.1889458094096659
0.34883333333333333,0.6525998492840994,0.26257222341108494,0.3900276258730145,0.1887343430232414
0.349,0.6525998492840994,0.2627862187031885,0.3898136305809109,0.18868137715388014
0.3491666666666667,0.6525998492840994,0.2630002139952921,0.3895996352888073,0.18864742887032748
0.34933333333333333,0.6525998492840994,0.2632142092873957,0.3893856399967037,0.1885548948294282
0.3495,0.6525998492840994,0.2634282045794992,0.3891716447046002,0.18849920132633022
0.3496666666666667,0.6525998492840994,0.2636421998716028,0.3889576494124966,0.18842143634298164
0.34983333333333333,0.6525998492840994,0.2638561951637064,0.388743654120393,0.1883214677390955
0.35,0.6525998492840994,0.26407019045581,0.38852965882828944,0.188295422403474
0.3501666666666667,0.6525998492840994,0.26428418574791357,0.38831566353618585,0.18819009293219333
0.35033333333333333,0.6525998492840994,0.2644981810400171,0.3881016682440823,0.18816848657321697
0.3505,0.6525998492840994,0.2647121763321207,0.38788767295197873,0.1881166060655387
0.3506666666666667,0.6525998492840994,0.26492617162422427,0.38767367765987515,0.18803345474723593
0.35083333333333333,0.653353428786737,0.26492617162422427,0.3884272571625127,0.1880079441926663
0.351,0.653353428786737,0.26514016691632786,0.3882132618704091,0.18800762572418817
0.3511666666666667,0.653353428786737,0.2653541622084314,0.3879992665783056,0.18795886016961977
0.35133333333333333,0.653353428786737,0.265568157500535,0.387785271286202,0.18792959890541103
0.3515,0.653353428786737,0.26578215279263856,0.3875712759940984,0.18791878573087073
0.3516666666666667,0.653353428786737,0.26599614808474215,0.3873572807019948,0.18777905174227846
0.35183333333333333,0.653353428786737,0.26621014337684573,0.38714328540989124,0.1876769286097135
0.352,0.653353428786737,0.26642413866894926,0.3869292901177877,0.18745006293412936
0.3521666666666667,0.653353428786737,0.26663813396105285,0.3867152948256841,0.18733694203569992
0.35233333333333333,0.653353428786737,0.26685212925315643,0.38650129953358053,0.1872396728786541
0.3525,0.653353428786737,0.26706612454526,0.38628730424147695,0.18722741812015917
0.3526666666666667,0.653353428786737,0.2672801198373636,0.38607330894937336,0.18698712984448068
0.35283333333333333,0.653353428786737,0.26749411512946714,0.38585931365726983,0.18682995976332747
0.353,0.6541070082893745,0.26749411512946714,0.3866128931599074,0.18677352785823295
0.3531666666666667,0.6541070082893745,0.2677081104215707,0.3863988978678038,0.18654935734043912
0.35333333333333333,0.6541070082893745,0.2679221057136743,0.3861849025757002,0.18650016021720092
0.3535,0.6548605877920121,0.2679221057136743,0.38693848207833775,0.18639236533430933
0.3536666666666667,0.6556141672946496,0.2679221057136743,0.3876920615809753,0.18619287535706697
0.35383333333333333,0.6563677467972872,0.2679221057136743,0.38844564108361285,0.1861085915126873
0.354,0.6563677467972872,0.2681361010057779,0.38823164579150926,0.18599824094983408
0.3541666666666667,0.6571213262999246,0.2681361010057779,0.3889852252941467,0.18592730245570321
0.35433333333333333,0.6571213262999246,0.2683500962978814,0.38877123000204317,0.1859240866558182
0.3545,0.6578749058025621,0.2683500962978814,0.3895248095046807,0.18591437659202026
0.3546666666666667,0.6578749058025621,0.268564091589985,0.3893108142125771,0.18583179273844078
0.35483333333333333,0.6578749058025621,0.2687780868820886,0.38909681892047354,0.18582771770674475
0.355,0.6578749058025621,0.2689920821741922,0.38888282362836996,0.1856569641493715
0.3551666666666667,0.6578749058025621,0.26920607746629577,0.38866882833626637,0.18559805066029353
0.35533333333333333,0.6578749058025621,0.2694200727583993,0.38845483304416284,0.18554099329275495
0.3555,0.6586284853051997,0.2694200727583993,0.3892084125468004,0.18549792688176273
0.3556666666666667,0.6593820648078372,0.2694200727583993,0.38996199204943793,0.18549593203246242
0.35583333333333333,0.6601356443104748,0.2694200727583993,0.3907155715520755,0.18518332511269114
0.356,0.6601356443104748,0.2696340680505029,0.3905015762599719,0.18516282238809542
0.3561666666666667,0.6601356443104748,0.26984806334260647,0.3902875809678683,0.18515193689350984
0.35633333333333334,0.6601356443104748,0.27006205863471006,0.3900735856757647,0.1851500422315023
0.3565,0.6601356443104748,0.2702760539268136,0.3898595903836612,0.18501532650049854
0.3566666666666667,0.6601356443104748,0.2704900492189172,0.3896455950915576,0.18497476236491028
0.35683333333333334,0.6601356443104748,0.27070404451102076,0.389431599799454,0.1847040969743684
0.357,0.6601356443104748,0.27091803980312434,0.38921760450735043,0.1845166852214958
0.3571666666666667,0.6601356443104748,0.27113203509522793,0.38900360921524685,0.18446236405084956
0.35733333333333334,0.6601356443104748,0.27134603038733146,0.3887896139231433,0.18423513083813745
0.3575,0.6608892238131123,0.27134603038733146,0.38954319342578086,0.1841957039803722
0.3576666666666667,0.6608892238131123,0.27156002567943505,0.3893291981336773,0.18412625163627247
0.35783333333333334,0.6608892238131123,0.27177402097153863,0.3891152028415737,0.1841222128176314
0.358,0.6608892238131123,0.2719880162636422,0.3889012075494701,0.18400735566163945
0.3581666666666667,0.6608892238131123,0.27220201155574575,0.3886872122573666,0.18381286511367764
0.35833333333333334,0.6608892238131123,0.27241600684784933,0.388473216965263,0.18349415061769228
0.3585,0.6608892238131123,0.2726300021399529,0.3882592216731594,0.1834141373357433
0.3586666666666667,0.6608892238131123,0.2728439974320565,0.3880452263810558,0.18339679908886855
0.35883333333333334,0.6608892238131123,0.2730579927241601,0.38783123108895223,0.18329497326263947
0.359,0.6616428033157498,0.2730579927241601,0.38858481059158967,0.1831952358816664
0.3591666666666667,0.6616428033157498,0.2732719880162636,0.38837081529948614,0.18308123027306755
0.35933333333333334,0.6616428033157498,0.2734859833083672,0.38815682000738255,0.18305630550603932
0.3595,0.6623963828183873,0.2734859833083672,0.3889103995100201,0.18302332756799528
0.3596666666666667,0.6623963828183873,0.2736999786004708,0.3886964042179165,0.18288911656347312
0.35983333333333334,0.6623963828183873,0.2739139738925744,0.3884824089258129,0.1828721811321215
0.36,0.6623963828183873,0.2741279691846779,0.3882684136337094,0.18282926186182766
0.3601666666666667,0.6623963828183873,0.2743419644767815,0.3880544183416058,0.18276886964999112
0.36033333333333334,0.6631499623210249,0.2743419644767815,0.38880799784424336,0.1825043450842639
0.3605,0.6631499623210249,0.2745559597688851,0.3885940025521398,0.1824762376617613
0.3606666666666667,0.6639035418236624,0.2745559597688851,0.3893475820547773,0.18242289563451572
0.36083333333333334,0.6639035418236624,0.27476995506098867,0.38913358676267373,0.18230358230547575
0.361,0.6639035418236624,0.27498395035309225,0.38891959147057015,0.18207118190461408
0.3611666666666667,0.6639035418236624,0.2751979456451958,0.3887055961784666,0.18205867002350404
0.36133333333333334,0.6639035418236624,0.27541194093729937,0.38849160088636303,0.1819308414015881
0.3615,0.6639035418236624,0.27562593622940296,0.38827760559425945,0.18192633699392957
0.3616666666666667,0.6639035418236624,0.27583993152150654,0.38806361030215586,0.18184945512320974
0.36183333333333334,0.6639035418236624,0.2760539268136101,0.38784961501005233,0.18184312578604533
0.362,0.6639035418236624,0.27626792210571366,0.38763561971794874,0.1817300178143776
0.3621666666666667,0.6639035418236624,0.27648191739781725,0.38742162442584516,0.1817094725914093
0.36233333333333334,0.6639035418236624,0.27669591268992083,0.38720762913374157,0.1816766483309808
0.3625,0.6646571213263,0.27669591268992083,0.3879612086363791,0.18160368166604293
0.3626666666666667,0.6646571213263,0.2769099079820244,0.38774721334427553,0.18155521029253324
0.36283333333333334,0.6654107008289375,0.2769099079820244,0.3885007928469131,0.18151813613782714
0.363,0.6654107008289375,0.27712390327412795,0.38828679755480955,0.1814136853709567
0.3631666666666667,0.6654107008289375,0.27733789856623153,0.38807280226270596,0.1813880543518215
0.36333333333333334,0.6654107008289375,0.2775518938583351,0.3878588069706024,0.18137311488041805
0.3635,0.6654107008289375,0.2777658891504387,0.3876448116784988,0.18130567823166932
0.3636666666666667,0.6654107008289375,0.2779798844425423,0.3874308163863952,0.18100491371399277
0.36383333333333334,0.6654107008289375,0.2781938797346458,0.3872168210942917,0.1809951824512062
0.364,0.6654107008289375,0.2784078750267494,0.3870028258021881,0.18096820317639106
0.3641666666666667,0.6654107008289375,0.278621870318853,0.3867888305100845,0.18090398081484355
0.36433333333333334,0.6654107008289375,0.2788358656109566,0.3865748352179809,0.18078833540328537
0.3645,0.6654107008289375,0.2790498609030601,0.3863608399258774,0.18069025778259995
0.36466666666666664,0.6661642803315749,0.2790498609030601,0.3871144194285148,0.1805904922313128
0.36483333333333334,0.6669178598342125,0.2790498609030601,0.38786799893115237,0.18054362565475204
0.365,0.6669178598342125,0.2792638561951637,0.3876540036390488,0.18049625127567984
0.36516666666666664,0.6669178598342125,0.2794778514872673,0.3874400083469452,0.18030125719625195
0.36533333333333334,0.6669178598342125,0.27969184677937087,0.3872260130548416,0.18003224035115964
0.3655,0.6669178598342125,0.27990584207147445,0.387012017762738,0.18002240988675144
0.36566666666666664,0.6669178598342125,0.280119837363578,0.3867980224706345,0.17994148243433253
0.36583333333333334,0.66767143933685,0.280119837363578,0.38755160197327204,0.1799356416427263
0.366,0.66767143933685,0.28033383265568157,0.38733760668116846,0.17985028449131377
0.36616666666666664,0.66767143933685,0.28054782794778516,0.38712361138906487,0.17979044667707028
0.36633333333333334,0.6684250188394876,0.28054782794778516,0.3878771908917024,0.1797107274392949
0.3665,0.6691785983421251,0.28054782794778516,0.38863077039433996,0.1796653050255639
0.36666666666666664,0.6691785983421251,0.28076182323988874,0.3884167751022364,0.17955884045622766
0.36683333333333334,0.6691785983421251,0.28097581853199227,0.38820277981013285,0.1794939930064688
0.367,0.6691785983421251,0.28118981382409586,0.38798878451802926,0.17945647362065922
0.36716666666666664,0.6699321778447627,0.28118981382409586,0.3887423640206668,0.17930783842087628
0.36733333333333335,0.6699321778447627,0.28140380911619944,0.3885283687285632,0.17929717386734692
0.3675,0.6699321778447627,0.28161780440830303,0.38831437343645964,0.17928244816008485
0.36766666666666664,0.6699321778447627,0.2818317997004066,0.38810037814435605,0.17922814170968257
0.36783333333333335,0.6699321778447627,0.28204579499251015,0.3878863828522525,0.17920618022722823
0.368,0.6699321778447627,0.28225979028461373,0.38767238756014893,0.17917159442809522
0.36816666666666664,0.6706857573474001,0.28225979028461373,0.38842596706278637,0.1791532231216627
0.36833333333333335,0.6714393368500376,0.28225979028461373,0.3891795465654239,0.17914185660963267
0.3685,0.6714393368500376,0.2824737855767173,0.38896555127332033,0.17908404421433202
0.36866666666666664,0.6714393368500376,0.2826877808688209,0.38875155598121675,0.1789550466772956
0.36883333333333335,0.6714393368500376,0.28290177616092443,0.3885375606891132,0.17869117248539398
0.369,0.6714393368500376,0.283115771453028,0.38832356539700963,0.1786402402239583
0.36916666666666664,0.6714393368500376,0.2833297667451316,0.38810957010490604,0.17862803148411605
0.36933333333333335,0.6714393368500376,0.2835437620372352,0.38789557481280246,0.17840356374592026
0.3695,0.6721929163526752,0.2835437620372352,0.38864915431544,0.17832520635943266
0.36966666666666664,0.6721929163526752,0.2837577573293388,0.3884351590233364,0.17823798762648907
0.36983333333333335,0.6729464958553127,0.2837577573293388,0.38918873852597397,0.17821736620465234
0.37,0.6729464958553127,0.2839717526214423,0.38897474323387043,0.17811666851584523
0.37016666666666664,0.6729464958553127,0.2841857479135459,0.38876074794176685,0.17811412490178555
0.37033333333333335,0.6737000753579503,0.2841857479135459,0.3895143274444044,0.17809991208646905
0.3705,0.6737000753579503,0.2843997432056495,0.3893003321523008,0.17802061567437888
0.37066666666666664,0.6737000753579503,0.28461373849775307,0.3890863368601972,0.1779216845784678
0.37083333333333335,0.6737000753579503,0.2848277337898566,0.3888723415680937,0.1778638224391065
0.371,0.6737000753579503,0.2850417290819602,0.3886583462759901,0.17782168388125866
0.37116666666666664,0.6744536548605878,0.2850417290819602,0.38941192577862765,0.177702095632927
0.37133333333333335,0.6744536548605878,0.28525572437406377,0.38919793048652407,0.17766048459980455
0.3715,0.6744536548605878,0.28546971966616735,0.3889839351944205,0.17761034334832895
0.37166666666666665,0.6752072343632253,0.28546971966616735,0.3897375146970579,0.17744656267774783
0.37183333333333335,0.6752072343632253,0.28568371495827094,0.38952351940495433,0.17742073654779286
0.372,0.6752072343632253,0.28589771025037447,0.3893095241128508,0.17738791696380554
0.37216666666666665,0.6752072343632253,0.28611170554247806,0.3890955288207472,0.17733793281125676
0.37233333333333335,0.6752072343632253,0.28632570083458164,0.38888153352864363,0.17726636870924156
0.3725,0.6759608138658628,0.28632570083458164,0.3896351130312812,0.17722657750504386
0.37266666666666665,0.6759608138658628,0.28653969612668523,0.3894211177391776,0.17722454448584993
0.37283333333333335,0.6759608138658628,0.2867536914187888,0.389207122447074,0.1771477518485859
0.373,0.6759608138658628,0.28696768671089234,0.3889931271549705,0.17709795600875514
0.37316666666666665,0.6759608138658628,0.28718168200299593,0.3887791318628669,0.177011023644602
0.37333333333333335,0.6759608138658628,0.2873956772950995,0.3885651365707633,0.1769834496318955
0.3735,0.6759608138658628,0.2876096725872031,0.3883511412786597,0.17681833127133045
0.37366666666666665,0.6759608138658628,0.28782366787930663,0.3881371459865562,0.17681778118762437
0.37383333333333335,0.6759608138658628,0.2880376631714102,0.3879231506944526,0.17670619452535483
0.374,0.6759608138658628,0.2882516584635138,0.387709155402349,0.17657337227557235
0.37416666666666665,0.6759608138658628,0.2884656537556174,0.38749516011024543,0.1764801899107817
0.37433333333333335,0.6759608138658628,0.288679649047721,0.38728116481814184,0.17637558639321496
0.3745,0.6759608138658628,0.2888936443398245,0.3870671695260383,0.17630438775852436
0.37466666666666665,0.6759608138658628,0.2891076396319281,0.3868531742339347,0.1762543599458903
0.37483333333333335,0.6759608138658628,0.2893216349240317,0.38663917894183114,0.17616936432947522
0.375,0.6759608138658628,0.28953563021613526,0.38642518364972755,0.17616758405873362
0.37516666666666665,0.6759608138658628,0.2897496255082388,0.386211188357624,0.1760042108606992
0.37533333333333335,0.6759608138658628,0.2899636208003424,0.38599719306552044,0.1759423951509363
0.3755,0.6759608138658628,0.29017761609244597,0.38578319777341685,0.1758831206062682
0.37566666666666665,0.6759608138658628,0.29039161138454955,0.38556920248131327,0.17587941005264365
0.37583333333333335,0.6759608138658628,0.29060560667665314,0.3853552071892097,0.1758481096938255
0.376,0.6759608138658628,0.29081960196875667,0.38514121189710615,0.17581769749358342
0.37616666666666665,0.6759608138658628,0.29103359726086026,0.38492721660500256,0.1756073762383922
0.37633333333333335,0.6759608138658628,0.29124759255296384,0.384713221312899,0.1754267457013784
0.3765,0.6759608138658628,0.2914615878450674,0.3844992260207954,0.17542111401670185
0.37666666666666665,0.6759608138658628,0.29167558313717096,0.38428523072869186,0.17540268422318187
0.37683333333333335,0.6759608138658628,0.29188957842927454,0.3840712354365883,0.17529770337817982
0.377,0.6759608138658628,0.29210357372137813,0.3838572401444847,0.17526741686732122
0.37716666666666665,0.6759608138658628,0.2923175690134817,0.3836432448523811,0.17524126728114545
0.37733333333333335,0.6759608138658628,0.2925315643055853,0.3834292495602775,0.17506612466590046
0.3775,0.6759608138658628,0.29274555959768883,0.383215254268174,0.17503537554222826
0.37766666666666665,0.6759608138658628,0.2929595548897924,0.3830012589760704,0.1750350809327502
0.37783333333333335,0.6759608138658628,0.293173550181896,0.3827872636839668,0.17503310379300424
0.378,0.6759608138658628,0.2933875454739996,0.38257326839186323,0.17500147437640556
0.37816666666666665,0.6759608138658628,0.2936015407661031,0.3823592730997597,0.17494357168081703
0.37833333333333335,0.6759608138658628,0.2938155360582067,0.3821452778076561,0.17490753323979308
0.3785,0.6759608138658628,0.2940295313503103,0.38193128251555253,0.17469581383297925
0.37866666666666665,0.6759608138658628,0.2942435266424139,0.38171728722344894,0.17447552449715667
0.37883333333333336,0.6759608138658628,0.29445752193451746,0.38150329193134536,0.17447060274346365
0.379,0.6759608138658628,0.294671517226621,0.3812892966392418,0.1743395585760355
0.37916666666666665,0.6759608138658628,0.2948855125187246,0.38107530134713824,0.17433878744103692
0.37933333333333336,0.6759608138658628,0.29509950781082817,0.38086130605503465,0.17431773804022094
0.3795,0.6767143933685004,0.29509950781082817,0.3816148855576722,0.17417889023022426
0.37966666666666665,0.6774679728711379,0.29509950781082817,0.38236846506030975,0.1741061684011272
0.37983333333333336,0.6782215523737755,0.29509950781082817,0.3831220445629473,0.1740586330627353
0.38,0.6782215523737755,0.29531350310293175,0.3829080492708437,0.17401603388815634
0.38016666666666665,0.6782215523737755,0.2955274983950353,0.3826940539787402,0.17401249667046628
0.38033333333333336,0.6782215523737755,0.29574149368713887,0.3824800586866366,0.1739570750961169
0.3805,0.678975131876413,0.29574149368713887,0.38323363818927414,0.1737868098160662
0.38066666666666665,0.6797287113790504,0.29574149368713887,0.3839872176919116,0.17378299127522354
0.38083333333333336,0.6797287113790504,0.29595548897924245,0.383773222399808,0.17377970770096307
0.381,0.680482290881688,0.29595548897924245,0.38452680190244554,0.1737546589383417
0.38116666666666665,0.680482290881688,0.29616948427134604,0.38431280661034195,0.173673767706468
0.38133333333333336,0.680482290881688,0.2963834795634496,0.38409881131823836,0.1736527908225862
0.3815,0.680482290881688,0.29659747485555316,0.38388481602613483,0.17356581896231824
0.38166666666666665,0.680482290881688,0.29681147014765674,0.38367082073403125,0.17352667056782822
0.38183333333333336,0.680482290881688,0.29702546543976033,0.38345682544192766,0.17352224494153093
0.382,0.680482290881688,0.2972394607318639,0.3832428301498241,0.17334301448398484
0.38216666666666665,0.680482290881688,0.2974534560239675,0.3830288348577205,0.1733227503097174
0.38233333333333336,0.680482290881688,0.29766745131607103,0.38281483956561696,0.17328671465427897
0.3825,0.680482290881688,0.2978814466081746,0.3826008442735134,0.17327068200418966
0.38266666666666665,0.680482290881688,0.2980954419002782,0.3823868489814098,0.1732193686478076
0.38283333333333336,0.680482290881688,0.2983094371923818,0.3821728536893062,0.17316500684407968
0.383,0.680482290881688,0.2985234324844853,0.38195885839720267,0.173065621448078
0.38316666666666666,0.6812358703843255,0.2985234324844853,0.3827124378998402,0.17301915316199082
0.38333333333333336,0.6812358703843255,0.2987374277765889,0.38249844260773663,0.1729588027521916
0.3835,0.6812358703843255,0.2989514230686925,0.38228444731563305,0.17285049490863214
0.38366666666666666,0.6819894498869631,0.2989514230686925,0.3830380268182706,0.172737046782222
0.38383333333333336,0.6819894498869631,0.2991654183607961,0.382824031526167,0.1727164019772191
0.384,0.6819894498869631,0.29937941365289966,0.3826100362340634,0.172715773896278
0.38416666666666666,0.6819894498869631,0.2995934089450032,0.3823960409419599,0.17270897807911034
0.38433333333333336,0.6819894498869631,0.2998074042371068,0.3821820456498563,0.17269982961585265
0.3845,0.6819894498869631,0.30002139952921036,0.3819680503577527,0.17266924466023137
0.38466666666666666,0.6819894498869631,0.30023539482131395,0.38175405506564913,0.1726385505977654
0.38483333333333336,0.6827430293896006,0.30023539482131395,0.3825076345682867,0.1725672746722256
0.385,0.6827430293896006,0.3004493901134175,0.38229363927618315,0.17244911208105537
0.38516666666666666,0.6827430293896006,0.30066338540552107,0.38207964398407956,0.1721472893856618
0.38533333333333336,0.6834966088922382,0.30066338540552107,0.3828332234867171,0.17207782601836547
0.3855,0.6834966088922382,0.30087738069762465,0.3826192281946135,0.17206792212610542
0.38566666666666666,0.6834966088922382,0.30109137598972824,0.38240523290250994,0.1718169755106481
0.3858333333333333,0.6834966088922382,0.3013053712818318,0.38219123761040635,0.17172958118212728
0.386,0.6834966088922382,0.30151936657393535,0.3819772423183028,0.17164576443667295
0.38616666666666666,0.6834966088922382,0.30173336186603894,0.38176324702619924,0.17143596804354702
0.3863333333333333,0.6834966088922382,0.3019473571581425,0.38154925173409565,0.17143192446381453
0.3865,0.6842501883948756,0.3019473571581425,0.3823028312367331,0.17140066596883907
0.38666666666666666,0.6842501883948756,0.3021613524502461,0.3820888359446295,0.17134970561874097
0.3868333333333333,0.6842501883948756,0.30237534774234964,0.38187484065252597,0.17131438496852633
0.387,0.6842501883948756,0.30258934303445323,0.3816608453604224,0.17130561024239258
0.38716666666666666,0.6842501883948756,0.3028033383265568,0.3814468500683188,0.17126724783908195
0.3873333333333333,0.6842501883948756,0.3030173336186604,0.3812328547762152,0.1712374154694869
0.3875,0.6842501883948756,0.303231328910764,0.3810188594841116,0.17122137460739262
0.38766666666666666,0.6842501883948756,0.3034453242028675,0.3808048641920081,0.1712056953385565
0.3878333333333333,0.6842501883948756,0.3036593194949711,0.3805908688999045,0.17118433129608646
0.388,0.6842501883948756,0.3038733147870747,0.3803768736078009,0.17109365208338792
0.38816666666666666,0.6842501883948756,0.3040873100791783,0.38016287831569734,0.171016351747482
0.3883333333333333,0.6842501883948756,0.3043013053712818,0.3799488830235938,0.1709676056031342
0.3885,0.6842501883948756,0.3045153006633854,0.3797348877314902,0.17095402662518233
0.38866666666666666,0.6850037678975132,0.3045153006633854,0.38048846723412777,0.17089217127225095
0.3888333333333333,0.6850037678975132,0.304729295955489,0.3802744719420242,0.17085541370429533
0.389,0.6850037678975132,0.30494329124759256,0.3800604766499206,0.17081210500415533
0.38916666666666666,0.6850037678975132,0.30515728653969615,0.379846481357817,0.17080809558519122
0.3893333333333333,0.6850037678975132,0.3053712818317997,0.3796324860657135,0.17078595333302227
0.3895,0.6850037678975132,0.30558527712390327,0.3794184907736099,0.17073798366549492
0.38966666666666666,0.6850037678975132,0.30579927241600685,0.3792044954815063,0.17058660749828294
0.3898333333333333,0.6850037678975132,0.30601326770811044,0.3789905001894027,0.17053457674068936
0.39,0.6850037678975132,0.306227263000214,0.37877650489729914,0.1705001031687678
0.39016666666666666,0.6850037678975132,0.30644125829231755,0.3785625096051956,0.17049714353114845
0.3903333333333333,0.6850037678975132,0.30665525358442114,0.378348514313092,0.17047843190114514
0.3905,0.6857573474001507,0.30665525358442114,0.37910209381572957,0.17047247870312884
0.39066666666666666,0.6857573474001507,0.3068692488765247,0.378888098523626,0.17036646066449843
0.3908333333333333,0.6857573474001507,0.3070832441686283,0.3786741032315224,0.17030899101844948
0.391,0.6857573474001507,0.30729723946073184,0.37846010793941887,0.1703026584213586
0.39116666666666666,0.6857573474001507,0.3075112347528354,0.3782461126473153,0.1701951984447242
0.3913333333333333,0.6857573474001507,0.307725230044939,0.3780321173552117,0.1701402207471535
0.3915,0.6857573474001507,0.3079392253370426,0.3778181220631081,0.17010426469133302
0.39166666666666666,0.6857573474001507,0.3081532206291462,0.3776041267710045,0.17000937806373817
0.3918333333333333,0.6857573474001507,0.3083672159212497,0.377390131478901,0.16998175068181476
0.392,0.6865109269027883,0.3083672159212497,0.37814371098153854,0.1699456110247869
0.39216666666666666,0.6865109269027883,0.3085812112133533,0.37792971568943495,0.16989592779240417
0.3923333333333333,0.6865109269027883,0.3087952065054569,0.37771572039733137,0.16988716069099566
0.3925,0.6865109269027883,0.3090092017975605,0.3775017251052278,0.1697148233761459
0.39266666666666666,0.6865109269027883,0.309223197089664,0.37728772981312425,0.1696938164369334
0.3928333333333333,0.6865109269027883,0.3094371923817676,0.37707373452102066,0.16948109313996376
0.393,0.6865109269027883,0.3096511876738712,0.3768597392289171,0.1694275258863366
0.39316666666666666,0.6865109269027883,0.30986518296597476,0.3766457439368135,0.16942055513420137
0.3933333333333333,0.6865109269027883,0.31007917825807835,0.3764317486447099,0.1694073230314841
0.3935,0.6865109269027883,0.3102931735501819,0.3762177533526064,0.16930000195738776
0.39366666666666666,0.6872645064054258,0.3102931735501819,0.3769713328552439,0.1692872925436099
0.3938333333333333,0.6872645064054258,0.31050716884228546,0.37675733756314034,0.1692524287462737
0.394,0.6872645064054258,0.31072116413438905,0.37654334227103675,0.16915090407995362
0.39416666666666667,0.6872645064054258,0.31093515942649264,0.37632934697893317,0.16901066131123227
0.3943333333333333,0.6872645064054258,0.31114915471859617,0.37611535168682964,0.16899171360585874
0.3945,0.6872645064054258,0.31136315001069975,0.37590135639472605,0.16885120686343208
0.39466666666666667,0.6872645064054258,0.31157714530280334,0.37568736110262246,0.16859020313988268
0.3948333333333333,0.6880180859080633,0.31157714530280334,0.37644094060526,0.1685182647087979
0.395,0.6880180859080633,0.3117911405949069,0.3762269453131564,0.16850855561546912
0.39516666666666667,0.6880180859080633,0.3120051358870105,0.37601295002105284,0.1684794250424524
0.3953333333333333,0.6887716654107008,0.3120051358870105,0.3767665295236903,0.16845861632181985
0.3955,0.6887716654107008,0.31221913117911404,0.37655253423158674,0.16839441041687778
0.39566666666666667,0.6895252449133383,0.31221913117911404,0.3773061137342243,0.16838757158891943
0.3958333333333333,0.6902788244159759,0.31221913117911404,0.37805969323686184,0.16831969788124274
0.396,0.6902788244159759,0.3124331264712176,0.37784569794475825,0.16828956673780596
0.39616666666666667,0.6910324039186134,0.3124331264712176,0.3785992774473958,0.16824933684224727
0.3963333333333333,0.6910324039186134,0.3126471217633212,0.3783852821552922,0.1682378771844291
0.3965,0.6910324039186134,0.3128611170554248,0.3781712868631886,0.16816850293825525
0.39666666666666667,0.691785983421251,0.3128611170554248,0.3789248663658262,0.16815650703212084
0.3968333333333333,0.691785983421251,0.31307511234752833,0.37871087107372264,0.16815300759555757
0.397,0.6925395629238885,0.31307511234752833,0.3794644505763602,0.16803050839393657
0.39716666666666667,0.6925395629238885,0.3132891076396319,0.3792504552842566,0.1678823494649243
0.3973333333333333,0.6925395629238885,0.3135031029317355,0.379036459992153,0.16779718790154738
0.3975,0.693293142426526,0.3135031029317355,0.37979003949479045,0.16778749435358106
0.39766666666666667,0.693293142426526,0.3137170982238391,0.37957604420268687,0.16778736909280534
0.3978333333333333,0.693293142426526,0.31393109351594267,0.3793620489105833,0.16776745306543758
0.398,0.693293142426526,0.3141450888080462,0.37914805361847975,0.16749001337823005
0.39816666666666667,0.693293142426526,0.3143590841001498,0.37893405832637617,0.1674150217146183
0.3983333333333333,0.693293142426526,0.3145730793922534,0.3787200630342726,0.16735381742291322
0.3985,0.6940467219291635,0.3145730793922534,0.3794736425369101,0.16710342666840944
0.39866666666666667,0.6940467219291635,0.31478707468435696,0.37925964724480654,0.16706403737513523
0.3988333333333333,0.6940467219291635,0.3150010699764605,0.379045651952703,0.16704563402053868
0.399,0.6940467219291635,0.3152150652685641,0.3788316566605994,0.16695812804337468
0.39916666666666667,0.6940467219291635,0.31542906056066766,0.37861766136849584,0.16676262351748175
0.3993333333333333,0.6940467219291635,0.31564305585277125,0.37840366607639225,0.16676104735447056
0.3995,0.6940467219291635,0.31585705114487483,0.37818967078428867,0.1666322468061491
0.39966666666666667,0.6940467219291635,0.31607104643697836,0.37797567549218514,0.16659744636699705
0.3998333333333333,0.6940467219291635,0.31628504172908195,0.37776168020008155,0.1665594632615523
0.4,0.6940467219291635,0.31649903702118554,0.37754768490797797,0.16645141764122157
0.40016666666666667,0.694800301431801,0.31649903702118554,0.3783012644106155,0.1664349755220878
0.4003333333333333,0.694800301431801,0.3167130323132891,0.3780872691185119,0.16639659028225415
0.4005,0.694800301431801,0.3169270276053927,0.37787327382640834,0.16636905589428833
0.40066666666666667,0.6955538809344386,0.3169270276053927,0.3786268533290459,0.16627463642190926
0.4008333333333333,0.6963074604370761,0.3169270276053927,0.37938043283168343,0.16619807480406093
0.401,0.6963074604370761,0.31714102289749624,0.3791664375395799,0.1661495776497383
0.40116666666666667,0.6963074604370761,0.3173550181895998,0.3789524422474763,0.1661329380417697
0.4013333333333333,0.6970610399397137,0.3173550181895998,0.37970602175011386,0.16606942533569402
0.4015,0.6970610399397137,0.3175690134817034,0.3794920264580103,0.16603939529220726
0.40166666666666667,0.6978146194423511,0.3175690134817034,0.3802456059606477,0.16601851257737213
0.4018333333333333,0.6978146194423511,0.317783008773807,0.38003161066854413,0.1658247113803065
0.402,0.6985681989449887,0.317783008773807,0.3807851901711817,0.16579644128393892
0.4021666666666667,0.6993217784476262,0.317783008773807,0.3815387696738192,0.16579614120952357
0.4023333333333333,0.7000753579502638,0.317783008773807,0.38229234917645677,0.165784647577711
0.4025,0.7008289374529013,0.317783008773807,0.3830459286790943,0.16563991180436285
0.4026666666666667,0.7008289374529013,0.3179970040659105,0.3828319333869908,0.1655995043784165
0.4028333333333333,0.7015825169555389,0.3179970040659105,0.38358551288962833,0.1655731866903063
0.403,0.7015825169555389,0.3182109993580141,0.38337151759752475,0.16550025129643442
0.4031666666666667,0.7015825169555389,0.3184249946501177,0.38315752230542116,0.1654297689128914
0.4033333333333333,0.7015825169555389,0.3186389899422213,0.3829435270133176,0.1654072769938945
0.4035,0.7015825169555389,0.31885298523432487,0.382729531721214,0.16528897375498675
0.4036666666666667,0.7015825169555389,0.3190669805264284,0.38251553642911046,0.1652490404268045
0.4038333333333333,0.7015825169555389,0.319280975818532,0.3823015411370069,0.16522135086114387
0.404,0.7015825169555389,0.3194949711106356,0.3820875458449033,0.16515537257280613
0.4041666666666667,0.7015825169555389,0.31970896640273916,0.3818735505527997,0.1650541043190873
0.4043333333333333,0.7015825169555389,0.3199229616948427,0.38165955526069617,0.1649916731911167
0.4045,0.7015825169555389,0.3201369569869463,0.3814455599685926,0.16490546970394335
0.4046666666666667,0.7023360964581763,0.3201369569869463,0.38219913947123,0.16485403070333748
0.4048333333333333,0.7023360964581763,0.32035095227904986,0.38198514417912643,0.1647425226954123
0.405,0.7023360964581763,0.32056494757115345,0.38177114888702285,0.16466321716964014
0.4051666666666667,0.7030896759608138,0.32056494757115345,0.3825247283896604,0.16463010958378574
0.4053333333333333,0.7030896759608138,0.32077894286325703,0.3823107330975568,0.16455372016843364
0.4055,0.7030896759608138,0.32099293815536056,0.3820967378054533,0.1645444590647512
0.4056666666666667,0.7030896759608138,0.32120693344746415,0.3818827425133497,0.16453654365088885
0.4058333333333333,0.7030896759608138,0.32142092873956774,0.3816687472212461,0.16440235826657987
0.406,0.7038432554634514,0.32142092873956774,0.38242232672388365,0.16438597166878174
0.4061666666666667,0.7038432554634514,0.3216349240316713,0.38220833143178007,0.16438504212775681
0.4063333333333333,0.7038432554634514,0.32184891932377485,0.38199433613967654,0.16417581846340049
0.4065,0.7038432554634514,0.32206291461587844,0.38178034084757295,0.16417522828755243
0.4066666666666667,0.7038432554634514,0.322276909907982,0.38156634555546937,0.16409366801539346
0.4068333333333333,0.7038432554634514,0.3224909052000856,0.3813523502633658,0.16409105038561111
0.407,0.7038432554634514,0.3227049004921892,0.3811383549712622,0.16406531791791532
0.4071666666666667,0.7038432554634514,0.3229188957842927,0.38092435967915866,0.16403775295008194
0.4073333333333333,0.7038432554634514,0.3231328910763963,0.3807103643870551,0.16390672358044617
0.4075,0.7038432554634514,0.3233468863684999,0.3804963690949515,0.16389812685774743
0.4076666666666667,0.7038432554634514,0.3235608816606035,0.3802823738028479,0.16389046506050164
0.4078333333333333,0.7038432554634514,0.323774876952707,0.3800683785107444,0.16375996898136375
0.408,0.7038432554634514,0.3239888722448106,0.3798543832186408,0.16375712732241318
0.4081666666666667,0.7045968349660889,0.3239888722448106,0.38060796272127834,0.16369996363483366
0.4083333333333333,0.7045968349660889,0.3242028675369142,0.38039396742917475,0.16369974449955882
0.4085,0.7045968349660889,0.32441686282901777,0.38017997213707116,0.16366259175076164
0.4086666666666667,0.7053504144687265,0.32441686282901777,0.3809335516397087,0.16364830156964003
0.4088333333333333,0.7053504144687265,0.32463085812112136,0.3807195563476051,0.1634490314802767
0.409,0.7053504144687265,0.3248448534132249,0.3805055610555016,0.16337981899234455
0.4091666666666667,0.7053504144687265,0.3250588487053285,0.380291565763398,0.1632634716541457
0.4093333333333333,0.7053504144687265,0.32527284399743206,0.3800775704712944,0.16317485868436538
0.4095,0.7053504144687265,0.32548683928953565,0.37986357517919084,0.16293383687693752
0.4096666666666667,0.7053504144687265,0.32570083458163923,0.37964957988708725,0.16281443203933757
0.4098333333333333,0.7053504144687265,0.32591482987374276,0.3794355845949837,0.16280269638589967
0.41,0.7053504144687265,0.32612882516584635,0.37922158930288014,0.1627944364522816
0.4101666666666667,0.706103993971364,0.32612882516584635,0.3799751688055177,0.16271377925777944
0.4103333333333333,0.706103993971364,0.32634282045794993,0.3797611735134141,0.16268015279903536
0.4105,0.706103993971364,0.3265568157500535,0.3795471782213105,0.16267765056579106
0.4106666666666667,0.706103993971364,0.32677081104215705,0.379333182929207,0.16264846362986968
0.41083333333333333,0.706103993971364,0.32698480633426064,0.3791191876371034,0.16263573883652713
0.411,0.706103993971364,0.3271988016263642,0.3789051923449998,0.16253478969608057
0.4111666666666667,0.706103993971364,0.3274127969184678,0.3786911970528962,0.16252445268440577
0.41133333333333333,0.706103993971364,0.3276267922105714,0.37847720176079264,0.16250651158458967
0.4115,0.706103993971364,0.3278407875026749,0.3782632064686891,0.16246072391926678
0.4116666666666667,0.706103993971364,0.3280547827947785,0.3780492111765855,0.1623296169562187
0.41183333333333333,0.7068575734740015,0.3280547827947785,0.37880279067922296,0.16231081296176972
0.412,0.707611152976639,0.3280547827947785,0.3795563701818605,0.16225411354597621
0.4121666666666667,0.7083647324792766,0.3280547827947785,0.38030994968449805,0.16213913509170133
0.41233333333333333,0.7091183119819141,0.3280547827947785,0.3810635291871356,0.16209758306637922
0.4125,0.7091183119819141,0.3282687780868821,0.380849533895032,0.16205057120112168
0.4126666666666667,0.7098718914845517,0.3282687780868821,0.38160311339766956,0.16203546301196903
0.41283333333333333,0.7098718914845517,0.3284827733789857,0.38138911810556597,0.1620182066312741
0.413,0.7098718914845517,0.3286967686710892,0.38117512281346244,0.1619572869221159
0.4131666666666667,0.7106254709871892,0.3286967686710892,0.3819287023161,0.16194383277211738
0.41333333333333333,0.7106254709871892,0.3289107639631928,0.3817147070239964,0.16193394353537838
0.4135,0.7106254709871892,0.3291247592552964,0.3815007117318928,0.16190579079753997
0.4136666666666667,0.7106254709871892,0.32933875454739997,0.38128671643978923,0.16186306604319178
0.41383333333333333,0.7106254709871892,0.32955274983950356,0.38107272114768564,0.16179705574794376
0.414,0.7106254709871892,0.3297667451316071,0.3808587258555821,0.16169160557679976
0.4141666666666667,0.7106254709871892,0.3299807404237107,0.38064473056347853,0.16166647225265748
0.41433333333333333,0.7106254709871892,0.33019473571581426,0.38043073527137494,0.16161441514554115
0.4145,0.7106254709871892,0.33040873100791784,0.38021673997927136,0.1615088645282635
0.4146666666666667,0.7106254709871892,0.3306227263000214,0.3800027446871678,0.16148797236099816
0.41483333333333333,0.7106254709871892,0.33083672159212496,0.37978874939506424,0.16133055768829818
0.415,0.7106254709871892,0.33105071688422855,0.37957475410296065,0.1613247893753108
0.4151666666666667,0.7106254709871892,0.33126471217633213,0.37936075881085707,0.16131616471526872
0.41533333333333333,0.7113790504898266,0.33126471217633213,0.3801143383134945,0.16125398871809365
0.4155,0.7113790504898266,0.3314787074684357,0.3799003430213909,0.16122575442363934
0.4156666666666667,0.7121326299924642,0.3314787074684357,0.38065392252402847,0.16121025351917226
0.41583333333333333,0.7121326299924642,0.33169270276053925,0.38043992723192493,0.1612052618534005
0.416,0.7121326299924642,0.33190669805264283,0.38022593193982135,0.16114819071476638
0.4161666666666667,0.7121326299924642,0.3321206933447464,0.38001193664771776,0.16113793221159067
0.41633333333333333,0.7121326299924642,0.33233468863685,0.3797979413556142,0.16103657535107296
0.4165,0.7128862094951017,0.33233468863685,0.3805515208582517,0.16090239095749684
0.4166666666666667,0.7136397889977393,0.33233468863685,0.38130510036088927,0.16090137521099462
0.41683333333333333,0.7136397889977393,0.33254868392895354,0.38109110506878574,0.16089110821791838
0.417,0.7136397889977393,0.3327626792210571,0.38087710977668215,0.16087872282244553
0.4171666666666667,0.7136397889977393,0.3329766745131607,0.38066311448457857,0.1608178835685177
0.41733333333333333,0.7136397889977393,0.3331906698052643,0.380449119192475,0.1608157291486142
0.4175,0.7136397889977393,0.3334046650973679,0.3802351239003714,0.16070045289333726
0.4176666666666667,0.7136397889977393,0.3336186603894714,0.38002112860826787,0.1606672107721889
0.41783333333333333,0.7136397889977393,0.333832655681575,0.3798071333161643,0.1606265250075705
0.418,0.7136397889977393,0.3340466509736786,0.3795931380240607,0.16062177554951454
0.4181666666666667,0.7136397889977393,0.33426064626578217,0.3793791427319571,0.16060057681551534
0.41833333333333333,0.7136397889977393,0.3344746415578857,0.3791651474398536,0.16058005310101184
0.4185,0.7136397889977393,0.3346886368499893,0.37895115214775,0.16056433556361047
0.4186666666666667,0.7136397889977393,0.33490263214209287,0.3787371568556464,0.16052928903723973
0.41883333333333334,0.7136397889977393,0.33511662743419646,0.3785231615635428,0.16051725516977908
0.419,0.7143933685003768,0.33511662743419646,0.37927674106618037,0.16037219198580982
0.4191666666666667,0.7143933685003768,0.33533062272630004,0.3790627457740768,0.160339817393504
0.41933333333333334,0.7143933685003768,0.3355446180184036,0.37884875048197325,0.160331122515923
0.4195,0.7143933685003768,0.33575861331050716,0.37863475518986967,0.16029335117293286
0.4196666666666667,0.7143933685003768,0.33597260860261074,0.3784207598977661,0.1602723059435885
0.41983333333333334,0.7143933685003768,0.33618660389471433,0.3782067646056625,0.16024895621325771
0.42,0.7143933685003768,0.3364005991868179,0.3779927693135589,0.16022183108466695
0.4201666666666667,0.7143933685003768,0.33661459447892145,0.3777787740214554,0.16018291352035624
0.42033333333333334,0.7143933685003768,0.33682858977102503,0.3775647787293518,0.1601789703553821
0.4205,0.7143933685003768,0.3370425850631286,0.3773507834372482,0.16012231211865963
0.4206666666666667,0.7143933685003768,0.3372565803552322,0.3771367881451446,0.16005718415020884
0.42083333333333334,0.7151469480030144,0.3372565803552322,0.37789036764778217,0.1600458486942534
0.421,0.7151469480030144,0.33747057564733574,0.37767637235567864,0.1600390416899571
0.4211666666666667,0.7159005275056518,0.33747057564733574,0.37842995185831607,0.16000539409513512
0.42133333333333334,0.7166541070082894,0.33747057564733574,0.3791835313609536,0.15991494889805918
0.4215,0.7166541070082894,0.3376845709394393,0.37896953606885003,0.15989885959898045
0.4216666666666667,0.7166541070082894,0.3378985662315429,0.37875554077674645,0.15988191848899846
0.42183333333333334,0.7166541070082894,0.3381125615236465,0.37854154548464286,0.15986646864591095
0.422,0.7166541070082894,0.3383265568157501,0.3783275501925393,0.15986633425575847
0.4221666666666667,0.7166541070082894,0.3385405521078536,0.37811355490043574,0.15986577708305819
0.42233333333333334,0.7166541070082894,0.3387545473999572,0.37789955960833216,0.15982012518302777
0.4225,0.7166541070082894,0.3389685426920608,0.3776855643162286,0.1597981366527806
0.4226666666666667,0.7166541070082894,0.33918253798416437,0.377471569024125,0.15968952096588976
0.42283333333333334,0.7166541070082894,0.3393965332762679,0.37725757373202146,0.1596688973434773
0.423,0.7166541070082894,0.3396105285683715,0.37704357843991787,0.15966302874136382
0.4231666666666667,0.7166541070082894,0.33982452386047507,0.3768295831478143,0.15961696457724422
0.42333333333333334,0.7166541070082894,0.34003851915257866,0.3766155878557107,0.15954070957188574
0.4235,0.7166541070082894,0.34025251444468224,0.3764015925636071,0.1595259592503215
0.4236666666666667,0.7166541070082894,0.34046650973678577,0.3761875972715036,0.15941069092750934
0.42383333333333334,0.7166541070082894,0.34068050502888936,0.3759736019794,0.15938094381017232
0.424,0.7174076865109269,0.34068050502888936,0.37672718148203754,0.15928523229840819
0.4241666666666667,0.7174076865109269,0.34089450032099294,0.37651318618993396,0.15926110695793852
0.42433333333333334,0.7174076865109269,0.34110849561309653,0.37629919089783037,0.15920313260005292
0.4245,0.7174076865109269,0.34132249090520006,0.37608519560572684,0.15908386502667896
0.4246666666666667,0.7181612660135644,0.34132249090520006,0.3768387751083644,0.1590707906353176
0.42483333333333334,0.7181612660135644,0.34153648619730365,0.3766247798162608,0.15890848194614013
0.425,0.7181612660135644,0.34175048148940723,0.3764107845241572,0.15886719104398025
0.4251666666666667,0.7181612660135644,0.3419644767815108,0.37619678923205363,0.15885016672411778
0.42533333333333334,0.7181612660135644,0.3421784720736144,0.37598279393995004,0.15884850880716933
0.4255,0.7181612660135644,0.34239246736571793,0.3757687986478465,0.15882867475752838
0.4256666666666667,0.7181612660135644,0.3426064626578215,0.3755548033557429,0.15874228854858258
0.42583333333333334,0.7181612660135644,0.3428204579499251,0.37534080806363934,0.158635577366625
0.426,0.7181612660135644,0.3430344532420287,0.37512681277153576,0.15862566077788576
0.4261666666666667,0.718914845516202,0.3430344532420287,0.3758803922741733,0.15861776974236957
0.42633333333333334,0.718914845516202,0.3432484485341322,0.3756663969820698,0.1586008588287003
0.4265,0.718914845516202,0.3434624438262358,0.3754524016899662,0.1585814231516816
0.4266666666666667,0.718914845516202,0.3436764391183394,0.3752384063978626,0.1585215687458776
0.42683333333333334,0.718914845516202,0.343890434410443,0.375024411105759,0.15849217001682595
0.427,0.718914845516202,0.34410442970254657,0.37481041581365543,0.15846224577445756
0.42716666666666664,0.718914845516202,0.3443184249946501,0.3745964205215519,0.15841604229856768
0.42733333333333334,0.718914845516202,0.3445324202867537,0.3743824252294483,0.1584103843163311
0.4275,0.718914845516202,0.34474641557885727,0.3741684299373447,0.1583827966106908
0.42766666666666664,0.718914845516202,0.34496041087096085,0.37395443464524114,0.15833367233629775
0.42783333333333334,0.718914845516202,0.34517440616306444,0.37374043935313755,0.1582832219363185
0.428,0.718914845516202,0.34538840145516797,0.373526444061034,0.15822927810388568
0.42816666666666664,0.7196684250188395,0.34538840145516797,0.37428002356367157,0.15822009812033855
0.42833333333333334,0.720422004521477,0.34538840145516797,0.375033603066309,0.15820372694592355
0.4285,0.720422004521477,0.34560239674727156,0.3748196077742054,0.1581796232618551
0.42866666666666664,0.720422004521477,0.34581639203937514,0.37460561248210184,0.15816859168758157
0.42883333333333334,0.720422004521477,0.34603038733147873,0.37439161718999825,0.15807511360163698
0.429,0.720422004521477,0.34624438262358226,0.3741776218978947,0.15805089241871012
0.42916666666666664,0.720422004521477,0.34645837791568584,0.37396362660579113,0.1579781922589037
0.42933333333333334,0.720422004521477,0.34667237320778943,0.37374963131368755,0.1579473671228429
0.4295,0.7211755840241145,0.34667237320778943,0.3745032108163251,0.15791887708913566
0.42966666666666664,0.7211755840241145,0.346886368499893,0.3742892155242215,0.15790874519267117
0.42983333333333335,0.7211755840241145,0.3471003637919966,0.3740752202321179,0.15787741497707855
0.43,0.7211755840241145,0.34731435908410013,0.3738612249400144,0.1578656814007358
0.43016666666666664,0.7211755840241145,0.3475283543762037,0.3736472296479108,0.15782958240773115
0.43033333333333335,0.7211755840241145,0.3477423496683073,0.3734332343558072,0.15782161780008572
0.4305,0.7211755840241145,0.3479563449604109,0.37321923906370363,0.1577486514583622
0.43066666666666664,0.7211755840241145,0.3481703402525144,0.3730052437716001,0.15770820493260337
0.43083333333333335,0.7211755840241145,0.348384335544618,0.3727912484794965,0.1576794697181418
0.431,0.7211755840241145,0.3485983308367216,0.37257725318739293,0.1576609089604694
0.43116666666666664,0.7211755840241145,0.3488123261288252,0.37236325789528935,0.15764887228806462
0.43133333333333335,0.7219291635267521,0.3488123261288252,0.3731168373979269,0.15762921283240605
0.4315,0.7219291635267521,0.34902632142092876,0.3729028421058233,0.15761536542458363
0.43166666666666664,0.7219291635267521,0.3492403167130323,0.3726888468137198,0.15758520590142722
0.43183333333333335,0.7219291635267521,0.3494543120051359,0.3724748515216162,0.15756244986135803
0.432,0.7219291635267521,0.34966830729723947,0.3722608562295126,0.1574974747772317
0.43216666666666664,0.7219291635267521,0.34988230258934305,0.372046860937409,0.1574332608661202
0.43233333333333335,0.7226827430293896,0.34988230258934305,0.37280044044004657,0.1572926580129595
0.4325,0.7234363225320272,0.34988230258934305,0.3735540199426841,0.15713985911653194
0.43266666666666664,0.7234363225320272,0.3500962978814466,0.3733400246505806,0.15707840111701263
0.43283333333333335,0.7234363225320272,0.35031029317355017,0.373126029358477,0.15688716021122512
0.433,0.7234363225320272,0.35052428846565375,0.3729120340663734,0.15685314684205315
0.43316666666666664,0.7234363225320272,0.35073828375775734,0.3726980387742698,0.15677237295499577
0.43333333333333335,0.7234363225320272,0.3509522790498609,0.37248404348216624,0.15676615715958095
0.4335,0.7234363225320272,0.35116627434196446,0.3722700481900627,0.15664776065456731
0.43366666666666664,0.7234363225320272,0.35138026963406804,0.3720560528979591,0.15655498444962798
0.43383333333333335,0.7241899020346647,0.35138026963406804,0.37280963240059667,0.15647301947408399
0.434,0.7249434815373021,0.35138026963406804,0.3735632119032341,0.15643137433849255
0.43416666666666665,0.7249434815373021,0.35159426492617163,0.3733492166111305,0.15641911500800437
0.43433333333333335,0.7249434815373021,0.3518082602182752,0.37313522131902693,0.15633963849107435
0.4345,0.7249434815373021,0.35202225551037875,0.3729212260269234,0.15633226735990302
0.43466666666666665,0.7249434815373021,0.35223625080248233,0.3727072307348198,0.15632342065975183
0.43483333333333335,0.7249434815373021,0.3524502460945859,0.37249323544271623,0.15630928650726866
0.435,0.7249434815373021,0.3526642413866895,0.37227924015061264,0.1562284479701517
0.43516666666666665,0.7249434815373021,0.3528782366787931,0.37206524485850906,0.156226597835486
0.43533333333333335,0.7249434815373021,0.3530922319708966,0.37185124956640553,0.15621139960291996
0.4355,0.7249434815373021,0.3533062272630002,0.37163725427430194,0.15615386659518046
0.43566666666666665,0.7249434815373021,0.3535202225551038,0.37142325898219836,0.15609647932279203
0.43583333333333335,0.7249434815373021,0.3537342178472074,0.37120926369009477,0.15599789358835955
0.436,0.7249434815373021,0.3539482131393109,0.37099526839799124,0.15593991418815034
0.43616666666666665,0.7256970610399397,0.3539482131393109,0.3717488479006288,0.15593960862554895
0.43633333333333335,0.7256970610399397,0.3541622084314145,0.3715348526085252,0.15593915239206138
0.4365,0.7256970610399397,0.3543762037235181,0.3713208573164216,0.155925282913298
0.43666666666666665,0.7256970610399397,0.35459019901562167,0.37110686202431803,0.15586040107311047
0.43683333333333335,0.7264506405425772,0.35459019901562167,0.3718604415269556,0.15584652854494876
0.437,0.7264506405425772,0.35480419430772525,0.371646446234852,0.15581066344974207
0.43716666666666665,0.7264506405425772,0.3550181895998288,0.37143245094274846,0.15576225389885004
0.43733333333333335,0.7264506405425772,0.35523218489193237,0.3712184556506449,0.15572858421323954
0.4375,0.7264506405425772,0.35544618018403595,0.3710044603585413,0.1555941399713246
0.43766666666666665,0.7264506405425772,0.35566017547613954,0.3707904650664377,0.15550255735896767
0.43783333333333335,0.7264506405425772,0.3558741707682431,0.3705764697743341,0.15550213526421078
0.438,0.7264506405425772,0.35608816606034666,0.3703624744822306,0.15549599526395297
0.43816666666666665,0.7264506405425772,0.35630216135245024,0.370148479190127,0.15545131140536086
0.43833333333333335,0.7264506405425772,0.3565161566445538,0.3699344838980234,0.15537521955856062
0.4385,0.7264506405425772,0.3567301519366574,0.36972048860591983,0.15536844653055817
0.43866666666666665,0.7264506405425772,0.35694414722876094,0.3695064933138163,0.15534589199014762
0.43883333333333335,0.7264506405425772,0.35715814252086453,0.3692924980217127,0.15533770443374978
0.439,0.7264506405425772,0.3573721378129681,0.3690785027296091,0.1552136389674432
0.43916666666666665,0.7264506405425772,0.3575861331050717,0.36886450743750554,0.15519774936504013
0.43933333333333335,0.7264506405425772,0.3578001283971753,0.36865051214540195,0.15513359370460497
0.4395,0.7272042200452148,0.3578001283971753,0.3694040916480395,0.15512345327183572
0.43966666666666665,0.7272042200452148,0.3580141236892788,0.36919009635593597,0.1551066243566122
0.43983333333333335,0.7272042200452148,0.3582281189813824,0.3689761010638324,0.15509880227697256
0.44,0.7272042200452148,0.358442114273486,0.3687621057717288,0.15504518028421976
0.44016666666666665,0.7272042200452148,0.3586561095655896,0.3685481104796252,0.15498461892865123
0.44033333333333335,0.7272042200452148,0.3588701048576931,0.3683341151875217,0.15498135040976574
0.4405,0.7272042200452148,0.3590841001497967,0.3681201198954181,0.15494400701821104
0.44066666666666665,0.7272042200452148,0.3592980954419003,0.3679061246033145,0.15493654956310968
0.44083333333333335,0.7272042200452148,0.35951209073400386,0.3676921293112109,0.15483924971849813
0.441,0.7272042200452148,0.35972608602610745,0.36747813401910734,0.15483314525102768
0.44116666666666665,0.7272042200452148,0.359940081318211,0.3672641387270038,0.15476974715745448
0.44133333333333336,0.7272042200452148,0.36015407661031457,0.3670501434349002,0.1547608286185078
0.4415,0.7272042200452148,0.36036807190241815,0.36683614814279664,0.15473841824518708
0.44166666666666665,0.7279577995478523,0.36036807190241815,0.3675897276454342,0.1547248217267964
0.44183333333333336,0.7279577995478523,0.36058206719452174,0.3673757323533306,0.1546653304200317
0.442,0.7279577995478523,0.36079606248662527,0.36716173706122707,0.15465572525199708
0.44216666666666665,0.7279577995478523,0.36101005777872885,0.3669477417691235,0.1545861938959068
0.44233333333333336,0.7279577995478523,0.36122405307083244,0.3667337464770199,0.15454642387208947
0.4425,0.7279577995478523,0.361438048362936,0.3665197511849163,0.1545237894748975
0.44266666666666665,0.7279577995478523,0.3616520436550396,0.3663057558928127,0.15438631295346628
0.44283333333333336,0.7279577995478523,0.36186603894714314,0.3660917606007092,0.15438227718045536
0.443,0.7279577995478523,0.36208003423924673,0.3658777653086056,0.15431403965092655
0.44316666666666665,0.7279577995478523,0.3622940295313503,0.365663770016502,0.15414685623416402
0.44333333333333336,0.7279577995478523,0.3625080248234539,0.36544977472439844,0.15413759528713275
0.4435,0.7287113790504898,0.3625080248234539,0.36620335422703587,0.15408916366942543
0.44366666666666665,0.7287113790504898,0.36272202011555743,0.36598935893493234,0.15406260043877476
0.44383333333333336,0.7287113790504898,0.362936015407661,0.36577536364282875,0.15405850987776476
0.444,0.7287113790504898,0.3631500106997646,0.36556136835072517,0.15404635178062284
0.44416666666666665,0.7287113790504898,0.3633640059918682,0.3653473730586216,0.15400558921644752
0.44433333333333336,0.7294649585531273,0.3633640059918682,0.36610095256125913,0.15396382619547616
0.4445,0.7294649585531273,0.3635780012839718,0.36588695726915554,0.15395365235912864
0.44466666666666665,0.7294649585531273,0.3637919965760753,0.365672961977052,0.15391820885073818
0.44483333333333336,0.7294649585531273,0.3640059918681789,0.3654589666849484,0.15389300257561203
0.445,0.7302185380557649,0.3640059918681789,0.366212546187586,0.15384519130660504
0.44516666666666665,0.7302185380557649,0.3642199871602825,0.3659985508954824,0.15384121522961783
0.44533333333333336,0.7302185380557649,0.36443398245238606,0.3657845556033788,0.15383943776546666
0.4455,0.7302185380557649,0.36464797774448965,0.3655705603112752,0.1538260866107943
0.44566666666666666,0.7302185380557649,0.3648619730365932,0.3653565650191717,0.15380909664565556
0.44583333333333336,0.7302185380557649,0.36507596832869676,0.3651425697270681,0.15370807495978953
0.446,0.7302185380557649,0.36528996362080035,0.3649285744349645,0.15358529236729163
0.44616666666666666,0.7302185380557649,0.36550395891290394,0.36471457914286093,0.15355229228880538
0.44633333333333336,0.7302185380557649,0.36571795420500747,0.3645005838507574,0.15353471404638588
0.4465,0.7302185380557649,0.36593194949711105,0.3642865885586538,0.15351490259463346
0.44666666666666666,0.7302185380557649,0.36614594478921464,0.3640725932665502,0.1534639514428548
0.44683333333333336,0.7302185380557649,0.3663599400813182,0.36385859797444664,0.15342955852089504
0.447,0.7302185380557649,0.3665739353734218,0.36364460268234305,0.1533499270358965
0.44716666666666666,0.7302185380557649,0.36678793066552534,0.3634306073902395,0.15330808886584427
0.44733333333333336,0.7302185380557649,0.3670019259576289,0.36321661209813594,0.15327310963365112
0.4475,0.7302185380557649,0.3672159212497325,0.36300261680603235,0.15323255202144212
0.44766666666666666,0.7302185380557649,0.3674299165418361,0.36278862151392877,0.1532239252697306
0.44783333333333336,0.7302185380557649,0.36764391183393963,0.36257462622182524,0.1531811850678143
0.448,0.7302185380557649,0.3678579071260432,0.36236063092972165,0.15316008244617396
0.44816666666666666,0.7302185380557649,0.3680719024181468,0.36214663563761806,0.15312098884354475
0.4483333333333333,0.7302185380557649,0.3682858977102504,0.3619326403455145,0.15287415540440022
0.4485,0.7302185380557649,0.368499893002354,0.3617186450534109,0.15279719426553
0.44866666666666666,0.7302185380557649,0.3687138882944575,0.36150464976130736,0.1527774203057465
0.4488333333333333,0.7302185380557649,0.3689278835865611,0.3612906544692038,0.15277193375836573
0.449,0.7302185380557649,0.3691418788786647,0.3610766591771002,0.1527420504773734
0.44916666666666666,0.7302185380557649,0.36935587417076826,0.3608626638849966,0.1526697178500996
0.4493333333333333,0.7302185380557649,0.3695698694628718,0.3606486685928931,0.1526423850737932
0.4495,0.7309721175584024,0.3695698694628718,0.3614022480955306,0.15261524849485228
0.44966666666666666,0.7309721175584024,0.3697838647549754,0.36118825280342703,0.15259484122610678
0.4498333333333333,0.7309721175584024,0.36999786004707896,0.36097425751132345,0.1525382476758645
0.45,0.73172569706104,0.36999786004707896,0.361727837013961,0.15252800703607608
0.45016666666666666,0.7324792765636775,0.36999786004707896,0.36248141651659854,0.1524927638550966
0.4503333333333333,0.7324792765636775,0.37021185533918255,0.36226742122449496,0.15246497495533828
0.4505,0.7324792765636775,0.37042585063128614,0.36205342593239137,0.15240640422611648
0.45066666666666666,0.7332328560663149,0.37042585063128614,0.3628070054350288,0.1523464336847045
0.4508333333333333,0.7332328560663149,0.37063984592338967,0.3625930101429253,0.1523320678783284
0.451,0.7332328560663149,0.37085384121549325,0.3623790148508217,0.15230504025923816
0.45116666666666666,0.7332328560663149,0.37106783650759684,0.3621650195587181,0.15229326966871737
0.4513333333333333,0.7332328560663149,0.3712818317997004,0.3619510242666145,0.15226496011630147
0.4515,0.7339864355689525,0.3712818317997004,0.36270460376925207,0.15223462587392697
0.45166666666666666,0.7339864355689525,0.37149582709180395,0.36249060847714853,0.15220802682253326
0.4518333333333333,0.7339864355689525,0.37170982238390754,0.36227661318504495,0.15219633693825813
0.452,0.7339864355689525,0.3719238176760111,0.36206261789294136,0.1521442560882576
0.45216666666666666,0.7339864355689525,0.3721378129681147,0.3618486226008378,0.15213145808714848
0.4523333333333333,0.7339864355689525,0.3723518082602183,0.3616346273087342,0.15202458420771528
0.4525,0.73474001507159,0.3723518082602183,0.36238820681137174,0.1520203609076636
0.45266666666666666,0.73474001507159,0.37256580355232183,0.3621742115192682,0.15201153935925765
0.4528333333333333,0.7354935945742276,0.37256580355232183,0.36292779102190575,0.1519734818052343
0.453,0.7354935945742276,0.3727797988444254,0.36271379572980217,0.15192663117177568
0.45316666666666666,0.7362471740768651,0.3727797988444254,0.3634673752324397,0.15192374835412223
0.4533333333333333,0.7362471740768651,0.372993794136529,0.36325337994033613,0.1519162993896255
0.4535,0.7370007535795027,0.372993794136529,0.3640069594429737,0.15174350206789775
0.45366666666666666,0.7370007535795027,0.3732077894286326,0.3637929641508701,0.15169304507489048
0.4538333333333333,0.7370007535795027,0.3734217847207361,0.36357896885876656,0.15168035130063745
0.454,0.7377543330821401,0.3734217847207361,0.364332548361404,0.15167595691825758
0.45416666666666666,0.7377543330821401,0.3736357800128397,0.3641185530693004,0.15166327616085432
0.4543333333333333,0.7377543330821401,0.3738497753049433,0.3639045577771968,0.15164554749765255
0.4545,0.7385079125847777,0.3738497753049433,0.36465813727983437,0.15160901324947926
0.45466666666666666,0.7385079125847777,0.3740637705970469,0.3644441419877308,0.15152631541889017
0.4548333333333333,0.7385079125847777,0.37427776588915046,0.3642301466956272,0.151505148488333
0.455,0.7385079125847777,0.374491761181254,0.36401615140352367,0.1514843975390327
0.45516666666666666,0.7385079125847777,0.3747057564733576,0.3638021561114201,0.1514747854501062
0.4553333333333333,0.7392614920874152,0.3747057564733576,0.36455573561405763,0.15145590016259203
0.4555,0.7392614920874152,0.37491975176546116,0.36434174032195404,0.15145580608268594
0.45566666666666666,0.7400150715900528,0.37491975176546116,0.3650953198245916,0.15144018627946026
0.4558333333333333,0.7400150715900528,0.37513374705756475,0.364881324532488,0.1513661567128432
0.456,0.7400150715900528,0.37534774234966833,0.3646673292403844,0.15129800465136828
0.45616666666666666,0.7400150715900528,0.37556173764177186,0.3644533339482809,0.15124892184424485
0.4563333333333333,0.7400150715900528,0.37577573293387545,0.3642393386561773,0.15121015623735995
0.4565,0.7400150715900528,0.37598972822597904,0.3640253433640737,0.15120185301384134
0.45666666666666667,0.7400150715900528,0.3762037235180826,0.36381134807197013,0.15114189558080113
0.4568333333333333,0.7407686510926903,0.3762037235180826,0.3645649275746077,0.15113123450562688
0.457,0.7407686510926903,0.37641771881018615,0.36435093228250415,0.15110325831781354
0.45716666666666667,0.7407686510926903,0.37663171410228974,0.36413693699040056,0.15102919294110456
0.4573333333333333,0.7407686510926903,0.3768457093943933,0.363922941698297,0.15094571879209573
0.4575,0.7407686510926903,0.3770597046864969,0.3637089464061934,0.15090770657136524
0.45766666666666667,0.7407686510926903,0.3772736999786005,0.3634949511140898,0.1508706886471681
0.4578333333333333,0.7407686510926903,0.377487695270704,0.3632809558219863,0.15085423314847624
0.458,0.7407686510926903,0.3777016905628076,0.3630669605298827,0.1508149709615842
0.45816666666666667,0.7407686510926903,0.3779156858549112,0.3628529652377791,0.15081443781066484
0.4583333333333333,0.7407686510926903,0.3781296811470148,0.3626389699456755,0.15077308948257143
0.4585,0.7407686510926903,0.3783436764391183,0.362424974653572,0.15076278846651975
0.45866666666666667,0.7407686510926903,0.3785576717312219,0.3622109793614684,0.1507468340158418
0.4588333333333333,0.7407686510926903,0.3787716670233255,0.3619969840693648,0.15073430996604834
0.459,0.7407686510926903,0.3789856623154291,0.3617829887772612,0.15073272020962578
0.45916666666666667,0.7415222305953278,0.3789856623154291,0.3625365682798988,0.1507167119857556
0.4593333333333333,0.7415222305953278,0.37919965760753266,0.3623225729877952,0.15071524644474132
0.4595,0.7415222305953278,0.3794136528996362,0.36210857769569166,0.1507150202046064
0.45966666666666667,0.7415222305953278,0.3796276481917398,0.36189458240358807,0.15071201677698315
0.4598333333333333,0.7415222305953278,0.37984164348384336,0.3616805871114845,0.15069064229264384
0.46,0.7422758100979653,0.37984164348384336,0.3624341666141219,0.15068352038184682
0.46016666666666667,0.7422758100979653,0.38005563877594695,0.36222017132201834,0.1504541374407333
0.4603333333333333,0.7422758100979653,0.3802696340680505,0.3620061760299148,0.150442325201257
0.4605,0.7422758100979653,0.38048362936015406,0.3617921807378112,0.15044067352076804
0.46066666666666667,0.7430293896006028,0.38048362936015406,0.36254576024044877,0.1503775751497298
0.4608333333333333,0.7430293896006028,0.38069762465225765,0.3623317649483452,0.1503632457065884
0.461,0.7430293896006028,0.38091161994436123,0.3621177696562416,0.1503500029272003
0.46116666666666667,0.7430293896006028,0.3811256152364648,0.361903774364138,0.15034564701116926
0.4613333333333333,0.7430293896006028,0.38133961052856835,0.3616897790720345,0.150342135540729
0.4615,0.7430293896006028,0.38155360582067194,0.3614757837799309,0.15033947323191754
0.46166666666666667,0.7430293896006028,0.3817676011127755,0.3612617884878273,0.15032356061567334
0.4618333333333333,0.7437829691032404,0.3817676011127755,0.36201536799046485,0.15027725588674554
0.462,0.7437829691032404,0.3819815964048791,0.36180137269836127,0.15027654637928758
0.46216666666666667,0.7437829691032404,0.38219559169698264,0.36158737740625774,0.1502254125239143
0.4623333333333333,0.7437829691032404,0.3824095869890862,0.36137338211415415,0.15019413534677922
0.4625,0.7437829691032404,0.3826235822811898,0.36115938682205057,0.15015366403880415
0.46266666666666667,0.7437829691032404,0.3828375775732934,0.360945391529947,0.15014152359492822
0.4628333333333333,0.7437829691032404,0.383051572865397,0.3607313962378434,0.15006993119438117
0.463,0.7437829691032404,0.3832655681575005,0.36051740094573986,0.15004800810282715
0.46316666666666667,0.7445365486058779,0.3832655681575005,0.3612709804483774,0.15000523934562418
0.4633333333333333,0.7445365486058779,0.3834795634496041,0.3610569851562738,0.1499957534503341
0.4635,0.7445365486058779,0.3836935587417077,0.36084298986417024,0.1499723852593241
0.46366666666666667,0.7445365486058779,0.38390755403381127,0.36062899457206665,0.1499650681211843
0.4638333333333333,0.7445365486058779,0.38412154932591486,0.36041499927996307,0.14995892728473845
0.464,0.7452901281085155,0.38412154932591486,0.3611685787826006,0.14993896415540303
0.46416666666666667,0.7452901281085155,0.3843355446180184,0.3609545834904971,0.1499291721018111
0.4643333333333333,0.7452901281085155,0.384549539910122,0.3607405881983935,0.1499038224158981
0.4645,0.746043707611153,0.384549539910122,0.36149416770103104,0.14987029786908368
0.4646666666666667,0.746043707611153,0.38476353520222556,0.36128017240892746,0.14985013717815837
0.4648333333333333,0.746043707611153,0.38497753049432915,0.36106617711682387,0.1498247427333173
0.465,0.7467972871137905,0.38497753049432915,0.3618197566194613,0.14977373818281614
0.4651666666666667,0.7467972871137905,0.3851915257864327,0.3616057613273578,0.14976470652723547
0.4653333333333333,0.7467972871137905,0.38540552107853626,0.3613917660352542,0.14971820417689624
0.4655,0.7467972871137905,0.38561951637063985,0.3611777707431506,0.14970126132693876
0.4656666666666667,0.7467972871137905,0.38583351166274343,0.360963775451047,0.14968720175183176
0.4658333333333333,0.7467972871137905,0.386047506954847,0.36074978015894343,0.14965758678073052
0.466,0.747550866616428,0.386047506954847,0.361503359661581,0.14964547331434563
0.4661666666666667,0.747550866616428,0.38626150224695055,0.36128936436947745,0.14959767577113445
0.4663333333333333,0.747550866616428,0.38647549753905414,0.36107536907737386,0.14952522795295298
0.4665,0.747550866616428,0.3866894928311577,0.3608613737852703,0.1494824499617123
0.4666666666666667,0.747550866616428,0.3869034881232613,0.3606473784931667,0.14946345005622208
0.4668333333333333,0.747550866616428,0.38711748341536484,0.36043338320106316,0.149431429249178
0.467,0.747550866616428,0.3873314787074684,0.3602193879089596,0.1494129566494138
0.4671666666666667,0.747550866616428,0.387545473999572,0.360005392616856,0.1493969473018796
0.4673333333333333,0.747550866616428,0.3877594692916756,0.3597913973247524,0.14927787092173228
0.4675,0.747550866616428,0.3879734645837792,0.3595774020326488,0.14926167479382896
0.4676666666666667,0.747550866616428,0.3881874598758827,0.3593634067405453,0.14922584747725728
0.4678333333333333,0.747550866616428,0.3884014551679863,0.3591494114484417,0.14918107278860043
0.468,0.747550866616428,0.3886154504600899,0.3589354161563381,0.14908491661802237
0.4681666666666667,0.747550866616428,0.38882944575219347,0.35872142086423453,0.1490846685007912
0.4683333333333333,0.747550866616428,0.389043441044297,0.358507425572131,0.14908202766826095
0.4685,0.747550866616428,0.3892574363364006,0.3582934302800274,0.14896314908289562
0.4686666666666667,0.747550866616428,0.38947143162850417,0.35807943498792383,0.14891097461141198
0.4688333333333333,0.747550866616428,0.38968542692060776,0.35786543969582024,0.14890629575332023
0.469,0.747550866616428,0.38989942221271134,0.35765144440371666,0.148893459187045
0.4691666666666667,0.747550866616428,0.3901134175048149,0.3574374491116131,0.14886355311325203
0.4693333333333333,0.747550866616428,0.39032741279691846,0.35722345381950954,0.14877932242927702
0.4695,0.747550866616428,0.39054140808902205,0.35700945852740595,0.14876966032874425
0.4696666666666667,0.747550866616428,0.39075540338112563,0.35679546323530237,0.14876459224767324
0.4698333333333333,0.747550866616428,0.39096939867322916,0.35658146794319884,0.14876053364420436
0.47,0.747550866616428,0.39118339396533275,0.35636747265109525,0.14867641488917954
0.4701666666666667,0.747550866616428,0.39139738925743633,0.35615347735899167,0.1485858281585643
0.4703333333333333,0.747550866616428,0.3916113845495399,0.3559394820668881,0.14854118428260413
0.4705,0.7483044461190655,0.3916113845495399,0.3566930615695256,0.1484891168954814
0.4706666666666667,0.7483044461190655,0.3918253798416435,0.35647906627742204,0.1484566537184237
0.4708333333333333,0.7483044461190655,0.39203937513374704,0.3562650709853185,0.14845158168397724
0.471,0.7483044461190655,0.3922533704258506,0.3560510756932149,0.14838350099923925
0.4711666666666667,0.7483044461190655,0.3924673657179542,0.35583708040111134,0.14837683766957455
0.4713333333333333,0.7490580256217031,0.3924673657179542,0.3565906599037489,0.14836062406923808
0.4715,0.7490580256217031,0.3926813610100578,0.3563766646116453,0.14832644676704648
0.4716666666666667,0.7490580256217031,0.3928953563021613,0.35616266931954177,0.1482696212423963
0.4718333333333333,0.7490580256217031,0.3931093515942649,0.3559486740274382,0.14826123080715845
0.472,0.7490580256217031,0.3933233468863685,0.3557346787353346,0.14824601134332815
0.4721666666666667,0.7490580256217031,0.3935373421784721,0.355520683443231,0.14820297643686323
0.4723333333333333,0.7490580256217031,0.39375133747057567,0.3553066881511274,0.1481739733544689
0.4725,0.7490580256217031,0.3939653327626792,0.3550926928590239,0.1481649913430642
0.4726666666666667,0.7490580256217031,0.3941793280547828,0.3548786975669203,0.14802080157179953
0.4728333333333333,0.7490580256217031,0.39439332334688637,0.3546647022748167,0.1480153655571057
0.473,0.7490580256217031,0.39460731863898996,0.35445070698271314,0.14800017536955284
0.4731666666666667,0.7498116051243406,0.39460731863898996,0.3552042864853507,0.1479715188308814
0.47333333333333333,0.7498116051243406,0.39482131393109354,0.3549902911932471,0.14795041729418776
0.4735,0.7498116051243406,0.3950353092231971,0.35477629590114357,0.14793263736003925
0.4736666666666667,0.7498116051243406,0.39524930451530066,0.35456230060904,0.14788206349252345
0.47383333333333333,0.7498116051243406,0.39546329980740424,0.3543483053169364,0.1478484283289802
0.474,0.7505651846269782,0.39546329980740424,0.35510188481957394,0.14771043641369788
0.4741666666666667,0.7505651846269782,0.39567729509950783,0.35488788952747036,0.14769113381177942
0.47433333333333333,0.7505651846269782,0.39589129039161136,0.3546738942353668,0.147686347314543
0.4745,0.7505651846269782,0.39610528568371495,0.35445989894326324,0.14767766086601863
0.4746666666666667,0.7505651846269782,0.39631928097581853,0.35424590365115965,0.14759230710351642
0.47483333333333333,0.7505651846269782,0.3965332762679221,0.35403190835905607,0.14753428439936245
0.475,0.7505651846269782,0.3967472715600257,0.3538179130669525,0.1474301998294735
0.4751666666666667,0.7505651846269782,0.39696126685212924,0.35360391777484895,0.14739344245496402
0.47533333333333333,0.7505651846269782,0.3971752621442328,0.35338992248274537,0.14736099119192494
0.4755,0.7513187641296156,0.3971752621442328,0.3541435019853828,0.14725163573497416
0.4756666666666667,0.7513187641296156,0.3973892574363364,0.3539295066932792,0.1472449858627664
0.47583333333333333,0.7513187641296156,0.39760325272844,0.35371551140117563,0.14714202268752072
0.476,0.7513187641296156,0.3978172480205435,0.3535015161090721,0.14708010269416977
0.4761666666666667,0.7520723436322532,0.3978172480205435,0.35425509561170965,0.14707644198645586
0.47633333333333333,0.7520723436322532,0.3980312433126471,0.35404110031960606,0.14701162480922533
0.4765,0.7528259231348907,0.3980312433126471,0.3547946798222436,0.14696318899574257
0.4766666666666667,0.7535795026375283,0.3980312433126471,0.35554825932488116,0.14693509612596067
0.47683333333333333,0.7535795026375283,0.3982452386047507,0.35533426403277757,0.14693291738336922
0.477,0.7535795026375283,0.3984592338968543,0.355120268740674,0.14690116196305184
0.4771666666666667,0.7535795026375283,0.39867322918895787,0.3549062734485704,0.1468270274201565
0.47733333333333333,0.7535795026375283,0.3988872244810614,0.35469227815646687,0.14682571882500395
0.4775,0.7535795026375283,0.399101219773165,0.3544782828643633,0.14678817451003123
0.4776666666666667,0.7535795026375283,0.39931521506526857,0.3542642875722597,0.1467738268925621
0.47783333333333333,0.7535795026375283,0.39952921035737216,0.3540502922801561,0.14676938575021783
0.478,0.7535795026375283,0.3997432056494757,0.3538362969880526,0.14675361978521542
0.4781666666666667,0.7535795026375283,0.39995720094157927,0.353622301695949,0.14670636403679596
0.47833333333333333,0.7535795026375283,0.40017119623368286,0.3534083064038454,0.14667292286784644
0.4785,0.7535795026375283,0.40038519152578644,0.3531943111117418,0.1466371717876321
0.4786666666666667,0.7535795026375283,0.40059918681789003,0.35298031581963824,0.1465557953592601
0.47883333333333333,0.7535795026375283,0.40081318210999356,0.3527663205275347,0.14655350900274156
0.479,0.7535795026375283,0.40102717740209715,0.3525523252354311,0.146531160657845
0.4791666666666667,0.7535795026375283,0.40124117269420073,0.35233832994332753,0.14643860397684913
0.47933333333333333,0.7543330821401658,0.40124117269420073,0.3530919094459651,0.14642182913713403
0.4795,0.7543330821401658,0.4014551679863043,0.3528779141538615,0.14637238777453637
0.4796666666666667,0.7550866616428034,0.4014551679863043,0.35363149365649904,0.14636396863311463
0.47983333333333333,0.7550866616428034,0.40166916327840785,0.3534174983643955,0.14635288286783088
0.48,0.7550866616428034,0.40188315857051143,0.3532035030722919,0.14628123235646423
0.4801666666666667,0.7550866616428034,0.402097153862615,0.35298950778018834,0.1461847648837323
0.48033333333333333,0.7550866616428034,0.4023111491547186,0.35277551248808475,0.146179211316893
0.4805,0.7550866616428034,0.4025251444468222,0.35256151719598117,0.14616626303364927
0.4806666666666667,0.7550866616428034,0.4027391397389257,0.35234752190387764,0.14612067272490153
0.48083333333333333,0.7550866616428034,0.4029531350310293,0.35213352661177405,0.14611175168158233
0.481,0.7550866616428034,0.4031671303231329,0.35191953131967046,0.14608436455548493
0.4811666666666667,0.7550866616428034,0.4033811256152365,0.3517055360275669,0.1460837011136126
0.48133333333333334,0.7550866616428034,0.40359512090734007,0.3514915407354633,0.14604264136203737
0.4815,0.7550866616428034,0.4038091161994436,0.35127754544335976,0.1460378436508051
0.4816666666666667,0.7550866616428034,0.4040231114915472,0.3510635501512562,0.14603200469120337
0.48183333333333334,0.7550866616428034,0.40423710678365077,0.3508495548591526,0.14598066954215527
0.482,0.7550866616428034,0.40445110207575435,0.350635559567049,0.14594320880652514
0.4821666666666667,0.7558402411454408,0.40445110207575435,0.35138913906968644,0.1458642845039415
0.48233333333333334,0.7558402411454408,0.4046650973678579,0.3511751437775829,0.14583637561917073
0.4825,0.7558402411454408,0.40487909265996147,0.3509611484854793,0.1458352347887526
0.4826666666666667,0.7558402411454408,0.40509308795206506,0.35074715319337574,0.1458101058537974
0.48283333333333334,0.7558402411454408,0.40530708324416864,0.35053315790127215,0.14572331830364404
0.483,0.7558402411454408,0.40552107853627223,0.35031916260916857,0.14568783725771337
0.4831666666666667,0.7565938206480783,0.40552107853627223,0.3510727421118061,0.1456249242588957
0.48333333333333334,0.7565938206480783,0.40573507382837576,0.3508587468197026,0.145616289782708
0.4835,0.7565938206480783,0.40594906912047934,0.350644751527599,0.14560494361338264
0.4836666666666667,0.7565938206480783,0.40616306441258293,0.3504307562354954,0.1455862501587768
0.48383333333333334,0.7565938206480783,0.4063770597046865,0.3502167609433918,0.14553103878636353
0.484,0.7565938206480783,0.40659105499679005,0.3500027656512883,0.14552414945249417
0.4841666666666667,0.7565938206480783,0.40680505028889363,0.3497887703591847,0.14552243045227833
0.48433333333333334,0.7565938206480783,0.4070190455809972,0.3495747750670811,0.145501693691108
0.4845,0.7565938206480783,0.4072330408731008,0.34936077977497754,0.14542737328411276
0.4846666666666667,0.7565938206480783,0.4074470361652044,0.34914678448287395,0.14541141098602928
0.48483333333333334,0.7565938206480783,0.4076610314573079,0.3489327891907704,0.14540911251208616
0.485,0.7573474001507159,0.4076610314573079,0.34968636869340797,0.1454013685605499
0.4851666666666667,0.7573474001507159,0.4078750267494115,0.3494723734013044,0.14539168252551712
0.48533333333333334,0.7573474001507159,0.4080890220415151,0.3492583781092008,0.1453697218969125
0.4855,0.7573474001507159,0.4083030173336187,0.3490443828170972,0.14532038870834704
0.4856666666666667,0.7573474001507159,0.4085170126257222,0.3488303875249937,0.14528070393973896
0.48583333333333334,0.7573474001507159,0.4087310079178258,0.3486163922328901,0.14526603801631238
0.486,0.7573474001507159,0.4089450032099294,0.3484023969407865,0.14525571307468235
0.4861666666666667,0.7573474001507159,0.40915899850203297,0.3481884016486829,0.1452166028465706
0.48633333333333334,0.7573474001507159,0.40937299379413655,0.34797440635657934,0.1451738903568137
0.4865,0.7581009796533534,0.40937299379413655,0.3487279858592169,0.145154161912222
0.4866666666666667,0.758854559155991,0.40937299379413655,0.34948156536185443,0.14514974876609163
0.48683333333333334,0.7596081386586285,0.40937299379413655,0.350235144864492,0.1451200778816196
0.487,0.760361718161266,0.40937299379413655,0.3509887243671294,0.14511033405005475
0.4871666666666667,0.760361718161266,0.4095869890862401,0.3507747290750259,0.14510409009124922
0.48733333333333334,0.760361718161266,0.40980098437834367,0.3505607337829223,0.145039774555916
0.4875,0.760361718161266,0.41001497967044725,0.3503467384908187,0.14503544270769608
0.4876666666666667,0.760361718161266,0.41022897496255084,0.3501327431987151,0.14499733434980808
0.48783333333333334,0.760361718161266,0.41044297025465437,0.3499187479066116,0.14498185419477175
0.488,0.760361718161266,0.41065696554675796,0.349704752614508,0.14496891933427258
0.4881666666666667,0.760361718161266,0.41087096083886154,0.3494907573224044,0.14494420902010918
0.48833333333333334,0.760361718161266,0.41108495613096513,0.34927676203030084,0.1449180232553869
0.4885,0.760361718161266,0.4112989514230687,0.34906276673819725,0.14488456755356882
0.4886666666666667,0.760361718161266,0.41151294671517225,0.3488487714460937,0.14482988205469635
0.48883333333333334,0.760361718161266,0.41172694200727583,0.34863477615399013,0.14482461473054942
0.489,0.760361718161266,0.4119409372993794,0.34842078086188655,0.14482008909179891
0.4891666666666667,0.760361718161266,0.412154932591483,0.34820678556978296,0.1448109817806759
0.48933333333333334,0.760361718161266,0.41236892788358653,0.34799279027767943,0.14480504085713686
0.4895,0.760361718161266,0.4125829231756901,0.34777879498557585,0.1447609885539523
0.48966666666666664,0.760361718161266,0.4127969184677937,0.34756479969347226,0.14471850171891898
0.48983333333333334,0.760361718161266,0.4130109137598973,0.3473508044013687,0.14467932303080355
0.49,0.760361718161266,0.4132249090520009,0.3471368091092651,0.14466400190840922
0.49016666666666664,0.760361718161266,0.4134389043441044,0.34692281381716156,0.1446197394083454
0.49033333333333334,0.760361718161266,0.413652899636208,0.34670881852505797,0.14459501660333116
0.4905,0.760361718161266,0.4138668949283116,0.3464948232329544,0.14456326093429026
0.49066666666666664,0.760361718161266,0.41408089022041517,0.3462808279408508,0.14449753167159443
0.49083333333333334,0.760361718161266,0.41429488551251875,0.3460668326487472,0.14446447800561613
0.491,0.760361718161266,0.4145088808046223,0.3458528373566437,0.14445902475540195
0.49116666666666664,0.760361718161266,0.41472287609672587,0.3456388420645401,0.1444453507560099
0.49133333333333334,0.760361718161266,0.41493687138882945,0.3454248467724365,0.14443018614434863
0.4915,0.760361718161266,0.41515086668093304,0.3452108514803329,0.14438878575746716
0.49166666666666664,0.760361718161266,0.41536486197303657,0.3449968561882294,0.1443583616166471
0.49183333333333334,0.760361718161266,0.41557885726514016,0.3447828608961258,0.1443322521689418
0.492,0.760361718161266,0.41579285255724374,0.3445688656040222,0.14423273326813754
0.49216666666666664,0.7611152976639035,0.41579285255724374,0.34532244510665977,0.14417589825602603
0.49233333333333335,0.7611152976639035,0.4160068478493473,0.3451084498145562,0.1440881489825977
0.4925,0.7611152976639035,0.4162208431414509,0.3448944545224526,0.14407988027542618
0.49266666666666664,0.7611152976639035,0.41643483843355444,0.34468045923034907,0.1440451122819295
0.49283333333333335,0.7611152976639035,0.41664883372565803,0.3444664639382455,0.14402509896522103
0.493,0.7618688771665411,0.41664883372565803,0.34522004344088303,0.14399793097106156
0.49316666666666664,0.7618688771665411,0.4168628290177616,0.34500604814877944,0.1439666222926508
0.49333333333333335,0.7618688771665411,0.4170768243098652,0.34479205285667586,0.14395508720745145
0.4935,0.7618688771665411,0.41729081960196873,0.3445780575645723,0.1438663168605481
0.49366666666666664,0.7618688771665411,0.4175048148940723,0.34436406227246874,0.14370741497376988
0.49383333333333335,0.7618688771665411,0.4177188101861759,0.34415006698036515,0.1436933419636912
0.494,0.7618688771665411,0.4179328054782795,0.34393607168826157,0.14366178589390285
0.49416666666666664,0.7618688771665411,0.4181468007703831,0.343722076396158,0.14365920318126524
0.49433333333333335,0.7626224566691786,0.4181468007703831,0.34447565589879553,0.1436045989932355
0.4945,0.7626224566691786,0.4183607960624866,0.344261660606692,0.1435702653152203
0.49466666666666664,0.7626224566691786,0.4185747913545902,0.3440476653145884,0.14353879276997233
0.49483333333333335,0.7626224566691786,0.4187887866466938,0.3438336700224848,0.1435387026579833
0.495,0.7626224566691786,0.41900278193879736,0.34361967473038124,0.14353159161568882
0.49516666666666664,0.7626224566691786,0.4192167772309009,0.3434056794382777,0.14350736070776826
0.49533333333333335,0.7626224566691786,0.4194307725230045,0.3431916841461741,0.14349993753683526
0.4955,0.7626224566691786,0.41964476781510807,0.34297768885407054,0.1434953929146669
0.49566666666666664,0.7626224566691786,0.41985876310721165,0.34276369356196695,0.1434832766693541
0.49583333333333335,0.7626224566691786,0.42007275839931524,0.34254969826986337,0.14347966243488833
0.496,0.7626224566691786,0.42028675369141877,0.34233570297775984,0.1434163064631057
0.49616666666666664,0.7626224566691786,0.42050074898352235,0.34212170768565625,0.14335582721002305
0.49633333333333335,0.7633760361718162,0.42050074898352235,0.3428752871882938,0.14333391553189137
0.4965,0.7633760361718162,0.42071474427562594,0.3426612918961902,0.14332276472242733
0.49666666666666665,0.7633760361718162,0.4209287395677295,0.3424472966040866,0.14318060765976515
0.49683333333333335,0.7633760361718162,0.42114273485983306,0.3422333013119831,0.14312856691553785
0.497,0.7633760361718162,0.42135673015193664,0.3420193060198795,0.14307739233067165
0.49716666666666665,0.7633760361718162,0.42157072544404023,0.3418053107277759,0.1430340835483918
0.49733333333333335,0.7633760361718162,0.4217847207361438,0.34159131543567234,0.14302944773387213
0.4975,0.7633760361718162,0.4219987160282474,0.34137732014356875,0.14294907757586192
0.49766666666666665,0.7633760361718162,0.42221271132035093,0.3411633248514652,0.14294389128227034
0.49783333333333335,0.7633760361718162,0.4224267066124545,0.34094932955936164,0.142916801850701
0.498,0.7641296156744537,0.4224267066124545,0.3417029090619992,0.1428999973415131
0.49816666666666665,0.7648831951770911,0.4224267066124545,0.3424564885646366,0.14288956486171484
0.49833333333333335,0.7648831951770911,0.4226407019045581,0.34224249327253303,0.14284865714533823
0.4985,0.7648831951770911,0.4228546971966617,0.34202849798042945,0.14278019388984764
0.49866666666666665,0.7648831951770911,0.4230686924887653,0.34181450268832586,0.14270548317933812
0.49883333333333335,0.7648831951770911,0.4232826877808688,0.34160050739622233,0.14266455873479958
0.499,0.7648831951770911,0.4234966830729724,0.34138651210411874,0.1426328666748319
0.49916666666666665,0.7656367746797287,0.4234966830729724,0.3421400916067563,0.14259456543017499
0.49933333333333335,0.7656367746797287,0.423710678365076,0.3419260963146527,0.14257228785528303
0.4995,0.7656367746797287,0.42392467365717956,0.3417121010225491,0.1425722383588862
0.49966666666666665,0.7663903541823662,0.42392467365717956,0.34246568052518667,0.14255814370112105
0.49983333333333335,0.7663903541823662,0.4241386689492831,0.34225168523308314,0.14254924929822788
0.5,0.7663903541823662,0.4243526642413867,0.34203768994097955,0.1425450902822908
0.5001666666666666,0.7663903541823662,0.42456665953349026,0.34182369464887596,0.1424833203199582
0.5003333333333333,0.7663903541823662,0.42478065482559385,0.3416096993567724,0.14245904007940915
0.5005,0.7663903541823662,0.42499465011769744,0.3413957040646688,0.1424079898258955
0.5006666666666667,0.7671439336850038,0.42499465011769744,0.34214928356730634,0.14239763585831647
0.5008333333333334,0.7671439336850038,0.42520864540980097,0.3419352882752028,0.1423796094212625
0.501,0.7678975131876413,0.42520864540980097,0.34268886777784036,0.14232956071209812
0.5011666666666666,0.7678975131876413,0.42542264070190455,0.34247487248573677,0.1423275171144373
0.5013333333333333,0.7678975131876413,0.42563663599400814,0.3422608771936332,0.1423275171144373
0.5015,0.7678975131876413,0.4258506312861117,0.3420468819015296,0.14232526309486865
0.5016666666666667,0.7678975131876413,0.42606462657821526,0.34183288660942607,0.142297521187679
0.5018333333333334,0.7686510926902789,0.42606462657821526,0.3425864661120636,0.14226743638051667
0.502,0.7694046721929163,0.42606462657821526,0.34334004561470105,0.1421938166884776
0.5021666666666667,0.7694046721929163,0.42627862187031884,0.34312605032259746,0.1421728525922463
0.5023333333333333,0.7701582516955539,0.42627862187031884,0.343879629825235,0.1420969775195183
0.5025,0.7701582516955539,0.4264926171624224,0.3436656345331314,0.14206203906796455
0.5026666666666667,0.7701582516955539,0.426706612454526,0.34345163924102784,0.14204021281929033
0.5028333333333334,0.7701582516955539,0.4269206077466296,0.34323764394892425,0.14198916809772535
0.503,0.7701582516955539,0.42713460303873313,0.3430236486568207,0.14193369563759428
0.5031666666666667,0.7701582516955539,0.4273485983308367,0.34280965336471714,0.14188973540662012
0.5033333333333333,0.7701582516955539,0.4275625936229403,0.34259565807261355,0.14188581143595702
0.5035,0.7701582516955539,0.4277765889150439,0.34238166278050997,0.1418620967650255
0.5036666666666667,0.7701582516955539,0.4279905842071474,0.34216766748840644,0.14184750586881217
0.5038333333333334,0.7701582516955539,0.428204579499251,0.34195367219630285,0.14181821159880753
0.504,0.7701582516955539,0.4284185747913546,0.34173967690419926,0.14181212695797984
0.5041666666666667,0.7709118311981914,0.4284185747913546,0.3424932564068368,0.14177888655002074
0.5043333333333333,0.771665410700829,0.4284185747913546,0.34324683590947436,0.14177512476399406
0.5045,0.771665410700829,0.4286325700834582,0.34303284061737077,0.14177181554970789
0.5046666666666667,0.771665410700829,0.42884656537556176,0.3428188453252672,0.14175965963613885
0.5048333333333334,0.771665410700829,0.4290605606676653,0.34260485003316365,0.14175929458702105
0.505,0.771665410700829,0.4292745559597689,0.34239085474106007,0.1417591297252794
0.5051666666666667,0.771665410700829,0.42948855125187246,0.3421768594489565,0.14174161460981005
0.5053333333333333,0.771665410700829,0.42970254654397605,0.3419628641568529,0.14168957271658536
0.5055,0.771665410700829,0.4299165418360796,0.34174886886474937,0.14168908070437014
0.5056666666666667,0.771665410700829,0.43013053712818317,0.3415348735726458,0.1415771155916689
0.5058333333333334,0.771665410700829,0.43034453242028675,0.3413208782805422,0.14154452814933763
0.506,0.771665410700829,0.43055852771239034,0.3411068829884386,0.14151010577332726
0.5061666666666667,0.771665410700829,0.4307725230044939,0.340892887696335,0.1415019707319869
0.5063333333333333,0.771665410700829,0.43098651829659745,0.3406788924042315,0.14148567171520815
0.5065,0.771665410700829,0.43120051358870104,0.3404648971121279,0.1414692032278426
0.5066666666666667,0.771665410700829,0.4314145088808046,0.3402509018200243,0.1413925331272079
0.5068333333333334,0.771665410700829,0.4316285041729082,0.34003690652792073,0.14136815555081317
0.507,0.771665410700829,0.43184249946501174,0.3398229112358172,0.14135514979151223
0.5071666666666667,0.771665410700829,0.43205649475711533,0.3396089159437136,0.14133609187548188
0.5073333333333333,0.771665410700829,0.4322704900492189,0.33939492065161003,0.14131633058837376
0.5075,0.771665410700829,0.4324844853413225,0.33918092535950645,0.1412326516636224
0.5076666666666667,0.771665410700829,0.4326984806334261,0.33896693006740286,0.1411665952358944
0.5078333333333334,0.771665410700829,0.4329124759255296,0.33875293477529933,0.14114311505599195
0.508,0.771665410700829,0.4331264712176332,0.33853893948319574,0.14112784327716157
0.5081666666666667,0.771665410700829,0.4333404665097368,0.33832494419109216,0.14108390786506855
0.5083333333333333,0.771665410700829,0.4335544618018404,0.3381109488989886,0.14105930438370615
0.5085,0.771665410700829,0.43376845709394396,0.337896953606885,0.14105286208521192
0.5086666666666667,0.771665410700829,0.4339824523860475,0.33768295831478146,0.14089586412120905
0.5088333333333334,0.771665410700829,0.4341964476781511,0.33746896302267787,0.14088877645482886
0.509,0.771665410700829,0.43441044297025466,0.3372549677305743,0.14088175442594877
0.5091666666666667,0.771665410700829,0.43462443826235825,0.3370409724384707,0.14087814108948507
0.5093333333333333,0.771665410700829,0.4348384335544618,0.33682697714636717,0.14086619601862388
0.5095,0.7724189902034665,0.4348384335544618,0.3375805566490047,0.140841971447892
0.5096666666666667,0.7724189902034665,0.43505242884656536,0.33736656135690113,0.14081669561712876
0.5098333333333334,0.7724189902034665,0.43526642413866895,0.33715256606479754,0.14081653066567423
0.51,0.7724189902034665,0.43548041943077254,0.33693857077269396,0.1407994954739585
0.5101666666666667,0.7724189902034665,0.4356944147228761,0.33672457548059037,0.14077570048505042
0.5103333333333333,0.7724189902034665,0.43590841001497965,0.33651058018848684,0.1407507064034813
0.5105,0.7724189902034665,0.43612240530708324,0.33629658489638325,0.1406659305886437
0.5106666666666667,0.7724189902034665,0.4363364005991868,0.33608258960427967,0.14066325740802657
0.5108333333333334,0.7724189902034665,0.4365503958912904,0.3358685943121761,0.14065205515152435
0.511,0.7724189902034665,0.43676439118339394,0.33565459902007255,0.14060683949170544
0.5111666666666667,0.7724189902034665,0.4369783864754975,0.33544060372796897,0.14057081274730096
0.5113333333333333,0.773172569706104,0.4369783864754975,0.3361941832306065,0.14056758656302756
0.5115,0.7739261492087415,0.4369783864754975,0.33694776273324395,0.14055022005060805
0.5116666666666667,0.7739261492087415,0.4371923817676011,0.33673376744114036,0.14054332108425394
0.5118333333333334,0.7739261492087415,0.4374063770597047,0.3365197721490368,0.14053369545200917
0.512,0.7739261492087415,0.4376203723518083,0.3363057768569332,0.1405261494178204
0.5121666666666667,0.7739261492087415,0.4378343676439118,0.33609178156482966,0.14051776739125765
0.5123333333333333,0.7739261492087415,0.4380483629360154,0.3358777862727261,0.14050433044009947
0.5125,0.7739261492087415,0.438262358228119,0.3356637909806225,0.14049693836137506
0.5126666666666667,0.7739261492087415,0.4384763535202226,0.3354497956885189,0.1404870733043933
0.5128333333333334,0.7739261492087415,0.4386903488123261,0.3352358003964154,0.14045871547721825
0.513,0.774679728711379,0.4386903488123261,0.3359893798990529,0.1404349420549815
0.5131666666666667,0.774679728711379,0.4389043441044297,0.33577538460694933,0.14043215052045033
0.5133333333333333,0.7754333082140166,0.4389043441044297,0.3365289641095869,0.14037968420442326
0.5135,0.7754333082140166,0.4391183393965333,0.3363149688174833,0.14031854754238388
0.5136666666666667,0.7754333082140166,0.43933233468863686,0.3361009735253797,0.14025750181077729
0.5138333333333334,0.7754333082140166,0.43954632998074045,0.3358869782332761,0.14024133965514565
0.514,0.7754333082140166,0.439760325272844,0.3356729829411726,0.1401522132275862
0.5141666666666667,0.7754333082140166,0.43997432056494756,0.335458987649069,0.14015175660580764
0.5143333333333333,0.7754333082140166,0.44018831585705115,0.3352449923569654,0.140013391902697
0.5145,0.7754333082140166,0.44040231114915473,0.33503099706486184,0.13994777022262492
0.5146666666666667,0.7754333082140166,0.44061630644125827,0.3348170017727583,0.13978657746641043
0.5148333333333334,0.7754333082140166,0.44083030173336185,0.3346030064806547,0.1397560682850008
0.515,0.7754333082140166,0.44104429702546544,0.33438901118855113,0.13974908685835527
0.5151666666666667,0.7754333082140166,0.441258292317569,0.33417501589644755,0.13971278174525847
0.5153333333333333,0.7761868877166541,0.441258292317569,0.3349285953990851,0.13968654447855203
0.5155,0.7761868877166541,0.4414722876096726,0.3347146001069815,0.13966646816271436
0.5156666666666667,0.7761868877166541,0.44168628290177614,0.334500604814878,0.13966374222415615
0.5158333333333334,0.7761868877166541,0.4419002781938797,0.3342866095227744,0.13959342776711775
0.516,0.7769404672192917,0.4419002781938797,0.33504018902541194,0.13956358145656741
0.5161666666666667,0.7769404672192917,0.4421142734859833,0.33482619373330835,0.13955942629602652
0.5163333333333333,0.7769404672192917,0.4423282687780869,0.33461219844120477,0.13955001516338478
0.5165,0.7769404672192917,0.4425422640701905,0.3343982031491012,0.139502120028878
0.5166666666666667,0.7769404672192917,0.442756259362294,0.33418420785699765,0.13946867666521237
0.5168333333333334,0.7769404672192917,0.4429702546543976,0.33397021256489406,0.13946632970014822
0.517,0.7769404672192917,0.4431842499465012,0.3337562172727905,0.1394580951380769
0.5171666666666667,0.7769404672192917,0.44339824523860477,0.3335422219806869,0.13943341343144597
0.5173333333333333,0.7769404672192917,0.4436122405307083,0.33332822668858336,0.13939380914475866
0.5175,0.7769404672192917,0.4438262358228119,0.3331142313964798,0.1393856195207457
0.5176666666666667,0.7769404672192917,0.4440402311149155,0.3329002361043762,0.1392798917377219
0.5178333333333334,0.7769404672192917,0.44425422640701906,0.3326862408122726,0.13924926147950892
0.518,0.7776940467219292,0.44425422640701906,0.33343982031491015,0.13924456977304928
0.5181666666666667,0.7776940467219292,0.44446822169912265,0.33322582502280657,0.13914233649944463
0.5183333333333333,0.7784476262245666,0.44446822169912265,0.333979404525444,0.13912139899677858
0.5185,0.7784476262245666,0.4446822169912262,0.33376540923334047,0.13911602779843574
0.5186666666666667,0.7784476262245666,0.44489621228332976,0.3335514139412369,0.13908720054474774
0.5188333333333334,0.7784476262245666,0.44511020757543335,0.3333374186491333,0.13908503978078365
0.519,0.7784476262245666,0.44532420286753693,0.3331234233570297,0.13907240081766561
0.5191666666666667,0.7792012057272042,0.44532420286753693,0.33387700285966726,0.13904586906096517
0.5193333333333333,0.7799547852298417,0.44532420286753693,0.3346305823623048,0.13901989239963253
0.5195,0.7799547852298417,0.44553819815964046,0.3344165870702013,0.1390079988878387
0.5196666666666667,0.7799547852298417,0.44575219345174405,0.3342025917780977,0.13898121518599765
0.5198333333333334,0.7799547852298417,0.44596618874384764,0.3339885964859941,0.13896356222796477
0.52,0.7799547852298417,0.4461801840359512,0.3337746011938905,0.13895831552878293
0.5201666666666667,0.7799547852298417,0.4463941793280548,0.33356060590178693,0.1389207743863444
0.5203333333333333,0.7799547852298417,0.44660817462015834,0.3333466106096834,0.1389161510269493
0.5205,0.7799547852298417,0.4468221699122619,0.3331326153175798,0.13888847181016595
0.5206666666666667,0.7799547852298417,0.4470361652043655,0.33291862002547623,0.1388719096358629
0.5208333333333334,0.7799547852298417,0.4472501604964691,0.33270462473337264,0.13879766948629219
0.521,0.7799547852298417,0.4474641557885726,0.3324906294412691,0.13879093340313603
0.5211666666666667,0.7799547852298417,0.4476781510806762,0.33227663414916553,0.13876567134466739
0.5213333333333333,0.7799547852298417,0.4478921463727798,0.33206263885706194,0.13876252674593717
0.5215,0.7799547852298417,0.4481061416648834,0.33184864356495836,0.13868354031558702
0.5216666666666666,0.7799547852298417,0.44832013695698697,0.33163464827285477,0.1386321424563693
0.5218333333333334,0.7799547852298417,0.4485341322490905,0.33142065298075124,0.13857248551828005
0.522,0.7799547852298417,0.4487481275411941,0.33120665768864765,0.13843111071681627
0.5221666666666667,0.7799547852298417,0.44896212283329767,0.33099266239654407,0.138422998519083
0.5223333333333333,0.7799547852298417,0.44917611812540126,0.3307786671044405,0.1384076499883547
0.5225,0.7799547852298417,0.4493901134175048,0.33056467181233695,0.13840582629081635
0.5226666666666666,0.7799547852298417,0.4496041087096084,0.33035067652023337,0.1383901359133755
0.5228333333333334,0.7799547852298417,0.44981810400171196,0.3301366812281298,0.13838109812031307
0.523,0.7799547852298417,0.45003209929381555,0.3299226859360262,0.1383799995610049
0.5231666666666667,0.7799547852298417,0.45024609458591913,0.3297086906439226,0.13837891969098456
0.5233333333333333,0.7799547852298417,0.45046008987802266,0.3294946953518191,0.1383722136127057
0.5235,0.7799547852298417,0.45067408517012625,0.3292807000597155,0.13836026549095498
0.5236666666666666,0.7807083647324793,0.45067408517012625,0.33003427956235304,0.1383524767984746
0.5238333333333334,0.7807083647324793,0.45088808046222983,0.32982028427024945,0.138342193314378
0.524,0.7807083647324793,0.4511020757543334,0.32960628897814587,0.13832096679356007
0.5241666666666667,0.7807083647324793,0.45131607104643695,0.32939229368604234,0.1383163236334542
0.5243333333333333,0.7807083647324793,0.45153006633854054,0.32917829839393875,0.13830416664209605
0.5245,0.7807083647324793,0.4517440616306441,0.32896430310183516,0.13827011481808416
0.5246666666666666,0.7807083647324793,0.4519580569227477,0.3287503078097316,0.13824826821408828
0.5248333333333334,0.7814619442351168,0.4519580569227477,0.3295038873123691,0.13823266464129466
0.525,0.7814619442351168,0.4521720522148513,0.32928989202026554,0.13819061618016873
0.5251666666666667,0.7814619442351168,0.4523860475069548,0.329075896728162,0.13815861362271878
0.5253333333333333,0.7814619442351168,0.4526000427990584,0.3288619014360584,0.1381476905723676
0.5255,0.7814619442351168,0.452814038091162,0.32864790614395484,0.13813859101986228
0.5256666666666666,0.7822155237377544,0.452814038091162,0.3294014856465924,0.13807696107626194
0.5258333333333334,0.7822155237377544,0.4530280333832656,0.3291874903544888,0.1380681128819631
0.526,0.7822155237377544,0.45324202867536917,0.3289734950623852,0.13806734611319166
0.5261666666666667,0.7829691032403918,0.45324202867536917,0.32972707456502265,0.13805556559634335
0.5263333333333333,0.7829691032403918,0.4534560239674727,0.3295130792729191,0.13800518017045685
0.5265,0.7829691032403918,0.4536700192595763,0.32929908398081553,0.1379177545676755
0.5266666666666666,0.7837226827430294,0.4536700192595763,0.3300526634834531,0.13788856155934207
0.5268333333333334,0.7837226827430294,0.45388401455167987,0.3298386681913495,0.13785053863883548
0.527,0.7837226827430294,0.45409800984378346,0.3296246728992459,0.13782757687234268
0.5271666666666667,0.7837226827430294,0.454312005135887,0.3294106776071424,0.13782588983692773
0.5273333333333333,0.7837226827430294,0.4545260004279906,0.3291966823150388,0.13780177285816078
0.5275,0.7837226827430294,0.45473999572009416,0.3289826870229352,0.13775771751202145
0.5276666666666666,0.7837226827430294,0.45495399101219774,0.3287686917308316,0.1377266499741511
0.5278333333333334,0.7837226827430294,0.45516798630430133,0.32855469643872803,0.13769202915525003
0.528,0.7837226827430294,0.45538198159640486,0.3283407011466245,0.13763479358196246
0.5281666666666667,0.7837226827430294,0.45559597688850845,0.3281267058545209,0.13757490185212937
0.5283333333333333,0.7837226827430294,0.45580997218061203,0.32791271056241733,0.1375656545186204
0.5285,0.7844762622456669,0.45580997218061203,0.3286662900650549,0.13748965608553806
0.5286666666666666,0.7852298417483045,0.45580997218061203,0.3294198695676924,0.1374864601369094
0.5288333333333334,0.7852298417483045,0.4560239674727156,0.32920587427558884,0.13748301097830612
0.529,0.7852298417483045,0.45623796276481915,0.3289918789834853,0.13740400016783438
0.5291666666666667,0.7852298417483045,0.45645195805692274,0.3287778836913817,0.13739936921788806
0.5293333333333333,0.7852298417483045,0.4566659533490263,0.32856388839927814,0.13734057459431911
0.5295,0.7852298417483045,0.4568799486411299,0.32834989310717455,0.13733680221717054
0.5296666666666666,0.7852298417483045,0.4570939439332335,0.32813589781507096,0.13732927287825353
0.5298333333333334,0.7852298417483045,0.457307939225337,0.32792190252296743,0.13727596623448718
0.53,0.7852298417483045,0.4575219345174406,0.32770790723086385,0.13717303086785534
0.5301666666666667,0.7852298417483045,0.4577359298095442,0.32749391193876026,0.13715920726405967
0.5303333333333333,0.7852298417483045,0.4579499251016478,0.3272799166466567,0.137105933842994
0.5305,0.7852298417483045,0.4581639203937513,0.32706592135455315,0.13708037834471626
0.5306666666666666,0.7852298417483045,0.4583779156858549,0.32685192606244956,0.13701554226458845
0.5308333333333334,0.7852298417483045,0.4585919109779585,0.326637930770346,0.13701412773688185
0.531,0.7852298417483045,0.45880590627006207,0.3264239354782424,0.13692050334841435
0.5311666666666667,0.7852298417483045,0.45901990156216566,0.3262099401861388,0.1368967008336351
0.5313333333333333,0.785983421250942,0.45901990156216566,0.32696351968877635,0.13684422109889408
0.5315,0.785983421250942,0.4592338968542692,0.3267495243966728,0.13682366417134678
0.5316666666666666,0.785983421250942,0.45944789214637277,0.32653552910456923,0.1368194202659949
0.5318333333333334,0.785983421250942,0.45966188743847636,0.32632153381246565,0.1367721862665593
0.532,0.785983421250942,0.45987588273057994,0.32610753852036206,0.13676731710461865
0.5321666666666667,0.785983421250942,0.4600898780226835,0.32589354322825853,0.13673372951735643
0.5323333333333333,0.785983421250942,0.46030387331478706,0.32567954793615495,0.13668954764376806
0.5325,0.785983421250942,0.46051786860689065,0.32546555264405136,0.13668196483259978
0.5326666666666666,0.785983421250942,0.46073186389899423,0.3252515573519478,0.13665224882329327
0.5328333333333334,0.785983421250942,0.4609458591910978,0.3250375620598442,0.1366431362097706
0.533,0.785983421250942,0.46115985448320135,0.32482356676774066,0.13663885228194395
0.5331666666666667,0.785983421250942,0.46137384977530493,0.32460957147563707,0.13660964168687353
0.5333333333333333,0.7867370007535796,0.46137384977530493,0.3253631509782746,0.13658315854951253
0.5335,0.787490580256217,0.46137384977530493,0.32611673048091205,0.13656318864356792
0.5336666666666666,0.787490580256217,0.4615878450674085,0.32590273518880847,0.13655806544243768
0.5338333333333334,0.787490580256217,0.4618018403595121,0.3256887398967049,0.13652613837655658
0.534,0.787490580256217,0.4620158356516157,0.3254747446046013,0.1364968258148208
0.5341666666666667,0.787490580256217,0.4622298309437192,0.32526074931249777,0.13647041034298282
0.5343333333333333,0.787490580256217,0.4624438262358228,0.3250467540203942,0.13646342123974872
0.5345,0.787490580256217,0.4626578215279264,0.3248327587282906,0.13642546706583134
0.5346666666666666,0.7882441597588545,0.4626578215279264,0.32558633823092814,0.1364111050466649
0.5348333333333334,0.7882441597588545,0.46287181682003,0.32537234293882455,0.13632692758220796
0.535,0.7882441597588545,0.4630858121121335,0.325158347646721,0.1363205239457383
0.5351666666666667,0.7882441597588545,0.4632998074042371,0.32494435235461744,0.13631057209634162
0.5353333333333333,0.7882441597588545,0.4635138026963407,0.32473035706251385,0.1362899672181345
0.5355,0.7882441597588545,0.46372779798844427,0.32451636177041027,0.13626263194306534
0.5356666666666666,0.7882441597588545,0.46394179328054785,0.3243023664783067,0.13624404497863657
0.5358333333333334,0.7882441597588545,0.4641557885726514,0.32408837118620315,0.13620056345613826
0.536,0.7882441597588545,0.46436978386475497,0.32387437589409956,0.13619233878860293
0.5361666666666667,0.7882441597588545,0.46458377915685856,0.323660380601996,0.1361822483252696
0.5363333333333333,0.7882441597588545,0.46479777444896214,0.3234463853098924,0.13616709557683682
0.5365,0.7882441597588545,0.4650117697410657,0.32323239001778886,0.1361555603462136
0.5366666666666666,0.7882441597588545,0.46522576503316926,0.3230183947256853,0.13609919196470852
0.5368333333333334,0.7882441597588545,0.46543976032527284,0.3228043994335817,0.13609830349777682
0.537,0.7882441597588545,0.46565375561737643,0.3225904041414781,0.13609413794405484
0.5371666666666667,0.7882441597588545,0.46586775090948,0.3223764088493745,0.13607968589031613
0.5373333333333333,0.7889977392614921,0.46586775090948,0.32312998835201207,0.13606518363388745
0.5375,0.7889977392614921,0.46608174620158355,0.32291599305990853,0.1360391955518895
0.5376666666666666,0.7889977392614921,0.46629574149368713,0.32270199776780495,0.13603414706181793
0.5378333333333334,0.7889977392614921,0.4665097367857907,0.32248800247570136,0.13603303032161837
0.538,0.7889977392614921,0.4667237320778943,0.3222740071835978,0.1360241275944285
0.5381666666666667,0.7889977392614921,0.46693772736999783,0.32206001189149425,0.13601303913437113
0.5383333333333333,0.7889977392614921,0.4671517226621014,0.32184601659939066,0.13593201542856323
0.5385,0.7889977392614921,0.467365717954205,0.3216320213072871,0.13592081136206186
0.5386666666666666,0.7897513187641296,0.467365717954205,0.3223856008099246,0.135889553700328
0.5388333333333334,0.7905048982667672,0.467365717954205,0.32313918031256217,0.13588834419417709
0.539,0.7905048982667672,0.4675797132463086,0.3229251850204586,0.1358853758483936
0.5391666666666667,0.7905048982667672,0.4677937085384122,0.322711189728355,0.1358583108253102
0.5393333333333333,0.7905048982667672,0.4680077038305157,0.32249719443625147,0.13582627254501
0.5395,0.7905048982667672,0.4682216991226193,0.3222831991441479,0.13580777771799077
0.5396666666666666,0.7905048982667672,0.4684356944147229,0.3220692038520443,0.1357983471397757
0.5398333333333334,0.7905048982667672,0.46864968970682647,0.3218552085599407,0.13579684578956217
0.54,0.7905048982667672,0.46886368499893,0.3216412132678372,0.13571144818707045
0.5401666666666667,0.7905048982667672,0.4690776802910336,0.3214272179757336,0.13570207769737527
0.5403333333333333,0.7905048982667672,0.46929167558313717,0.32121322268363,0.13569191007226905
0.5405,0.7905048982667672,0.46950567087524075,0.3209992273915264,0.1356716431738784
0.5406666666666666,0.7905048982667672,0.46971966616734434,0.32078523209942283,0.13564578763442828
0.5408333333333334,0.7905048982667672,0.46993366145944787,0.3205712368073193,0.13563922365473782
0.541,0.7905048982667672,0.47014765675155146,0.3203572415152157,0.13563699341150368
0.5411666666666667,0.7912584777694047,0.47014765675155146,0.32111082101785327,0.13562623816519712
0.5413333333333333,0.7912584777694047,0.47036165204365504,0.3208968257257497,0.13561880842192273
0.5415,0.7912584777694047,0.47057564733575863,0.3206828304336461,0.13552636173427285
0.5416666666666666,0.7912584777694047,0.47078964262786216,0.32046883514154256,0.13547844840677126
0.5418333333333333,0.7920120572720422,0.47078964262786216,0.32122241464418,0.13547132949289428
0.542,0.7920120572720422,0.47100363791996575,0.3210084193520764,0.13547060664453067
0.5421666666666667,0.7920120572720422,0.47121763321206933,0.3207944240599728,0.13541830818174017
0.5423333333333333,0.7920120572720422,0.4714316285041729,0.32058042876786924,0.13531364017274106
0.5425,0.7920120572720422,0.4716456237962765,0.32036643347576566,0.13530169299186395
0.5426666666666666,0.7927656367746797,0.4716456237962765,0.3211200129784032,0.13523884527313113
0.5428333333333333,0.7927656367746797,0.47185961908838003,0.32090601768629967,0.13521918257677298
0.543,0.7927656367746797,0.4720736143804836,0.3206920223941961,0.13520635002431636
0.5431666666666667,0.7927656367746797,0.4722876096725872,0.3204780271020925,0.1351467824039513
0.5433333333333333,0.7935192162773173,0.4722876096725872,0.32123160660473005,0.13513457348173422
0.5435,0.7935192162773173,0.4725016049646908,0.32101761131262646,0.13505982671164515
0.5436666666666666,0.7935192162773173,0.4727156002567944,0.3208036160205229,0.1350545776793085
0.5438333333333333,0.7935192162773173,0.4729295955488979,0.32058962072841934,0.13504091310922395
0.544,0.7935192162773173,0.4731435908410015,0.32037562543631576,0.1350140910489406
0.5441666666666667,0.7935192162773173,0.4733575861331051,0.3201616301442122,0.13494290287463745
0.5443333333333333,0.7935192162773173,0.47357158142520867,0.3199476348521086,0.134846407056586
0.5445,0.7935192162773173,0.4737855767173122,0.31973363956000506,0.13482024384101138
0.5446666666666666,0.7935192162773173,0.4739995720094158,0.31951964426790147,0.13476612428185836
0.5448333333333333,0.7935192162773173,0.47421356730151937,0.3193056489757979,0.1347349915151353
0.545,0.7935192162773173,0.47442756259362295,0.3190916536836943,0.13472784419482614
0.5451666666666667,0.7935192162773173,0.47464155788572654,0.3188776583915907,0.1347021854084077
0.5453333333333333,0.7942727957799548,0.47464155788572654,0.31963123789422826,0.13469983153002849
0.5455,0.7942727957799548,0.47485555317783007,0.31941724260212473,0.13468745664157625
0.5456666666666666,0.7942727957799548,0.47506954846993366,0.31920324731002114,0.1346636386256334
0.5458333333333333,0.7942727957799548,0.47528354376203724,0.31898925201791756,0.13466294323591382
0.546,0.7942727957799548,0.4754975390541408,0.31877525672581397,0.13462462392711938
0.5461666666666667,0.7942727957799548,0.47571153434624436,0.31856126143371044,0.13456610075651537
0.5463333333333333,0.7942727957799548,0.47592552963834794,0.31834726614160685,0.13456411114061703
0.5465,0.7942727957799548,0.47613952493045153,0.31813327084950327,0.13456020431653914
0.5466666666666666,0.7942727957799548,0.4763535202225551,0.3179192755573997,0.13455701770191156
0.5468333333333333,0.7942727957799548,0.4765675155146587,0.3177052802652961,0.13453274072242777
0.547,0.7942727957799548,0.47678151080676223,0.31749128497319257,0.13452699959818104
0.5471666666666667,0.7942727957799548,0.4769955060988658,0.317277289681089,0.13449854827271276
0.5473333333333333,0.7942727957799548,0.4772095013909694,0.3170632943889854,0.1344870275533337
0.5475,0.7942727957799548,0.477423496683073,0.3168492990968818,0.1344614915535848
0.5476666666666666,0.7942727957799548,0.4776374919751765,0.3166353038047783,0.13442061581725112
0.5478333333333333,0.7942727957799548,0.4778514872672801,0.3164213085126747,0.13439833378906954
0.548,0.7942727957799548,0.4780654825593837,0.3162073132205711,0.13439336567825044
0.5481666666666667,0.7942727957799548,0.4782794778514873,0.3159933179284675,0.1343580875402359
0.5483333333333333,0.7950263752825923,0.4782794778514873,0.31674689743110507,0.1343489906803923
0.5485,0.7950263752825923,0.47849347314359086,0.3165329021390015,0.13433830303345473
0.5486666666666666,0.7950263752825923,0.4787074684356944,0.31631890684689795,0.13431441917766584
0.5488333333333333,0.7950263752825923,0.478921463727798,0.31610491155479437,0.13428072948610764
0.549,0.7950263752825923,0.47913545901990157,0.3158909162626908,0.13427146691650488
0.5491666666666667,0.7950263752825923,0.47934945431200515,0.3156769209705872,0.134261880247911
0.5493333333333333,0.7957799547852299,0.47934945431200515,0.31643050047322474,0.13413122132952116
0.5495,0.7957799547852299,0.4795634496041087,0.3162165051811212,0.1341130296517585
0.5496666666666666,0.7957799547852299,0.47977744489621227,0.3160025098890176,0.13409961078235808
0.5498333333333333,0.7957799547852299,0.47999144018831585,0.31578851459691404,0.13409620620911544
0.55,0.7957799547852299,0.48020543548041944,0.31557451930481045,0.1340663416043074
0.5501666666666667,0.7957799547852299,0.480419430772523,0.31536052401270687,0.13405125464534387
0.5503333333333333,0.7965335342878673,0.480419430772523,0.3161141035153443,0.13405083675248053
0.5505,0.7965335342878673,0.48063342606462656,0.31590010822324077,0.13397065741954248
0.5506666666666666,0.7972871137905049,0.48063342606462656,0.3166536877258783,0.13392923267825518
0.5508333333333333,0.7972871137905049,0.48084742135673014,0.31643969243377473,0.13388022321375115
0.551,0.7972871137905049,0.48106141664883373,0.31622569714167115,0.13387890721338583
0.5511666666666667,0.7972871137905049,0.4812754119409373,0.31601170184956756,0.13383156633216084
0.5513333333333333,0.7972871137905049,0.4814894072330409,0.315797706557464,0.13378750250949417
0.5515,0.7972871137905049,0.48170340252514443,0.31558371126536044,0.13373925707471482
0.5516666666666666,0.7972871137905049,0.481917397817248,0.31536971597325686,0.13372986977655021
0.5518333333333333,0.7972871137905049,0.4821313931093516,0.3151557206811533,0.13372736794338663
0.552,0.7972871137905049,0.4823453884014552,0.3149417253890497,0.13366919913166436
0.5521666666666667,0.7972871137905049,0.4825593836935587,0.31472773009694616,0.13365845387432285
0.5523333333333333,0.7972871137905049,0.4827733789856623,0.31451373480484257,0.1336157529506156
0.5525,0.7972871137905049,0.4829873742777659,0.314299739512739,0.1336136588843487
0.5526666666666666,0.7972871137905049,0.4832013695698695,0.3140857442206354,0.13357933590747034
0.5528333333333333,0.7972871137905049,0.48341536486197306,0.3138717489285318,0.13357481243293615
0.553,0.7972871137905049,0.4836293601540766,0.3136577536364283,0.13353846473843803
0.5531666666666667,0.7972871137905049,0.4838433554461802,0.3134437583443247,0.1335220979757387
0.5533333333333333,0.7972871137905049,0.48405735073828376,0.3132297630522211,0.13351858700400804
0.5535,0.7972871137905049,0.48427134603038735,0.3130157677601175,0.13350061027148677
0.5536666666666666,0.7972871137905049,0.4844853413224909,0.312801772468014,0.1334959391231553
0.5538333333333333,0.7980406932931424,0.4844853413224909,0.31355535197065154,0.1334676007017581
0.554,0.7980406932931424,0.48469933661459447,0.31334135667854796,0.13345517233087506
0.5541666666666667,0.7980406932931424,0.48491333190669805,0.31312736138644437,0.1333875005910148
0.5543333333333333,0.79879427279578,0.48491333190669805,0.3138809408890819,0.13333372579368274
0.5545,0.79879427279578,0.48512732719880164,0.31366694559697833,0.13329147912343192
0.5546666666666666,0.79879427279578,0.4853413224909052,0.31345295030487474,0.13326425232639924
0.5548333333333333,0.79879427279578,0.48555531778300876,0.3132389550127712,0.13323254974754856
0.555,0.79879427279578,0.48576931307511234,0.31302495972066763,0.1331730966517853
0.5551666666666667,0.79879427279578,0.4859833083672159,0.31281096442856404,0.13315849872584964
0.5553333333333333,0.79879427279578,0.4861973036593195,0.31259696913646046,0.13315649355390619
0.5555,0.79879427279578,0.48641129895142304,0.3123829738443569,0.13314788510492903
0.5556666666666666,0.7995478522984175,0.48641129895142304,0.3131365533469945,0.13311948208600366
0.5558333333333333,0.7995478522984175,0.48662529424352663,0.3129225580548909,0.13301106550794664
0.556,0.7995478522984175,0.4868392895356302,0.3127085627627873,0.13299169407810532
0.5561666666666667,0.7995478522984175,0.4870532848277338,0.3124945674706837,0.1329618398970208
0.5563333333333333,0.7995478522984175,0.4872672801198374,0.31228057217858013,0.13293266024452616
0.5565,0.8003014318010551,0.4872672801198374,0.3130341516812177,0.1329319785442222
0.5566666666666666,0.8003014318010551,0.4874812754119409,0.31282015638911415,0.13290625007764814
0.5568333333333333,0.8003014318010551,0.4876952707040445,0.31260616109701056,0.13288244170954358
0.557,0.8003014318010551,0.4879092659961481,0.312392165804907,0.13286786542130438
0.5571666666666667,0.8003014318010551,0.4881232612882517,0.3121781705128034,0.13282805438325673
0.5573333333333333,0.8003014318010551,0.4883372565803552,0.31196417522069986,0.13278542788144612
0.5575,0.8003014318010551,0.4885512518724588,0.31175017992859627,0.13277028421440093
0.5576666666666666,0.8003014318010551,0.4887652471645624,0.3115361846364927,0.13274438619859136
0.5578333333333333,0.8003014318010551,0.48897924245666596,0.3113221893443891,0.13270454090975084
0.558,0.8003014318010551,0.48919323774876955,0.3111081940522855,0.1327004848082057
0.5581666666666667,0.8003014318010551,0.4894072330408731,0.310894198760182,0.1326898087871657
0.5583333333333333,0.8003014318010551,0.48962122833297667,0.3106802034680784,0.13268163342390613
0.5585,0.8003014318010551,0.48983522362508025,0.3104662081759748,0.1326382044922745
0.5586666666666666,0.8003014318010551,0.49004921891718384,0.3102522128838712,0.13263369816617349
0.5588333333333333,0.8003014318010551,0.49026321420928737,0.3100382175917677,0.13257114847326285
0.559,0.8003014318010551,0.49047720950139095,0.3098242222996641,0.13255562603890872
0.5591666666666667,0.8010550113036925,0.49047720950139095,0.31057780180230155,0.13253864117213227
0.5593333333333333,0.80180859080633,0.49047720950139095,0.3113313813049391,0.13252271528316592
0.5595,0.80180859080633,0.49069120479349454,0.3111173860128355,0.13252001957517176
0.5596666666666666,0.80180859080633,0.4909052000855981,0.3109033907207319,0.13251723486740832
0.5598333333333333,0.80180859080633,0.4911191953777017,0.31068939542862833,0.13251358459644827
0.56,0.80180859080633,0.49133319066980524,0.3104754001365248,0.13251147196799337
0.5601666666666667,0.80180859080633,0.49154718596190883,0.3102614048444212,0.13248153904975654
0.5603333333333333,0.80180859080633,0.4917611812540124,0.31004740955231763,0.13246216489106302
0.5605,0.80180859080633,0.491975176546116,0.30983341426021405,0.13244365169760933
0.5606666666666666,0.8025621703089676,0.491975176546116,0.3105869937628516,0.13243417060334797
0.5608333333333333,0.8025621703089676,0.4921891718382196,0.310372998470748,0.13243063242157327
0.561,0.8025621703089676,0.4924031671303231,0.3101590031786445,0.13239561777196696
0.5611666666666667,0.8025621703089676,0.4926171624224267,0.3099450078865409,0.1323941937705169
0.5613333333333334,0.8025621703089676,0.4928311577145303,0.3097310125944373,0.13233502008817657
0.5615,0.8025621703089676,0.4930451530066339,0.3095170173023337,0.13232053099691515
0.5616666666666666,0.8025621703089676,0.4932591482987374,0.3093030220102302,0.13232036685398887
0.5618333333333333,0.8025621703089676,0.493473143590841,0.3090890267181266,0.13231837114896802
0.562,0.8025621703089676,0.4936871388829446,0.308875031426023,0.13226201083119027
0.5621666666666667,0.8025621703089676,0.49390113417504816,0.30866103613391943,0.1322514763074706
0.5623333333333334,0.8025621703089676,0.49411512946715175,0.30844704084181584,0.13225080208323534
0.5625,0.8025621703089676,0.4943291247592553,0.3082330455497123,0.13219719144860193
0.5626666666666666,0.8033157498116051,0.4943291247592553,0.30898662505234986,0.13218265237572072
0.5628333333333333,0.8033157498116051,0.49454312005135886,0.3087726297602463,0.13210629703995855
0.563,0.8033157498116051,0.49475711534346245,0.3085586344681427,0.1320469067959182
0.5631666666666667,0.8033157498116051,0.49497111063556604,0.3083446391760391,0.13201874657085996
0.5633333333333334,0.8033157498116051,0.49518510592766957,0.3081306438839356,0.13200313056939017
0.5635,0.8033157498116051,0.49539910121977315,0.307916648591832,0.1320012120606632
0.5636666666666666,0.8033157498116051,0.49561309651187674,0.3077026532997284,0.1319379468479468
0.5638333333333333,0.8033157498116051,0.4958270918039803,0.3074886580076248,0.13193290628168358
0.564,0.8033157498116051,0.4960410870960839,0.30727466271552123,0.1318875318489652
0.5641666666666667,0.8033157498116051,0.49625508238818744,0.3070606674234177,0.13187579507560182
0.5643333333333334,0.8040693293142427,0.49625508238818744,0.30781424692605525,0.13185986817691073
0.5645,0.8048229088168802,0.49625508238818744,0.3085678264286928,0.1318446309373968
0.5646666666666667,0.8048229088168802,0.496469077680291,0.3083538311365892,0.13183299544039226
0.5648333333333333,0.8048229088168802,0.4966830729723946,0.3081398358444856,0.1318184368403492
0.565,0.8048229088168802,0.4968970682644982,0.30792584055238204,0.1317695086649261
0.5651666666666667,0.8048229088168802,0.49711106355660173,0.3077118452602785,0.13173738933387177
0.5653333333333334,0.8048229088168802,0.4973250588487053,0.3074978499681749,0.1316991816483236
0.5655,0.8048229088168802,0.4975390541408089,0.30728385467607133,0.13169235345819133
0.5656666666666667,0.8048229088168802,0.4977530494329125,0.30706985938396775,0.13169168823792254
0.5658333333333333,0.8055764883195177,0.4977530494329125,0.3078234388866052,0.13167390393196093
0.566,0.8055764883195177,0.4979670447250161,0.3076094435945016,0.1316540585522664
0.5661666666666667,0.8055764883195177,0.4981810400171196,0.30739544830239807,0.13164996030776233
0.5663333333333334,0.8055764883195177,0.4983950353092232,0.3071814530102945,0.13163992402980731
0.5665,0.8055764883195177,0.4986090306013268,0.3069674577181909,0.13163728224806073
0.5666666666666667,0.8063300678221552,0.4986090306013268,0.30772103722082844,0.1316218841626315
0.5668333333333333,0.8063300678221552,0.49882302589343036,0.30750704192872486,0.131586405529996
0.567,0.8063300678221552,0.4990370211855339,0.3072930466366213,0.13158209479014704
0.5671666666666667,0.8063300678221552,0.4992510164776375,0.30707905134451774,0.13157424276870347
0.5673333333333334,0.8063300678221552,0.49946501176974106,0.30686505605241415,0.1315066723975784
0.5675,0.8063300678221552,0.49967900706184465,0.30665106076031057,0.13149292278184813
0.5676666666666667,0.8063300678221552,0.49989300235394823,0.306437065468207,0.13148671742918688
0.5678333333333333,0.8063300678221552,0.5001069976460518,0.3062230701761034,0.13148234749289744
0.568,0.8063300678221552,0.5003209929381554,0.30600907488399987,0.13146937929306263
0.5681666666666667,0.8063300678221552,0.5005349882302589,0.30579507959189633,0.1314692016658503
0.5683333333333334,0.8063300678221552,0.5007489835223625,0.3055810842997927,0.131461753101092
0.5685,0.8063300678221552,0.500962978814466,0.30536708900768916,0.13143396597071366
0.5686666666666667,0.8063300678221552,0.5011769741065697,0.3051530937155855,0.131388508701862
0.5688333333333333,0.8063300678221552,0.5013909693986732,0.304939098423482,0.13138676292969004
0.569,0.8063300678221552,0.5016049646907768,0.30472510313137846,0.1313811877759987
0.5691666666666667,0.8063300678221552,0.5018189599828804,0.3045111078392748,0.13136524937533417
0.5693333333333334,0.8063300678221552,0.5020329552749839,0.3042971125471713,0.13125330308386232
0.5695,0.8063300678221552,0.5022469505670876,0.30408311725506765,0.13119210697078962
0.5696666666666667,0.8063300678221552,0.5024609458591911,0.3038691219629641,0.1311674104129096
0.5698333333333333,0.8063300678221552,0.5026749411512946,0.3036551266708606,0.13108497151025011
0.57,0.8063300678221552,0.5028889364433983,0.30344113137875695,0.13106937025559987
0.5701666666666667,0.8063300678221552,0.5031029317355018,0.3032271360866534,0.13103513351501256
0.5703333333333334,0.8063300678221552,0.5033169270276054,0.3030131407945498,0.13102696993880822
0.5705,0.8070836473247928,0.5033169270276054,0.3037667202971873,0.13102396865528998
0.5706666666666667,0.8070836473247928,0.503530922319709,0.3035527250050838,0.13101538526747478
0.5708333333333333,0.8070836473247928,0.5037449176118125,0.30333872971298026,0.13097271549817094
0.571,0.8070836473247928,0.5039589129039161,0.3031247344208766,0.13093627536933627
0.5711666666666667,0.8078372268274303,0.5039589129039161,0.30387831392351417,0.13092286673813225
0.5713333333333334,0.8078372268274303,0.5041729081960197,0.30366431863141063,0.13091361594503154
0.5715,0.8078372268274303,0.5043869034881232,0.3034503233393071,0.1308735617210028
0.5716666666666667,0.8078372268274303,0.5046008987802268,0.30323632804720346,0.13084336988848463
0.5718333333333333,0.8078372268274303,0.5048148940723304,0.30302233275509993,0.13083664543629364
0.572,0.8078372268274303,0.505028889364434,0.3028083374629963,0.13083433824627666
0.5721666666666667,0.8078372268274303,0.5052428846565375,0.30259434217089276,0.1308324317158481
0.5723333333333334,0.8078372268274303,0.5054568799486411,0.30238034687878923,0.13080479799581646
0.5725,0.8085908063300679,0.5054568799486411,0.3031339263814268,0.13079881622534645
0.5726666666666667,0.8085908063300679,0.5056708752407447,0.30291993108932314,0.13079155957912264
0.5728333333333333,0.8085908063300679,0.5058848705328483,0.3027059357972196,0.13078807368695824
0.573,0.8085908063300679,0.5060988658249519,0.30249194050511596,0.13077434804272087
0.5731666666666667,0.8085908063300679,0.5063128611170554,0.30227794521301243,0.13074724667984025
0.5733333333333334,0.8085908063300679,0.506526856409159,0.3020639499209089,0.13069483504271764
0.5735,0.8085908063300679,0.5067408517012626,0.30184995462880526,0.1306771361815849
0.5736666666666667,0.8085908063300679,0.5069548469933661,0.30163595933670173,0.13060324269279658
0.5738333333333333,0.8093443858327054,0.5069548469933661,0.3023895388393393,0.13057717435457353
0.574,0.8093443858327054,0.5071688422854698,0.30217554354723564,0.13055933885345203
0.5741666666666667,0.8093443858327054,0.5073828375775733,0.3019615482551321,0.13054901682020054
0.5743333333333334,0.8093443858327054,0.5075968328696768,0.3017475529630286,0.1305372399265478
0.5745,0.8093443858327054,0.5078108281617805,0.30153355767092493,0.1304634292496286
0.5746666666666667,0.8093443858327054,0.508024823453884,0.3013195623788214,0.13045087397084756
0.5748333333333333,0.8093443858327054,0.5082388187459876,0.30110556708671776,0.1304254998976176
0.575,0.8093443858327054,0.5084528140380912,0.30089157179461423,0.13036670484176413
0.5751666666666667,0.8093443858327054,0.5086668093301947,0.3006775765025107,0.13036368603294743
0.5753333333333334,0.8093443858327054,0.5088808046222983,0.30046358121040706,0.1303620222784335
0.5755,0.8093443858327054,0.5090947999144019,0.30024958591830353,0.1303582704221575
0.5756666666666667,0.8093443858327054,0.5093087952065054,0.3000355906262,0.13032169780900724
0.5758333333333333,0.8093443858327054,0.509522790498609,0.29982159533409636,0.13027977444314529
0.576,0.8093443858327054,0.5097367857907126,0.2996076000419928,0.13024084530427896
0.5761666666666667,0.8100979653353428,0.5097367857907126,0.30036117954463026,0.1302154937647644
0.5763333333333334,0.8100979653353428,0.5099507810828162,0.3001471842525266,0.13020718441847698
0.5765,0.8100979653353428,0.5101647763749197,0.2999331889604231,0.13018702813534164
0.5766666666666667,0.8100979653353428,0.5103787716670233,0.29971919366831956,0.13016662013200897
0.5768333333333333,0.8100979653353428,0.5105927669591269,0.2995051983762159,0.1301517372546434
0.577,0.8108515448379804,0.5105927669591269,0.30025877787885347,0.13011305355704955
0.5771666666666667,0.8108515448379804,0.5108067622512305,0.30004478258674994,0.13008446768610085
0.5773333333333334,0.8108515448379804,0.5110207575433341,0.2998307872946463,0.1300788080035188
0.5775,0.8108515448379804,0.5112347528354376,0.29961679200254276,0.13003239010352982
0.5776666666666667,0.8108515448379804,0.5114487481275412,0.29940279671043923,0.13003190971604667
0.5778333333333333,0.8108515448379804,0.5116627434196448,0.2991888014183356,0.13001226818812578
0.578,0.8108515448379804,0.5118767387117483,0.29897480612623206,0.12999153930545998
0.5781666666666667,0.8108515448379804,0.512090734003852,0.2987608108341284,0.12987993467840167
0.5783333333333334,0.8108515448379804,0.5123047292959555,0.2985468155420249,0.12987598041785545
0.5785,0.8108515448379804,0.512518724588059,0.29833282024992136,0.12985884435505507
0.5786666666666667,0.8116051243406179,0.512518724588059,0.2990863997525589,0.12985635975508966
0.5788333333333333,0.8116051243406179,0.5127327198801627,0.29887240446045527,0.12983700230098189
0.579,0.8116051243406179,0.5129467151722662,0.29865840916835174,0.12977389739621292
0.5791666666666667,0.8116051243406179,0.5131607104643697,0.2984444138762482,0.12975232079801247
0.5793333333333334,0.8116051243406179,0.5133747057564734,0.29823041858414456,0.12974667896187453
0.5795,0.8116051243406179,0.5135887010485769,0.29801642329204103,0.1297300503288106
0.5796666666666667,0.8116051243406179,0.5138026963406805,0.2978024279999374,0.1296932816786808
0.5798333333333333,0.8116051243406179,0.5140166916327841,0.29758843270783386,0.12966004623643618
0.58,0.8116051243406179,0.5142306869248876,0.29737443741573033,0.12963352074562032
0.5801666666666667,0.8116051243406179,0.5144446822169912,0.2971604421236267,0.12962020443404737
0.5803333333333334,0.8116051243406179,0.5146586775090948,0.29694644683152316,0.12959571214505375
0.5805,0.8116051243406179,0.5148726728011984,0.2967324515394195,0.12954306374280566
0.5806666666666667,0.8116051243406179,0.515086668093302,0.296518456247316,0.12951430705797803
0.5808333333333333,0.8116051243406179,0.5153006633854055,0.29630446095521246,0.12950459463057346
0.581,0.8116051243406179,0.5155146586775091,0.2960904656631088,0.1294803714312974
0.5811666666666667,0.8116051243406179,0.5157286539696126,0.2958764703710053,0.1294750944459598
0.5813333333333334,0.8123587038432555,0.5157286539696126,0.29663004987364283,0.12945516884965502
0.5815,0.8123587038432555,0.5159426492617163,0.2964160545815392,0.12945108999066599
0.5816666666666667,0.8123587038432555,0.5161566445538198,0.29620205928943566,0.1294388046835096
0.5818333333333333,0.8123587038432555,0.5163706398459234,0.29598806399733213,0.12940164667465087
0.582,0.8123587038432555,0.516584635138027,0.2957740687052285,0.12938687089705703
0.5821666666666667,0.8123587038432555,0.5167986304301305,0.29556007341312496,0.12934122043963678
0.5823333333333334,0.813112283345893,0.5167986304301305,0.2963136529157625,0.12933584109881294
0.5825,0.813112283345893,0.5170126257222342,0.29609965762365886,0.12929773749326032
0.5826666666666667,0.813112283345893,0.5172266210143377,0.29588566233155533,0.12929450315773483
0.5828333333333333,0.813112283345893,0.5174406163064412,0.2956716670394518,0.12928505142066818
0.583,0.813112283345893,0.5176546115985449,0.29545767174734816,0.129268053352607
0.5831666666666667,0.813112283345893,0.5178686068906484,0.29524367645524463,0.1292264464972404
0.5833333333333334,0.813112283345893,0.5180826021827519,0.2950296811631411,0.12922514138602714
0.5835,0.813112283345893,0.5182965974748556,0.29481568587103746,0.129182133508673
0.5836666666666667,0.813112283345893,0.5185105927669591,0.29460169057893393,0.1291716125597996
0.5838333333333333,0.8138658628485306,0.5185105927669591,0.2953552700815715,0.12916635733896425
0.584,0.8138658628485306,0.5187245880590627,0.29514127478946783,0.12915461009441256
0.5841666666666666,0.8138658628485306,0.5189385833511663,0.2949272794973643,0.12913914422634254
0.5843333333333334,0.814619442351168,0.5189385833511663,0.29568085900000174,0.12908821292784117
0.5845,0.814619442351168,0.5191525786432698,0.2954668637078982,0.12905717654508264
0.5846666666666667,0.8153730218538056,0.5191525786432698,0.29622044321053576,0.12903212961427327
0.5848333333333333,0.8153730218538056,0.5193665739353734,0.2960064479184321,0.12896631697034175
0.585,0.8153730218538056,0.519580569227477,0.2957924526263286,0.12892595738292417
0.5851666666666666,0.8153730218538056,0.5197945645195806,0.29557845733422494,0.12892003561221144
0.5853333333333334,0.8153730218538056,0.5200085598116841,0.2953644620421214,0.1289118883089916
0.5855,0.8161266013564431,0.5200085598116841,0.29611804154475896,0.1288843746307598
0.5856666666666667,0.8161266013564431,0.5202225551037877,0.29590404625265543,0.12880691090584892
0.5858333333333333,0.8161266013564431,0.5204365503958913,0.2956900509605518,0.12879747404247502
0.586,0.8161266013564431,0.5206505456879948,0.29547605566844826,0.12877671552033124
0.5861666666666666,0.8161266013564431,0.5208645409800985,0.2952620603763446,0.12874528476928293
0.5863333333333334,0.8168801808590807,0.5208645409800985,0.29601563987898216,0.12873972572695605
0.5865,0.8168801808590807,0.521078536272202,0.29580164458687863,0.12873470490053657
0.5866666666666667,0.8168801808590807,0.5212925315643056,0.2955876492947751,0.1286416624968602
0.5868333333333333,0.8168801808590807,0.5215065268564092,0.29537365400267146,0.1286388732852762
0.587,0.8176337603617182,0.5215065268564092,0.296127233505309,0.12861688085659145
0.5871666666666666,0.8176337603617182,0.5217205221485127,0.2959132382132055,0.12861209376662444
0.5873333333333334,0.8176337603617182,0.5219345174406163,0.29569924292110195,0.12852228627259737
0.5875,0.8176337603617182,0.5221485127327199,0.2954852476289983,0.12845798364709346
0.5876666666666667,0.8176337603617182,0.5223625080248234,0.2952712523368948,0.1284485487993835
0.5878333333333333,0.8176337603617182,0.5225765033169271,0.29505725704479113,0.1284293732598946
0.588,0.8176337603617182,0.5227904986090306,0.2948432617526876,0.12842021483397822
0.5881666666666666,0.8176337603617182,0.5230044939011341,0.29462926646058407,0.12838537363563207
0.5883333333333334,0.8176337603617182,0.5232184891932378,0.29441527116848043,0.1283797344874505
0.5885,0.8176337603617182,0.5234324844853413,0.2942012758763769,0.1283675343727067
0.5886666666666667,0.8176337603617182,0.5236464797774449,0.29398728058427326,0.12836683595204285
0.5888333333333333,0.8176337603617182,0.5238604750695485,0.29377328529216973,0.12833813531508625
0.589,0.8176337603617182,0.524074470361652,0.2935592900000662,0.12833347187074048
0.5891666666666666,0.8176337603617182,0.5242884656537556,0.29334529470796256,0.12829585848284933
0.5893333333333334,0.8176337603617182,0.5245024609458592,0.293131299415859,0.1282703474944718
0.5895,0.8176337603617182,0.5247164562379628,0.2929173041237554,0.12825786906400038
0.5896666666666667,0.8176337603617182,0.5249304515300663,0.29270330883165185,0.12824611215700557
0.5898333333333333,0.8176337603617182,0.5251444468221699,0.2924893135395483,0.12821688985477145
0.59,0.8176337603617182,0.5253584421142735,0.2922753182474447,0.1281901685042154
0.5901666666666666,0.8176337603617182,0.525572437406377,0.29206132295534115,0.12811857377503713
0.5903333333333334,0.8176337603617182,0.5257864326984807,0.2918473276632375,0.1281090003929083
0.5905,0.8176337603617182,0.5260004279905842,0.291633332371134,0.1280230498942585
0.5906666666666667,0.8176337603617182,0.5262144232826877,0.29141933707903045,0.1279904300398858
0.5908333333333333,0.8176337603617182,0.5264284185747914,0.2912053417869268,0.12798672712097675
0.591,0.8176337603617182,0.5266424138668949,0.2909913464948233,0.1279771806540429
0.5911666666666666,0.8176337603617182,0.5268564091589985,0.29077735120271975,0.12795920474262895
0.5913333333333334,0.8176337603617182,0.5270704044511021,0.2905633559106161,0.12793487982822027
0.5915,0.8176337603617182,0.5272843997432056,0.2903493606185126,0.12791309985465946
0.5916666666666667,0.8176337603617182,0.5274983950353093,0.29013536532640893,0.12789721475469792
0.5918333333333333,0.8176337603617182,0.5277123903274128,0.2899213700343054,0.12782304858545526
0.592,0.8183873398643556,0.5277123903274128,0.29067494953694284,0.12782153625995601
0.5921666666666666,0.8183873398643556,0.5279263856195163,0.2904609542448393,0.12776447531558544
0.5923333333333334,0.8183873398643556,0.52814038091162,0.29024695895273567,0.12773219125636484
0.5925,0.8183873398643556,0.5283543762037235,0.29003296366063214,0.12772888364900853
0.5926666666666667,0.8183873398643556,0.5285683714958271,0.2898189683685285,0.1277191079382935
0.5928333333333333,0.8183873398643556,0.5287823667879307,0.28960497307642497,0.12769610610323986
0.593,0.8183873398643556,0.5289963620800342,0.28939097778432143,0.12767522694447436
0.5931666666666666,0.8183873398643556,0.5292103573721378,0.2891769824922178,0.12763854924040882
0.5933333333333334,0.8191409193669932,0.5292103573721378,0.28993056199485534,0.12762971794345174
0.5935,0.8191409193669932,0.5294243526642414,0.2897165667027518,0.1276217401450286
0.5936666666666667,0.8191409193669932,0.529638347956345,0.28950257141064817,0.12761007323316917
0.5938333333333333,0.8191409193669932,0.5298523432484485,0.28928857611854464,0.12754406944773522
0.594,0.8191409193669932,0.5300663385405521,0.2890745808264411,0.1275408569716723
0.5941666666666666,0.8198944988696307,0.5300663385405521,0.28982816032907865,0.12753933521721894
0.5943333333333334,0.8198944988696307,0.5302803338326557,0.289614165036975,0.12753694657560932
0.5945,0.8198944988696307,0.5304943291247592,0.2894001697448715,0.1274960047717344
0.5946666666666667,0.8198944988696307,0.5307083244168628,0.28918617445276795,0.12746366224226624
0.5948333333333333,0.8198944988696307,0.5309223197089664,0.2889721791606643,0.12743189358596452
0.595,0.8198944988696307,0.53113631500107,0.2887581838685608,0.12742909694620944
0.5951666666666666,0.8198944988696307,0.5313503102931736,0.28854418857645714,0.12741784170540696
0.5953333333333334,0.8198944988696307,0.5315643055852771,0.2883301932843536,0.1273994154525529
0.5955,0.8206480783722683,0.5315643055852771,0.28908377278699116,0.12736132095138342
0.5956666666666667,0.8206480783722683,0.5317783008773806,0.2888697774948876,0.12731091667017272
0.5958333333333333,0.8206480783722683,0.5319922961694843,0.288655782202784,0.12730872411047106
0.596,0.8206480783722683,0.5322062914615878,0.28844178691068045,0.12730080793252377
0.5961666666666666,0.8206480783722683,0.5324202867536915,0.2882277916185768,0.1272993298046684
0.5963333333333334,0.8206480783722683,0.532634282045795,0.2880137963264733,0.12728994654549033
0.5965,0.8206480783722683,0.5328482773378985,0.28779980103436975,0.127252431992719
0.5966666666666667,0.8206480783722683,0.5330622726300022,0.2875858057422661,0.12724714883049537
0.5968333333333333,0.8206480783722683,0.5332762679221057,0.2873718104501626,0.12724619769452608
0.597,0.8206480783722683,0.5334902632142093,0.28715781515805894,0.1271405712037336
0.5971666666666666,0.8214016578749058,0.5334902632142093,0.2879113946606965,0.127132318629526
0.5973333333333334,0.8214016578749058,0.5337042585063129,0.28769739936859295,0.1271261784407671
0.5975,0.8214016578749058,0.5339182537984164,0.2874834040764894,0.12711528088801513
0.5976666666666667,0.8214016578749058,0.53413224909052,0.2872694087843858,0.12709816950543107
0.5978333333333333,0.8214016578749058,0.5343462443826236,0.28705541349228225,0.12707917190912008
0.598,0.8214016578749058,0.5345602396747272,0.2868414182001786,0.1270313721626192
0.5981666666666666,0.8214016578749058,0.5347742349668307,0.2866274229080751,0.12701604373587502
0.5983333333333334,0.8214016578749058,0.5349882302589343,0.28641342761597155,0.12698451131299354
0.5985,0.8214016578749058,0.5352022255510379,0.2861994323238679,0.12697173798885952
0.5986666666666667,0.8214016578749058,0.5354162208431414,0.2859854370317644,0.12696876595999768
0.5988333333333333,0.8214016578749058,0.535630216135245,0.28577144173966085,0.12694399668175974
0.599,0.8214016578749058,0.5358442114273486,0.2855574464475572,0.12693112945476784
0.5991666666666666,0.8214016578749058,0.5360582067194521,0.2853434511554537,0.12679733874604138
0.5993333333333334,0.8214016578749058,0.5362722020115558,0.28512945586335003,0.12678635601025515
0.5995,0.8214016578749058,0.5364861973036593,0.2849154605712465,0.1267839639654658
0.5996666666666667,0.8214016578749058,0.5367001925957628,0.284701465279143,0.12675520067287444
0.5998333333333333,0.8214016578749058,0.5369141878878665,0.28448746998703933,0.12673351668715693
0.6,0.8214016578749058,0.53712818317997,0.2842734746949358,0.12666298032495943
0.6001666666666666,0.8214016578749058,0.5373421784720737,0.28405947940283216,0.12664440509596392
0.6003333333333334,0.8214016578749058,0.5375561737641772,0.28384548411072863,0.12664020550469043
0.6005,0.8214016578749058,0.5377701690562807,0.2836314888186251,0.12658678616485258
0.6006666666666667,0.8214016578749058,0.5379841643483844,0.28341749352652146,0.12652435619758026
0.6008333333333333,0.8214016578749058,0.5381981596404879,0.2832034982344179,0.12647727588992622
0.601,0.8214016578749058,0.5384121549325915,0.2829895029423143,0.1264758624078396
0.6011666666666666,0.8221552373775434,0.5384121549325915,0.28374308244495183,0.12633329330676493
0.6013333333333334,0.8221552373775434,0.5386261502246951,0.2835290871528483,0.12633296113075224
0.6015,0.8221552373775434,0.5388401455167986,0.28331509186074477,0.12629237841026328
0.6016666666666667,0.8221552373775434,0.5390541408089022,0.28310109656864113,0.12629018601154152
0.6018333333333333,0.8221552373775434,0.5392681361010058,0.2828871012765376,0.12628867031725458
0.602,0.8221552373775434,0.5394821313931093,0.28267310598443407,0.12628548199488004
0.6021666666666666,0.8221552373775434,0.5396961266852129,0.28245911069233043,0.12628103691355563
0.6023333333333334,0.8221552373775434,0.5399101219773165,0.2822451154002269,0.12624639652707614
0.6025,0.8221552373775434,0.5401241172694201,0.28203112010812326,0.12622854657496255
0.6026666666666667,0.8221552373775434,0.5403381125615236,0.2818171248160197,0.12621718392284156
0.6028333333333333,0.8221552373775434,0.5405521078536272,0.2816031295239162,0.12613263962739388
0.603,0.8221552373775434,0.5407661031457308,0.28138913423181255,0.12612496295650275
0.6031666666666666,0.8221552373775434,0.5409800984378343,0.281175138939709,0.12611934919774292
0.6033333333333334,0.8221552373775434,0.541194093729938,0.2809611436476054,0.12609838336855575
0.6035,0.8221552373775434,0.5414080890220415,0.28074714835550185,0.12604998060897868
0.6036666666666667,0.8221552373775434,0.541622084314145,0.2805331530633983,0.12603740035418967
0.6038333333333333,0.8221552373775434,0.5418360796062487,0.2803191577712947,0.12602090313744185
0.604,0.8221552373775434,0.5420500748983522,0.28010516247919115,0.12597079616534054
0.6041666666666666,0.8221552373775434,0.5422640701904559,0.2798911671870875,0.12588762111935728
0.6043333333333333,0.8221552373775434,0.5424780654825594,0.279677171894984,0.1258555424272049
0.6045,0.8221552373775434,0.5426920607746629,0.27946317660288045,0.1258195504091578
0.6046666666666667,0.8221552373775434,0.5429060560667666,0.2792491813107768,0.12575562689133582
0.6048333333333333,0.8221552373775434,0.5431200513588701,0.2790351860186733,0.125632387148138
0.605,0.8221552373775434,0.5433340466509736,0.27882119072656975,0.12561255856948844
0.6051666666666666,0.8221552373775434,0.5435480419430773,0.2786071954344661,0.12560860289367215
0.6053333333333333,0.8221552373775434,0.5437620372351808,0.2783932001423626,0.1255990676489228
0.6055,0.8221552373775434,0.5439760325272844,0.27817920485025893,0.1255571084379637
0.6056666666666667,0.8221552373775434,0.544190027819388,0.2779652095581554,0.12552765420306114
0.6058333333333333,0.8229088168801808,0.544190027819388,0.27871878906079284,0.1255206657199442
0.606,0.8229088168801808,0.5444040231114915,0.2785047937686893,0.1254946443635947
0.6061666666666666,0.8229088168801808,0.5446180184035951,0.27829079847658567,0.12547755426308507
0.6063333333333333,0.8236623963828184,0.5446180184035951,0.2790443779792232,0.12547674299917608
0.6065,0.8236623963828184,0.5448320136956987,0.2788303826871197,0.1254468880967842
0.6066666666666667,0.8236623963828184,0.5450460089878023,0.27861638739501604,0.12544332282500387
0.6068333333333333,0.8236623963828184,0.5452600042799058,0.2784023921029125,0.1254431569193216
0.607,0.8236623963828184,0.5454739995720094,0.278188396810809,0.1254421023168463
0.6071666666666666,0.8236623963828184,0.545687994864113,0.27797440151870534,0.12542122088165047
0.6073333333333333,0.8236623963828184,0.5459019901562165,0.2777604062266018,0.1253917437338757
0.6075,0.8236623963828184,0.5461159854483202,0.27754641093449817,0.12536399213342192
0.6076666666666667,0.8244159758854559,0.5461159854483202,0.2782999904371357,0.12536027346383113
0.6078333333333333,0.8244159758854559,0.5463299807404237,0.2780859951450322,0.12532590967390808
0.608,0.8244159758854559,0.5465439760325272,0.27787199985292865,0.12525544196881006
0.6081666666666666,0.8244159758854559,0.5467579713246309,0.277658004560825,0.12524554629153845
0.6083333333333333,0.8244159758854559,0.5469719666167344,0.2774440092687215,0.12520030503737692
0.6085,0.8244159758854559,0.5471859619088381,0.27723001397661784,0.12518155464633554
0.6086666666666667,0.8244159758854559,0.5473999572009416,0.2770160186845143,0.12517448312565893
0.6088333333333333,0.8244159758854559,0.5476139524930451,0.2768020233924108,0.12513633322618578
0.609,0.8244159758854559,0.5478279477851488,0.27658802810030714,0.12513596155908613
0.6091666666666666,0.8251695553880934,0.5478279477851488,0.2773416076029447,0.1250364208586646
0.6093333333333333,0.8251695553880934,0.5480419430772523,0.27712761231084115,0.12503619469341942
0.6095,0.8251695553880934,0.5482559383693558,0.2769136170187376,0.12501602809807744
0.6096666666666667,0.8251695553880934,0.5484699336614595,0.276699621726634,0.1250090551274175
0.6098333333333333,0.825923134890731,0.5484699336614595,0.27745320122927153,0.1249998342488667
0.61,0.825923134890731,0.548683928953563,0.277239205937168,0.12498916103247028
0.6101666666666666,0.8266767143933685,0.548683928953563,0.27799278543980555,0.12496863275655946
0.6103333333333333,0.8266767143933685,0.5488979242456666,0.2777787901477019,0.1249152104505944
0.6105,0.8266767143933685,0.5491119195377702,0.2775647948555984,0.12486561548203652
0.6106666666666667,0.8266767143933685,0.5493259148298737,0.27735079956349484,0.12485006014467927
0.6108333333333333,0.827430293896006,0.5493259148298737,0.2781043790661323,0.12482724428689841
0.611,0.827430293896006,0.5495399101219773,0.27789038377402864,0.12481760424017758
0.6111666666666666,0.827430293896006,0.5497539054140809,0.2776763884819251,0.12480767852927156
0.6113333333333333,0.827430293896006,0.5499679007061845,0.27746239318982147,0.12480237793987374
0.6115,0.827430293896006,0.550181895998288,0.27724839789771794,0.12479526765262272
0.6116666666666667,0.827430293896006,0.5503958912903916,0.2770344026056144,0.12478122072080677
0.6118333333333333,0.827430293896006,0.5506098865824952,0.27682040731351076,0.12473222434201675
0.612,0.827430293896006,0.5508238818745987,0.27660641202140723,0.12464092106006834
0.6121666666666666,0.827430293896006,0.5510378771667024,0.2763924167293036,0.12459071002872296
0.6123333333333333,0.827430293896006,0.5512518724588059,0.27617842143720006,0.12456664715981071
0.6125,0.827430293896006,0.5514658677509094,0.27596442614509653,0.12455197381999147
0.6126666666666667,0.827430293896006,0.5516798630430131,0.2757504308529929,0.12455107717423154
0.6128333333333333,0.8281838733986435,0.5516798630430131,0.27650401035563044,0.12454325560601517
0.613,0.8281838733986435,0.5518938583351166,0.2762900150635269,0.12451401540336564
0.6131666666666666,0.8281838733986435,0.5521078536272201,0.2760760197714234,0.12451386982056706
0.6133333333333333,0.8289374529012811,0.5521078536272201,0.2768295992740609,0.12450489657124601
0.6135,0.8289374529012811,0.5523218489193238,0.2766156039819573,0.12450187678778421
0.6136666666666667,0.8289374529012811,0.5525358442114273,0.27640160868985375,0.12448498856562513
0.6138333333333333,0.8289374529012811,0.552749839503531,0.2761876133977501,0.12447137980275653
0.614,0.8289374529012811,0.5529638347956345,0.2759736181056466,0.12446934666202336
0.6141666666666666,0.8289374529012811,0.553177830087738,0.27575962281354305,0.12444796036569712
0.6143333333333333,0.8289374529012811,0.5533918253798417,0.2755456275214394,0.12442248601419185
0.6145,0.8289374529012811,0.5536058206719452,0.2753316322293359,0.12434130802313632
0.6146666666666667,0.8289374529012811,0.5538198159640488,0.27511763693723224,0.12434025981109452
0.6148333333333333,0.8289374529012811,0.5540338112561524,0.2749036416451287,0.12433142880360018
0.615,0.8289374529012811,0.5542478065482559,0.2746896463530252,0.12432882678648798
0.6151666666666666,0.8289374529012811,0.5544618018403595,0.27447565106092153,0.12432554112467745
0.6153333333333333,0.8289374529012811,0.5546757971324631,0.274261655768818,0.12432140869991176
0.6155,0.8289374529012811,0.5548897924245667,0.27404766047671436,0.12432103288558898
0.6156666666666667,0.8289374529012811,0.5551037877166702,0.27383366518461083,0.12431444600976468
0.6158333333333333,0.8289374529012811,0.5553177830087738,0.2736196698925073,0.124297399299205
0.616,0.8289374529012811,0.5555317783008774,0.27340567460040366,0.12427520679390265
0.6161666666666666,0.8289374529012811,0.5557457735929809,0.27319167930830013,0.12424286268172063
0.6163333333333333,0.8289374529012811,0.5559597688850846,0.2729776840161965,0.12422311529692073
0.6165,0.8296910324039186,0.5559597688850846,0.27373126351883403,0.12416685627305615
0.6166666666666667,0.8296910324039186,0.5561737641771881,0.2735172682267305,0.12415750937897573
0.6168333333333333,0.8296910324039186,0.5563877594692916,0.273303272934627,0.12414508721247888
0.617,0.8296910324039186,0.5566017547613953,0.27308927764252333,0.12413903615213903
0.6171666666666666,0.8296910324039186,0.5568157500534988,0.2728752823504198,0.12409667191658594
0.6173333333333333,0.8296910324039186,0.5570297453456023,0.27266128705831627,0.12407191891244854
0.6175,0.8296910324039186,0.557243740637706,0.27244729176621263,0.12407108714522545
0.6176666666666667,0.8296910324039186,0.5574577359298095,0.2722332964741091,0.1240601590068712
0.6178333333333333,0.8296910324039186,0.5576717312219132,0.27201930118200546,0.12402097234622028
0.618,0.8296910324039186,0.5578857265140167,0.2718053058899019,0.12401804177230723
0.6181666666666666,0.8296910324039186,0.5580997218061202,0.2715913105977984,0.12400668290619192
0.6183333333333333,0.8296910324039186,0.5583137170982239,0.27137731530569476,0.12399147805562345
0.6185,0.8296910324039186,0.5585277123903274,0.2711633200135912,0.12398545792811641
0.6186666666666667,0.8296910324039186,0.558741707682431,0.2709493247214876,0.12395058851274768
0.6188333333333333,0.8296910324039186,0.5589557029745346,0.27073532942938405,0.12392401112825348
0.619,0.8296910324039186,0.5591696982666381,0.2705213341372805,0.12390947152688309
0.6191666666666666,0.8296910324039186,0.5593836935587417,0.2703073388451769,0.12390345751039815
0.6193333333333333,0.8296910324039186,0.5595976888508453,0.27009334355307335,0.12389744257668076
0.6195,0.8304446119065562,0.5595976888508453,0.2708469230557109,0.12389738131179032
0.6196666666666667,0.8304446119065562,0.5598116841429489,0.27063292776360726,0.12388917938002525
0.6198333333333333,0.8304446119065562,0.5600256794350524,0.2704189324715037,0.12388619183639386
0.62,0.8304446119065562,0.560239674727156,0.2702049371794002,0.12386262706348004
0.6201666666666666,0.8304446119065562,0.5604536700192596,0.26999094188729655,0.12383080872012377
0.6203333333333333,0.8311981914091937,0.5604536700192596,0.2707445213899341,0.12382961178447371
0.6205,0.8311981914091937,0.5606676653113631,0.27053052609783057,0.12382938114139716
0.6206666666666667,0.8311981914091937,0.5608816606034667,0.27031653080572704,0.1238263047349606
0.6208333333333333,0.8311981914091937,0.5610956558955703,0.2701025355136234,0.12380743545059507
0.621,0.8311981914091937,0.5613096511876738,0.26988854022151987,0.12380552879182256
0.6211666666666666,0.8311981914091937,0.5615236464797775,0.2696745449294162,0.12378002052578746
0.6213333333333333,0.8311981914091937,0.561737641771881,0.2694605496373127,0.12375818270027963
0.6215,0.8311981914091937,0.5619516370639845,0.26924655434520917,0.12375258381412377
0.6216666666666667,0.8311981914091937,0.5621656323560882,0.2690325590531055,0.12370669079712557
0.6218333333333333,0.8311981914091937,0.5623796276481917,0.268818563761002,0.1237041364182824
0.622,0.8311981914091937,0.5625936229402954,0.26860456846889835,0.123689751972462
0.6221666666666666,0.8311981914091937,0.5628076182323989,0.2683905731767948,0.1236101569337846
0.6223333333333333,0.8311981914091937,0.5630216135245024,0.2681765778846913,0.12358218138962655
0.6225,0.8311981914091937,0.5632356088166061,0.26796258259258765,0.12357000566230142
0.6226666666666667,0.8311981914091937,0.5634496041087096,0.2677485873004841,0.12356982317361238
0.6228333333333333,0.8311981914091937,0.5636635994008132,0.2675345920083805,0.12354267069657228
0.623,0.8311981914091937,0.5638775946929168,0.26732059671627695,0.12354186535212704
0.6231666666666666,0.8311981914091937,0.5640915899850203,0.2671066014241734,0.1235365867511615
0.6233333333333333,0.8319517709118311,0.5640915899850203,0.26786018092681085,0.12351141017729465
0.6235,0.8319517709118311,0.5643055852771239,0.2676461856347072,0.12350521544498669
0.6236666666666667,0.8319517709118311,0.5645195805692275,0.2674321903426037,0.12349554980804286
0.6238333333333334,0.8319517709118311,0.5647335758613311,0.26721819505050004,0.12348501397649116
0.624,0.8319517709118311,0.5649475711534346,0.2670041997583965,0.12348451071892373
0.6241666666666666,0.8319517709118311,0.5651615664455382,0.266790204466293,0.12347351767658507
0.6243333333333333,0.8319517709118311,0.5653755617376418,0.26657620917418934,0.12345516758960642
0.6245,0.8319517709118311,0.5655895570297453,0.2663622138820858,0.12341531115162971
0.6246666666666667,0.8319517709118311,0.5658035523218489,0.2661482185899823,0.12339244179420407
0.6248333333333334,0.8319517709118311,0.5660175476139525,0.26593422329787864,0.12336896786401669
0.625,0.8327053504144687,0.5660175476139525,0.2666878028005162,0.12333798338857652
0.6251666666666666,0.8327053504144687,0.566231542906056,0.26647380750841265,0.12332212432969437
0.6253333333333333,0.8327053504144687,0.5664455381981597,0.266259812216309,0.12331938879308606
0.6255,0.8327053504144687,0.5666595334902632,0.2660458169242055,0.12331338669255947
0.6256666666666667,0.8327053504144687,0.5668735287823667,0.26583182163210195,0.12331049568107286
0.6258333333333334,0.8327053504144687,0.5670875240744704,0.2656178263399983,0.12327552335882805
0.626,0.8327053504144687,0.5673015193665739,0.2654038310478948,0.12327137515428253
0.6261666666666666,0.8327053504144687,0.5675155146586776,0.26518983575579114,0.12320149999233444
0.6263333333333333,0.8327053504144687,0.5677295099507811,0.2649758404636876,0.12317647786746319
0.6265,0.8327053504144687,0.5679435052428846,0.2647618451715841,0.12315699952137357
0.6266666666666667,0.8327053504144687,0.5681575005349883,0.26454784987948043,0.12310817274356979
0.6268333333333334,0.8327053504144687,0.5683714958270918,0.2643338545873769,0.12301935800405248
0.627,0.8334589299171062,0.5683714958270918,0.26508743409001445,0.12298757039010438
0.6271666666666667,0.8334589299171062,0.5685854911191954,0.2648734387979108,0.1229637829388903
0.6273333333333333,0.8334589299171062,0.568799486411299,0.2646594435058073,0.1229431533713472
0.6275,0.8342125094197438,0.568799486411299,0.2654130230084448,0.12293204771321505
0.6276666666666667,0.8342125094197438,0.5690134817034025,0.2651990277163413,0.12290371089924818
0.6278333333333334,0.8342125094197438,0.5692274769955061,0.26498503242423765,0.12289562571174369
0.628,0.8342125094197438,0.5694414722876097,0.2647710371321341,0.12286862445882986
0.6281666666666667,0.8342125094197438,0.5696554675797132,0.2645570418400306,0.12285684081803591
0.6283333333333333,0.8349660889223813,0.5696554675797132,0.26531062134266814,0.12281723874946485
0.6285,0.8357196684250189,0.5696554675797132,0.2660642008453057,0.1228149253930583
0.6286666666666667,0.8357196684250189,0.5698694628718168,0.26585020555320205,0.12279005559158593
0.6288333333333334,0.8357196684250189,0.5700834581639204,0.2656362102610985,0.12275327518349417
0.629,0.8357196684250189,0.570297453456024,0.2654222149689949,0.12271792163091022
0.6291666666666667,0.8357196684250189,0.5705114487481275,0.26520821967689134,0.1226460236715348
0.6293333333333333,0.8357196684250189,0.5707254440402311,0.2649942243847878,0.12263220969386261
0.6295,0.8364732479276563,0.5707254440402311,0.26574780388742525,0.12258623412908871
0.6296666666666667,0.8364732479276563,0.5709394393323347,0.2655338085953216,0.1225850589196675
0.6298333333333334,0.8364732479276563,0.5711534346244382,0.2653198133032181,0.12255686307733735
0.63,0.8364732479276563,0.5713674299165419,0.26510581801111444,0.12253990234755346
0.6301666666666667,0.8364732479276563,0.5715814252086454,0.2648918227190109,0.12252150986583185
0.6303333333333333,0.8364732479276563,0.5717954205007489,0.2646778274269074,0.12249255150606081
0.6305,0.8364732479276563,0.5720094157928526,0.26446383213480373,0.12249249195271099
0.6306666666666667,0.8372268274302939,0.5720094157928526,0.2652174116374413,0.12246810759609607
0.6308333333333334,0.8372268274302939,0.5722234110849561,0.26500341634533775,0.12246128739142788
0.631,0.8372268274302939,0.5724374063770598,0.2647894210532341,0.12245581510573779
0.6311666666666667,0.8372268274302939,0.5726514016691633,0.2645754257611306,0.12243128018240594
0.6313333333333333,0.8372268274302939,0.5728653969612668,0.26436143046902705,0.12240024914155487
0.6315,0.8372268274302939,0.5730793922533705,0.2641474351769234,0.12238941361244053
0.6316666666666667,0.8372268274302939,0.573293387545474,0.2639334398848199,0.122385526996441
0.6318333333333334,0.8379804069329314,0.573293387545474,0.2646870193874574,0.12238247356337147
0.632,0.8379804069329314,0.5735073828375776,0.2644730240953538,0.12235579042273938
0.6321666666666667,0.838733986435569,0.5735073828375776,0.26522660359799133,0.12235008095606419
0.6323333333333333,0.838733986435569,0.5737213781296812,0.2650126083058878,0.1223208773997202
0.6325,0.838733986435569,0.5739353734217847,0.26479861301378427,0.12227664804264128
0.6326666666666667,0.838733986435569,0.5741493687138883,0.2645846177216806,0.12225846449248508
0.6328333333333334,0.838733986435569,0.5743633640059919,0.2643706224295771,0.1222451284509763
0.633,0.838733986435569,0.5745773592980954,0.26415662713747357,0.1222274479900175
0.6331666666666667,0.838733986435569,0.574791354590199,0.2639426318453699,0.1222128531574797
0.6333333333333333,0.8394875659382065,0.574791354590199,0.26469621134800747,0.12220207713925554
0.6335,0.8394875659382065,0.5750053498823026,0.26448221605590394,0.12207130617241624
0.6336666666666667,0.8394875659382065,0.5752193451744062,0.2642682207638003,0.12204951838032037
0.6338333333333334,0.8394875659382065,0.5754333404665097,0.26405422547169677,0.12188058098464047
0.634,0.8394875659382065,0.5756473357586133,0.26384023017959324,0.12182370008268438
0.6341666666666667,0.8394875659382065,0.5758613310507169,0.2636262348874896,0.12177924484114462
0.6343333333333333,0.8394875659382065,0.5760753263428204,0.26341223959538607,0.12176006597015993
0.6345,0.8394875659382065,0.5762893216349241,0.2631982443032824,0.12175518356600222
0.6346666666666667,0.8394875659382065,0.5765033169270276,0.2629842490111789,0.12174129287387947
0.6348333333333334,0.8394875659382065,0.5767173122191311,0.26277025371907536,0.12173416650309189
0.635,0.8394875659382065,0.5769313075112348,0.2625562584269717,0.12172123071736331
0.6351666666666667,0.840241145440844,0.5769313075112348,0.26330983792960927,0.12170150286956727
0.6353333333333333,0.8409947249434815,0.5769313075112348,0.2640634174322467,0.12163083949433498
0.6355,0.8409947249434815,0.5771453028033383,0.2638494221401432,0.12160852109324843
0.6356666666666667,0.8409947249434815,0.577359298095442,0.26363542684803953,0.1215981458283662
0.6358333333333334,0.8409947249434815,0.5775732933875455,0.263421431555936,0.12153934356387443
0.636,0.8409947249434815,0.577787288679649,0.2632074362638325,0.12146684187608545
0.6361666666666667,0.8409947249434815,0.5780012839717527,0.26299344097172883,0.12143569205908092
0.6363333333333333,0.8409947249434815,0.5782152792638562,0.2627794456796253,0.1213827911106663
0.6365,0.8409947249434815,0.5784292745559597,0.26256545038752177,0.12136067850951396
0.6366666666666667,0.841748304446119,0.5784292745559597,0.2633190298901593,0.12132729423118256
0.6368333333333334,0.841748304446119,0.5786432698480634,0.2631050345980557,0.12132652456422462
0.637,0.841748304446119,0.5788572651401669,0.26289103930595215,0.12132403573730781
0.6371666666666667,0.841748304446119,0.5790712604322705,0.2626770440138485,0.12130628686377909
0.6373333333333333,0.841748304446119,0.5792852557243741,0.262463048721745,0.12126272300787035
0.6375,0.841748304446119,0.5794992510164776,0.26224905342964144,0.12125141892246522
0.6376666666666667,0.841748304446119,0.5797132463085812,0.2620350581375378,0.12117960436981501
0.6378333333333334,0.841748304446119,0.5799272416006848,0.26182106284543427,0.12112223222637059
0.638,0.841748304446119,0.5801412368927884,0.26160706755333063,0.12111800911579891
0.6381666666666667,0.841748304446119,0.5803552321848919,0.2613930722612271,0.12108182099530425
0.6383333333333333,0.841748304446119,0.5805692274769955,0.26117907696912357,0.1210733219997774
0.6385,0.841748304446119,0.5807832227690991,0.2609650816770199,0.12102621893264201
0.6386666666666667,0.841748304446119,0.5809972180612026,0.2607510863849164,0.12100317886907531
0.6388333333333334,0.841748304446119,0.5812112133533063,0.26053709109281276,0.12100106407921797
0.639,0.841748304446119,0.5814252086454098,0.2603230958007092,0.1209960665126987
0.6391666666666667,0.841748304446119,0.5816392039375133,0.2601091005086057,0.12096908796115366
0.6393333333333333,0.841748304446119,0.581853199229617,0.25989510521650205,0.1209281531151768
0.6395,0.841748304446119,0.5820671945217205,0.2596811099243985,0.12091540716218871
0.6396666666666667,0.841748304446119,0.582281189813824,0.259467114632295,0.12090057425922288
0.6398333333333334,0.841748304446119,0.5824951851059277,0.25925311934019135,0.12079726778214894
0.64,0.841748304446119,0.5827091803980312,0.2590391240480878,0.12079682779409932
0.6401666666666667,0.841748304446119,0.5829231756901349,0.2588251287559842,0.12076094467595445
0.6403333333333333,0.841748304446119,0.5831371709822384,0.25861113346388065,0.12073057338414292
0.6405,0.8425018839487566,0.5831371709822384,0.2593647129665182,0.12072325777512205
0.6406666666666667,0.8425018839487566,0.5833511662743419,0.25915071767441467,0.12071936081630405
0.6408333333333334,0.8425018839487566,0.5835651615664456,0.258936722382311,0.12068889949049731
0.641,0.8425018839487566,0.5837791568585491,0.2587227270902075,0.12067280290822947
0.6411666666666667,0.8425018839487566,0.5839931521506527,0.25850873179810385,0.12064612707522836
0.6413333333333333,0.8425018839487566,0.5842071474427563,0.2582947365060003,0.12057536567460989
0.6415,0.8425018839487566,0.5844211427348598,0.2580807412138968,0.12057148595492678
0.6416666666666667,0.8425018839487566,0.5846351380269634,0.25786674592179315,0.12051124419559502
0.6418333333333334,0.8425018839487566,0.584849133319067,0.2576527506296896,0.12049430970588432
0.642,0.8425018839487566,0.5850631286111706,0.257438755337586,0.12049416375976431
0.6421666666666667,0.8425018839487566,0.5852771239032741,0.25722476004548245,0.12048910235791113
0.6423333333333333,0.8425018839487566,0.5854911191953777,0.2570107647533789,0.12047571205454341
0.6425,0.8425018839487566,0.5857051144874813,0.2567967694612753,0.12046558352038482
0.6426666666666667,0.8425018839487566,0.5859191097795848,0.25658277416917175,0.12044628475914815
0.6428333333333334,0.8432554634513941,0.5859191097795848,0.2573363536718093,0.12029166982911761
0.643,0.8432554634513941,0.5861331050716885,0.25712235837970565,0.12021709920035695
0.6431666666666667,0.8432554634513941,0.586347100363792,0.2569083630876021,0.12019674883443485
0.6433333333333333,0.8432554634513941,0.5865610956558955,0.2566943677954986,0.12016149438391639
0.6435,0.8432554634513941,0.5867750909479992,0.25648037250339495,0.1201388226247384
0.6436666666666667,0.8432554634513941,0.5869890862401027,0.2562663772112914,0.12013665254908443
0.6438333333333334,0.8432554634513941,0.5872030815322062,0.2560523819191879,0.12009406676124876
0.644,0.8432554634513941,0.5874170768243099,0.25583838662708425,0.1200810888435805
0.6441666666666667,0.8432554634513941,0.5876310721164134,0.2556243913349807,0.1200803215840985
0.6443333333333333,0.8440090429540317,0.5876310721164134,0.25637797083761826,0.12005058182800402
0.6445,0.8440090429540317,0.587845067408517,0.2561639755455146,0.12003301625308833
0.6446666666666667,0.8447626224566692,0.587845067408517,0.25691755504815217,0.12002977915448618
0.6448333333333334,0.8447626224566692,0.5880590627006206,0.25670355975604864,0.12001768799225562
0.645,0.8447626224566692,0.5882730579927241,0.2564895644639451,0.12001048438296669
0.6451666666666667,0.8447626224566692,0.5884870532848278,0.25627556917184147,0.11998216823761866
0.6453333333333333,0.8447626224566692,0.5887010485769313,0.25606157387973794,0.11997301230235503
0.6455,0.8447626224566692,0.5889150438690349,0.2558475785876343,0.11994050946531183
0.6456666666666667,0.8447626224566692,0.5891290391611385,0.25563358329553076,0.11993237240645899
0.6458333333333334,0.8447626224566692,0.589343034453242,0.25541958800342723,0.1199187087914369
0.646,0.8455162019593067,0.589343034453242,0.25617316750606467,0.11986158049271999
0.6461666666666667,0.8455162019593067,0.5895570297453456,0.25595917221396103,0.11981867178466603
0.6463333333333333,0.8455162019593067,0.5897710250374492,0.2557451769218575,0.11980848584304865
0.6465,0.8455162019593067,0.5899850203295528,0.25553118162975386,0.11978770765955223
0.6466666666666666,0.8455162019593067,0.5901990156216563,0.2553171863376503,0.11972671740671612
0.6468333333333334,0.8462697814619442,0.5901990156216563,0.2560707658402879,0.11972490576497671
0.647,0.8462697814619442,0.5904130109137599,0.25585677054818434,0.11971638761248408
0.6471666666666667,0.8462697814619442,0.5906270062058635,0.2556427752560807,0.11969941921078445
0.6473333333333333,0.8462697814619442,0.590841001497967,0.25542877996397717,0.11968031401673994
0.6475,0.8462697814619442,0.5910549967900706,0.25521478467187364,0.11966438458883928
0.6476666666666666,0.8462697814619442,0.5912689920821742,0.25500078937977,0.11964850775199838
0.6478333333333334,0.8462697814619442,0.5914829873742777,0.25478679408766647,0.1196434104987628
0.648,0.8462697814619442,0.5916969826663814,0.2545727987955628,0.11964256396223218
0.6481666666666667,0.8462697814619442,0.5919109779584849,0.2543588035034593,0.11961131309584398
0.6483333333333333,0.8462697814619442,0.5921249732505884,0.25414480821135577,0.11957619537441588
0.6485,0.8462697814619442,0.5923389685426921,0.2539308129192521,0.11957210010987929
0.6486666666666666,0.8462697814619442,0.5925529638347956,0.2537168176271486,0.11956256035287963
0.6488333333333334,0.8462697814619442,0.5927669591268993,0.25350282233504495,0.11953038018312033
0.649,0.8462697814619442,0.5929809544190028,0.2532888270429414,0.11948889032474386
0.6491666666666667,0.8462697814619442,0.5931949497111063,0.2530748317508379,0.11945920149157767
0.6493333333333333,0.8462697814619442,0.59340894500321,0.25286083645873425,0.11944028361032084
0.6495,0.8462697814619442,0.5936229402953135,0.2526468411666307,0.11943109968345329
0.6496666666666666,0.8462697814619442,0.5938369355874171,0.2524328458745271,0.11942739293015601
0.6498333333333334,0.8470233609645818,0.5938369355874171,0.2531864253771646,0.11941270557349769
0.65,0.8470233609645818,0.5940509308795207,0.2529724300850611,0.11941151841830652
0.6501666666666667,0.8470233609645818,0.5942649261716242,0.25275843479295756,0.11941097141910395
0.6503333333333333,0.8470233609645818,0.5944789214637278,0.2525444395008539,0.11940924083863935
0.6505,0.8470233609645818,0.5946929167558314,0.2523304442087504,0.11937545497607116
0.6506666666666666,0.8470233609645818,0.594906912047935,0.25211644891664675,0.11936487824024965
0.6508333333333334,0.8470233609645818,0.5951209073400385,0.2519024536245432,0.11935301325629517
0.651,0.8470233609645818,0.5953349026321421,0.2516884583324397,0.1193267976562861
0.6511666666666667,0.8470233609645818,0.5955488979242457,0.25147446304033605,0.11930487850603261
0.6513333333333333,0.8470233609645818,0.5957628932163492,0.2512604677482325,0.11930291667798175
0.6515,0.8470233609645818,0.5959768885084528,0.251046472456129,0.11925796406625208
0.6516666666666666,0.8477769404672193,0.5959768885084528,0.25180005195876654,0.11925683764713045
0.6518333333333334,0.8477769404672193,0.5961908838005564,0.2515860566666629,0.11925465806894413
0.652,0.8477769404672193,0.5964048790926599,0.25137206137455936,0.11925284906665089
0.6521666666666667,0.8477769404672193,0.5966188743847636,0.2511580660824557,0.11925179176808288
0.6523333333333333,0.8477769404672193,0.5968328696768671,0.2509440707903522,0.11921667551823703
0.6525,0.8477769404672193,0.5970468649689706,0.25073007549824866,0.11921521388292394
0.6526666666666666,0.8477769404672193,0.5972608602610743,0.250516080206145,0.11921088412938777
0.6528333333333334,0.8485305199698568,0.5972608602610743,0.25126965970878257,0.11917688032915032
0.653,0.8485305199698568,0.5974748555531778,0.25105566441667904,0.11917196740845813
0.6531666666666667,0.8485305199698568,0.5976888508452814,0.2508416691245754,0.11916727595234819
0.6533333333333333,0.8492840994724944,0.5976888508452814,0.25159524862721294,0.11913149788439727
0.6535,0.8492840994724944,0.597902846137385,0.2513812533351094,0.11906048007498374
0.6536666666666666,0.8492840994724944,0.5981168414294885,0.2511672580430059,0.11905322171527817
0.6538333333333334,0.8500376789751318,0.5981168414294885,0.2519208375456433,0.11899189619997963
0.654,0.8500376789751318,0.5983308367215922,0.2517068422535397,0.11897566196096315
0.6541666666666667,0.8500376789751318,0.5985448320136957,0.25149284696143615,0.11893890064738688
0.6543333333333333,0.8500376789751318,0.5987588273057993,0.2512788516693325,0.11891594833698756
0.6545,0.8507912584777694,0.5987588273057993,0.25203243117197005,0.11891300825675204
0.6546666666666666,0.8507912584777694,0.5989728225979029,0.2518184358798665,0.11885653480153946
0.6548333333333334,0.8507912584777694,0.5991868178900064,0.251604440587763,0.1188488559229869
0.655,0.8507912584777694,0.59940081318211,0.25139044529565935,0.11880686773906947
0.6551666666666667,0.8515448379804069,0.59940081318211,0.2521440247982969,0.11879496140365194
0.6553333333333333,0.8515448379804069,0.5996148084742136,0.25193002950619336,0.11869539909060034
0.6555,0.8515448379804069,0.5998288037663171,0.25171603421408983,0.11868462140958622
0.6556666666666666,0.8515448379804069,0.6000427990584207,0.2515020389219862,0.11867306655462699
0.6558333333333334,0.8515448379804069,0.6002567943505243,0.25128804362988266,0.11867064339935102
0.656,0.8515448379804069,0.6004707896426279,0.251074048337779,0.11862499893942208
0.6561666666666667,0.8515448379804069,0.6006847849347314,0.2508600530456755,0.11862492671732575
0.6563333333333333,0.8515448379804069,0.600898780226835,0.25064605775357196,0.11861528878939394
0.6565,0.8515448379804069,0.6011127755189386,0.2504320624614683,0.11858515032579828
0.6566666666666666,0.8515448379804069,0.6013267708110421,0.2502180671693648,0.11856659957702768
0.6568333333333334,0.8515448379804069,0.6015407661031458,0.25000407187726115,0.11853387991968874
0.657,0.8515448379804069,0.6017547613952493,0.24979007658515762,0.11852497941265888
0.6571666666666667,0.8515448379804069,0.6019687566873528,0.2495760812930541,0.1185172618063962
0.6573333333333333,0.8522984174830445,0.6019687566873528,0.25032966079569163,0.11849680249780324
0.6575,0.8522984174830445,0.6021827519794565,0.250115665503588,0.11846220045472579
0.6576666666666666,0.8522984174830445,0.60239674727156,0.24990167021148446,0.11846063907988455
0.6578333333333334,0.8522984174830445,0.6026107425636636,0.24968767491938082,0.1183820566338363
0.658,0.8522984174830445,0.6028247378557672,0.2494736796272773,0.11836593714990928
0.6581666666666667,0.8522984174830445,0.6030387331478707,0.24925968433517376,0.11829858644361708
0.6583333333333333,0.8522984174830445,0.6032527284399744,0.24904568904307012,0.11818603309065741
0.6585,0.8522984174830445,0.6034667237320779,0.2488316937509666,0.11818473386498185
0.6586666666666666,0.8522984174830445,0.6036807190241815,0.24861769845886295,0.11813714010787131
0.6588333333333334,0.8522984174830445,0.603894714316285,0.24840370316675942,0.11811701755184123
0.659,0.8522984174830445,0.6041087096083886,0.24818970787465588,0.11810639069904791
0.6591666666666667,0.8522984174830445,0.6043227049004922,0.24797571258255224,0.11809803549621471
0.6593333333333333,0.8522984174830445,0.6045367001925958,0.2477617172904487,0.118095753989127
0.6595,0.8522984174830445,0.6047506954846993,0.24754772199834518,0.11806869558042754
0.6596666666666666,0.8522984174830445,0.6049646907768029,0.24733372670624154,0.11806226041831186
0.6598333333333334,0.8522984174830445,0.6051786860689065,0.247119731414138,0.1180458886507818
0.66,0.8522984174830445,0.6053926813610101,0.24690573612203437,0.11802586721562734
0.6601666666666667,0.853051996985682,0.6053926813610101,0.24765931562467192,0.11800851581645237
0.6603333333333333,0.853051996985682,0.6056066766531136,0.24744532033256839,0.11797566160617763
0.6605,0.853051996985682,0.6058206719452172,0.24723132504046486,0.11797501069917332
0.6606666666666666,0.853051996985682,0.6060346672373208,0.24701732974836121,0.11789022826217897
0.6608333333333334,0.853051996985682,0.6062486625294243,0.24680333445625768,0.11784754243508928
0.661,0.8538055764883196,0.6062486625294243,0.24755691395889523,0.11784642320745355
0.6611666666666667,0.8538055764883196,0.606462657821528,0.2473429186667916,0.11783452756650953
0.6613333333333333,0.854559155990957,0.606462657821528,0.24809649816942903,0.11778115069962537
0.6615,0.8553127354935945,0.606462657821528,0.24885007767206657,0.11777893273884295
0.6616666666666666,0.8553127354935945,0.6066766531136315,0.24863608237996304,0.11776220099435104
0.6618333333333334,0.8560663149962321,0.6066766531136315,0.2493896618826006,0.1177045432682099
0.662,0.8560663149962321,0.606890648405735,0.24917566659049706,0.11769831901894212
0.6621666666666667,0.8560663149962321,0.6071046436978387,0.24896167129839342,0.11769345234210474
0.6623333333333333,0.8560663149962321,0.6073186389899422,0.2487476760062899,0.11763491705177716
0.6625,0.8560663149962321,0.6075326342820458,0.24853368071418624,0.11760879934947115
0.6626666666666666,0.8560663149962321,0.6077466295741494,0.24831968542208271,0.11760534468566274
0.6628333333333334,0.8560663149962321,0.6079606248662529,0.24810569012997918,0.11758072606748932
0.663,0.8560663149962321,0.6081746201583565,0.24789169483787554,0.11755278136092503
0.6631666666666667,0.8560663149962321,0.6083886154504601,0.247677699545772,0.11753096815669745
0.6633333333333333,0.8560663149962321,0.6086026107425636,0.24746370425366848,0.11752522723093647
0.6635,0.8560663149962321,0.6088166060346673,0.24724970896156484,0.11752354338210835
0.6636666666666666,0.8560663149962321,0.6090306013267708,0.2470357136694613,0.11751534213121113
0.6638333333333334,0.8560663149962321,0.6092445966188744,0.24682171837735767,0.11749568795398779
0.664,0.8560663149962321,0.609458591910978,0.24660772308525414,0.11743626195326201
0.6641666666666667,0.8560663149962321,0.6096725872030815,0.2463937277931506,0.11743400957414038
0.6643333333333333,0.8560663149962321,0.6098865824951851,0.24617973250104697,0.1173956524865185
0.6645,0.8560663149962321,0.6101005777872887,0.24596573720894344,0.1173587648735822
0.6646666666666666,0.8568198944988696,0.6101005777872887,0.24671931671158098,0.11728273186952502
0.6648333333333334,0.8568198944988696,0.6103145730793923,0.24650532141947734,0.11727331010034896
0.665,0.8568198944988696,0.6105285683714958,0.2462913261273738,0.11725478999152121
0.6651666666666667,0.8568198944988696,0.6107425636635994,0.24607733083527028,0.11723866005641577
0.6653333333333333,0.8568198944988696,0.610956558955703,0.24586333554316664,0.11723677225685267
0.6655,0.8575734740015072,0.610956558955703,0.24661691504580419,0.11720939337933302
0.6656666666666666,0.8575734740015072,0.6111705542478065,0.24640291975370066,0.11715008655130875
0.6658333333333334,0.8575734740015072,0.6113845495399102,0.24618892446159701,0.11712051813369058
0.666,0.8583270535041447,0.6113845495399102,0.24694250396423456,0.11711050653743817
0.6661666666666667,0.8583270535041447,0.6115985448320137,0.24672850867213103,0.11709638265373125
0.6663333333333333,0.8583270535041447,0.6118125401241172,0.2465145133800275,0.1170894094025536
0.6665,0.8583270535041447,0.6120265354162209,0.24630051808792386,0.11708827753015412
0.6666666666666666,0.8583270535041447,0.6122405307083244,0.24608652279582033,0.11707573025475101
0.6668333333333333,0.8583270535041447,0.612454526000428,0.2458725275037167,0.11707087939474958
0.667,0.8583270535041447,0.6126685212925316,0.24565853221161316,0.11706315199557589
0.6671666666666667,0.8583270535041447,0.6128825165846351,0.24544453691950963,0.11704396123321656
0.6673333333333333,0.8583270535041447,0.6130965118767387,0.24523054162740598,0.11698855350440841
0.6675,0.8583270535041447,0.6133105071688423,0.24501654633530245,0.11696437453952892
0.6676666666666666,0.8583270535041447,0.6135245024609458,0.24480255104319892,0.11691753085802102
0.6678333333333333,0.8590806330067822,0.6135245024609458,0.24555613054583636,0.11689137263662026
0.668,0.8590806330067822,0.6137384977530495,0.24534213525373272,0.11689092442792132
0.6681666666666667,0.8590806330067822,0.613952493045153,0.2451281399616292,0.11684721764175998
0.6683333333333333,0.8590806330067822,0.6141664883372566,0.24491414466952555,0.1168412648202421
0.6685,0.8598342125094197,0.6141664883372566,0.2456677241721631,0.1168270303824831
0.6686666666666666,0.8605877920120573,0.6141664883372566,0.24642130367480064,0.1167912658317155
0.6688333333333333,0.8605877920120573,0.6143804836293602,0.2462073083826971,0.11676418705954508
0.669,0.8605877920120573,0.6145944789214637,0.24599331309059358,0.11673095536811005
0.6691666666666667,0.8605877920120573,0.6148084742135673,0.24577931779848994,0.11669750713830354
0.6693333333333333,0.8613413715146948,0.6148084742135673,0.24653289730112748,0.11667139855556713
0.6695,0.8613413715146948,0.6150224695056709,0.24631890200902395,0.11666939973040034
0.6696666666666666,0.8613413715146948,0.6152364647977745,0.2461049067169203,0.11665786244653935
0.6698333333333333,0.8613413715146948,0.615450460089878,0.24589091142481678,0.11662662092548946
0.67,0.8613413715146948,0.6156644553819816,0.24567691613271325,0.11661414302742093
0.6701666666666667,0.8613413715146948,0.6158784506740852,0.2454629208406096,0.11658881472737342
0.6703333333333333,0.8613413715146948,0.6160924459661887,0.24524892554850608,0.11655133956168463
0.6705,0.8613413715146948,0.6163064412582924,0.24503493025640244,0.11655074526234872
0.6706666666666666,0.8613413715146948,0.6165204365503959,0.2448209349642989,0.1165477622109161
0.6708333333333333,0.8613413715146948,0.6167344318424994,0.24460693967219538,0.1165274684550079
0.671,0.8613413715146948,0.6169484271346031,0.24439294438009174,0.11648226604040347
0.6711666666666667,0.8613413715146948,0.6171624224267066,0.2441789490879882,0.11646026595037123
0.6713333333333333,0.8613413715146948,0.6173764177188101,0.24396495379588468,0.11645445006851352
0.6715,0.8620949510173324,0.6173764177188101,0.24471853329852222,0.11642992041371134
0.6716666666666666,0.8620949510173324,0.6175904130109138,0.24450453800641858,0.11641004127426428
0.6718333333333333,0.8620949510173324,0.6178044083030173,0.24429054271431505,0.11637905714186461
0.672,0.8620949510173324,0.618018403595121,0.2440765474222114,0.11636337333975517
0.6721666666666667,0.8620949510173324,0.6182323988872245,0.24386255213010788,0.11632614777290426
0.6723333333333333,0.8628485305199699,0.6182323988872245,0.24461613163274543,0.11629079437233615
0.6725,0.8636021100226073,0.6182323988872245,0.24536971113538286,0.11621735597820353
0.6726666666666666,0.8636021100226073,0.618446394179328,0.24515571584327933,0.11621557143599627
0.6728333333333333,0.8636021100226073,0.6186603894714316,0.2449417205511757,0.11620796434674303
0.673,0.8643556895252449,0.6186603894714316,0.24569530005381324,0.116196579909825
0.6731666666666667,0.8651092690278824,0.6186603894714316,0.24644887955645078,0.11618875758328065
0.6733333333333333,0.8651092690278824,0.6188743847635352,0.24623488426434725,0.11616016843225828
0.6735,0.86586284853052,0.6188743847635352,0.2469884637669848,0.1161323957301798
0.6736666666666666,0.86586284853052,0.6190883800556388,0.24677446847488116,0.11612030303940772
0.6738333333333333,0.86586284853052,0.6193023753477424,0.24656047318277763,0.11611038705236017
0.674,0.86586284853052,0.6195163706398459,0.2463464778906741,0.11607142586915324
0.6741666666666667,0.86586284853052,0.6197303659319495,0.24613248259857046,0.11605858475126593
0.6743333333333333,0.8666164280331575,0.6197303659319495,0.246886062101208,0.11604260490228492
0.6745,0.8666164280331575,0.619944361224053,0.24667206680910447,0.11601668865511973
0.6746666666666666,0.8666164280331575,0.6201583565161567,0.24645807151700083,0.11599745788082914
0.6748333333333333,0.8666164280331575,0.6203723518082602,0.2462440762248973,0.11597663647469524
0.675,0.8673700075357951,0.6203723518082602,0.24699765572753485,0.11597441733609219
0.6751666666666667,0.8673700075357951,0.6205863471003638,0.24678366043543132,0.11597381556823223
0.6753333333333333,0.8673700075357951,0.6208003423924674,0.24656966514332768,0.11590016341746512
0.6755,0.8673700075357951,0.6210143376845709,0.24635566985122415,0.11586645659257586
0.6756666666666666,0.8673700075357951,0.6212283329766745,0.24614167455912062,0.11584851712088043
0.6758333333333333,0.8681235870384325,0.6212283329766745,0.24689525406175805,0.11581526976742404
0.676,0.8681235870384325,0.6214423282687781,0.2466812587696544,0.11576962529723235
0.6761666666666667,0.8681235870384325,0.6216563235608816,0.24646726347755088,0.11573111312104098
0.6763333333333333,0.8681235870384325,0.6218703188529853,0.24625326818544724,0.11571635851098792
0.6765,0.8681235870384325,0.6220843141450888,0.2460392728933437,0.1156755341124631
0.6766666666666666,0.8681235870384325,0.6222983094371923,0.24582527760124018,0.11565356687336582
0.6768333333333333,0.8688771665410701,0.6222983094371923,0.24657885710387772,0.11565210507523267
0.677,0.8688771665410701,0.622512304729296,0.24636486181177408,0.11564482157331873
0.6771666666666667,0.8688771665410701,0.6227263000213995,0.24615086651967055,0.1156289830712014
0.6773333333333333,0.8688771665410701,0.6229402953135031,0.2459368712275669,0.11562101938995725
0.6775,0.8688771665410701,0.6231542906056067,0.24572287593546338,0.11561231555004782
0.6776666666666666,0.8688771665410701,0.6233682858977102,0.24550888064335985,0.1156072807831849
0.6778333333333333,0.8688771665410701,0.6235822811898138,0.2452948853512562,0.11558547710580451
0.678,0.8696307460437076,0.6235822811898138,0.24604846485389376,0.11556159003199219
0.6781666666666667,0.8696307460437076,0.6237962764819174,0.24583446956179023,0.11552828771143879
0.6783333333333333,0.8696307460437076,0.624010271774021,0.24562047426968658,0.11548067048842016
0.6785,0.8696307460437076,0.6242242670661245,0.24540647897758305,0.11547183697093577
0.6786666666666666,0.8703843255463452,0.6242242670661245,0.2461600584802206,0.11543849865419967
0.6788333333333333,0.8703843255463452,0.6244382623582281,0.24594606318811707,0.11540098453528225
0.679,0.8703843255463452,0.6246522576503317,0.24573206789601343,0.11539824991533099
0.6791666666666667,0.8703843255463452,0.6248662529424353,0.2455180726039099,0.11538823818601732
0.6793333333333333,0.8703843255463452,0.6250802482345389,0.24530407731180626,0.11536384468884832
0.6795,0.8703843255463452,0.6252942435266424,0.24509008201970273,0.11534871957011057
0.6796666666666666,0.8703843255463452,0.625508238818746,0.2448760867275992,0.1153395294539192
0.6798333333333333,0.8703843255463452,0.6257222341108496,0.24466209143549555,0.11533046155402919
0.68,0.8703843255463452,0.6259362294029531,0.24444809614339202,0.11525563608989248
0.6801666666666667,0.8703843255463452,0.6261502246950567,0.2442341008512885,0.11524843611467935
0.6803333333333333,0.8703843255463452,0.6263642199871603,0.24402010555918485,0.11521834040132535
0.6805,0.8703843255463452,0.6265782152792638,0.24380611026708132,0.11520847545984768
0.6806666666666666,0.8703843255463452,0.6267922105713675,0.24359211497497768,0.11520606815226073
0.6808333333333333,0.8703843255463452,0.627006205863471,0.24337811968287415,0.11519681607928182
0.681,0.8703843255463452,0.6272202011555745,0.24316412439077062,0.11518752603358696
0.6811666666666667,0.8711379050489827,0.6272202011555745,0.24391770389340817,0.11512680715211121
0.6813333333333333,0.8711379050489827,0.6274341964476782,0.24370370860130453,0.1150534723658602
0.6815,0.8711379050489827,0.6276481917397817,0.243489713309201,0.11502352607934546
0.6816666666666666,0.8711379050489827,0.6278621870318853,0.24327571801709735,0.11499656169724709
0.6818333333333333,0.8711379050489827,0.6280761823239889,0.24306172272499382,0.11499279252549116
0.682,0.8711379050489827,0.6282901776160924,0.2428477274328903,0.11498584097334513
0.6821666666666667,0.8711379050489827,0.628504172908196,0.24263373214078665,0.11493107769943656
0.6823333333333333,0.8711379050489827,0.6287181682002996,0.24241973684868312,0.1149177546802946
0.6825,0.8711379050489827,0.6289321634924032,0.24220574155657948,0.11491462586708177
0.6826666666666666,0.8711379050489827,0.6291461587845067,0.24199174626447595,0.1149051740207521
0.6828333333333333,0.8711379050489827,0.6293601540766103,0.24177775097237242,0.1148919502457026
0.683,0.8711379050489827,0.6295741493687139,0.24156375568026878,0.11484645331485062
0.6831666666666667,0.8711379050489827,0.6297881446608175,0.24134976038816525,0.1148457037515866
0.6833333333333333,0.8711379050489827,0.630002139952921,0.24113576509606172,0.11483926515525686
0.6835,0.8711379050489827,0.6302161352450246,0.24092176980395807,0.11481519107325583
0.6836666666666666,0.8711379050489827,0.6304301305371282,0.24070777451185454,0.11474795655757632
0.6838333333333333,0.8711379050489827,0.6306441258292318,0.2404937792197509,0.11474316484859598
0.684,0.8711379050489827,0.6308581211213353,0.24027978392764737,0.11471767517301014
0.6841666666666667,0.8718914845516202,0.6308581211213353,0.24103336343028492,0.11469389281147764
0.6843333333333333,0.8718914845516202,0.6310721164134389,0.2408193681381814,0.114675437865213
0.6845,0.8718914845516202,0.6312861117055425,0.24060537284607775,0.11459926778032718
0.6846666666666666,0.8718914845516202,0.631500106997646,0.24039137755397422,0.11456540536818731
0.6848333333333333,0.8718914845516202,0.6317141022897497,0.24017738226187058,0.11456516758768619
0.685,0.8718914845516202,0.6319280975818532,0.23996338696976705,0.1145636731511972
0.6851666666666667,0.8718914845516202,0.6321420928739567,0.23974939167766351,0.11455957794029088
0.6853333333333333,0.8718914845516202,0.6323560881660604,0.23953539638555987,0.1145584225103343
0.6855,0.8718914845516202,0.6325700834581639,0.23932140109345634,0.1145513546518023
0.6856666666666666,0.8718914845516202,0.6327840787502675,0.2391074058013527,0.11450096772592087
0.6858333333333333,0.8718914845516202,0.6329980740423711,0.23889341050924917,0.11449503185929606
0.686,0.8718914845516202,0.6332120693344746,0.23867941521714564,0.11442606603264889
0.6861666666666667,0.8718914845516202,0.6334260646265782,0.238465419925042,0.1143849095929306
0.6863333333333334,0.8718914845516202,0.6336400599186818,0.23825142463293847,0.11433849097373618
0.6865,0.8718914845516202,0.6338540552107854,0.23803742934083483,0.11431934875433694
0.6866666666666666,0.8718914845516202,0.634068050502889,0.2378234340487313,0.11427492688200483
0.6868333333333333,0.8718914845516202,0.6342820457949925,0.23760943875662777,0.11423920010776531
0.687,0.8718914845516202,0.6344960410870961,0.23739544346452413,0.1142208066472257
0.6871666666666667,0.8726450640542577,0.6344960410870961,0.23814902296716156,0.11421581879392947
0.6873333333333334,0.8726450640542577,0.6347100363791996,0.23793502767505803,0.11420372969627102
0.6875,0.8726450640542577,0.6349240316713032,0.2377210323829545,0.11417118667731678
0.6876666666666666,0.8733986435568952,0.6349240316713032,0.23847461188559205,0.11414840723452646
0.6878333333333333,0.8741522230595328,0.6349240316713032,0.2392281913882296,0.11412856220347577
0.688,0.8741522230595328,0.6351380269634068,0.23901419609612595,0.11412204236029169
0.6881666666666667,0.8741522230595328,0.6353520222555104,0.23880020080402242,0.11411293886580341
0.6883333333333334,0.8741522230595328,0.635566017547614,0.23858620551191878,0.11409280480518774
0.6885,0.8741522230595328,0.6357800128397175,0.23837221021981525,0.11409240907536067
0.6886666666666666,0.8741522230595328,0.635994008131821,0.23815821492771172,0.11406587781374485
0.6888333333333333,0.8741522230595328,0.6362080034239247,0.23794421963560808,0.11403506226431107
0.689,0.8749058025621703,0.6362080034239247,0.23869779913824563,0.11400882176889601
0.6891666666666667,0.8749058025621703,0.6364219987160282,0.2384838038461421,0.1139268640120394
0.6893333333333334,0.8749058025621703,0.6366359940081319,0.23826980855403845,0.11392348525920815
0.6895,0.8749058025621703,0.6368499893002354,0.23805581326193492,0.1139002087763803
0.6896666666666667,0.8749058025621703,0.6370639845923389,0.2378418179698314,0.11389762389364232
0.6898333333333333,0.8749058025621703,0.6372779798844426,0.23762782267772775,0.11387528288822558
0.69,0.8749058025621703,0.6374919751765461,0.23741382738562422,0.11386982786954822
0.6901666666666667,0.8749058025621703,0.6377059704686497,0.23719983209352058,0.11380448264608323
0.6903333333333334,0.8749058025621703,0.6379199657607533,0.23698583680141705,0.11379811951146315
0.6905,0.8756593820648079,0.6379199657607533,0.2377394163040546,0.11376063880507888
0.6906666666666667,0.8756593820648079,0.6381339610528568,0.23752542101195107,0.11372470860819504
0.6908333333333333,0.8756593820648079,0.6383479563449604,0.23731142571984742,0.11370076996580537
0.691,0.8764129615674454,0.6383479563449604,0.23806500522248497,0.11369177972742565
0.6911666666666667,0.8764129615674454,0.638561951637064,0.23785100993038144,0.1136494303334612
0.6913333333333334,0.8764129615674454,0.6387759469291675,0.2376370146382779,0.11363372644573225
0.6915,0.8764129615674454,0.6389899422212711,0.23742301934617427,0.11355911374838885
0.6916666666666667,0.8764129615674454,0.6392039375133747,0.23720902405407074,0.11353369203976924
0.6918333333333333,0.8764129615674454,0.6394179328054783,0.2369950287619671,0.11351577750512164
0.692,0.8764129615674454,0.6396319280975818,0.23678103346986357,0.11351164791907348
0.6921666666666667,0.8764129615674454,0.6398459233896854,0.23656703817776004,0.11350851367345138
0.6923333333333334,0.8764129615674454,0.640059918681789,0.2363530428856564,0.11347234614467029
0.6925,0.8764129615674454,0.6402739139738926,0.23613904759355286,0.11346133755155298
0.6926666666666667,0.8764129615674454,0.6404879092659962,0.23592505230144922,0.11345132984677898
0.6928333333333333,0.8764129615674454,0.6407019045580997,0.2357110570093457,0.11342140448550929
0.693,0.8764129615674454,0.6409158998502033,0.23549706171724216,0.11341363184458424
0.6931666666666667,0.8764129615674454,0.6411298951423069,0.23528306642513852,0.11340185877344042
0.6933333333333334,0.8764129615674454,0.6413438904344104,0.235069071133035,0.11336231315504569
0.6935,0.8764129615674454,0.6415578857265141,0.23485507584093135,0.11332239838578739
0.6936666666666667,0.8764129615674454,0.6417718810186176,0.23464108054882782,0.11331325740689303
0.6938333333333333,0.8764129615674454,0.6419858763107211,0.2344270852567243,0.11328602022643887
0.694,0.8771665410700829,0.6419858763107211,0.23518066475936172,0.1132472215962815
0.6941666666666667,0.8771665410700829,0.6421998716028248,0.23496666946725808,0.1132383880185866
0.6943333333333334,0.8771665410700829,0.6424138668949283,0.23475267417515455,0.11322349160435202
0.6945,0.8771665410700829,0.6426278621870319,0.2345386788830509,0.1132108044961956
0.6946666666666667,0.8771665410700829,0.6428418574791355,0.23432468359094738,0.1131958148580382
0.6948333333333333,0.8771665410700829,0.643055852771239,0.23411068829884385,0.11319423328303943
0.695,0.8771665410700829,0.6432698480633426,0.2338966930067402,0.11317142145622815
0.6951666666666667,0.8771665410700829,0.6434838433554462,0.23368269771463668,0.11315041840339578
0.6953333333333334,0.8771665410700829,0.6436978386475497,0.23346870242253315,0.1131369394392327
0.6955,0.8771665410700829,0.6439118339396533,0.2332547071304295,0.1131046250635957
0.6956666666666667,0.8771665410700829,0.6441258292317569,0.23304071183832598,0.11304954915102679
0.6958333333333333,0.8771665410700829,0.6443398245238605,0.23282671654622233,0.113048993490371
0.696,0.8779201205727204,0.6443398245238605,0.23358029604885988,0.11304032060902762
0.6961666666666667,0.8779201205727204,0.644553819815964,0.23336630075675635,0.11303403649348158
0.6963333333333334,0.8779201205727204,0.6447678151080676,0.23315230546465282,0.11299968518113715
0.6965,0.8779201205727204,0.6449818104001712,0.23293831017254918,0.11297788759638773
0.6966666666666667,0.8779201205727204,0.6451958056922747,0.23272431488044565,0.11297346601616184
0.6968333333333333,0.8779201205727204,0.6454098009843784,0.232510319588342,0.11295854057117602
0.697,0.8779201205727204,0.6456237962764819,0.23229632429623848,0.112900614669654
0.6971666666666667,0.8779201205727204,0.6458377915685855,0.23208232900413495,0.11284536042346653
0.6973333333333334,0.8786737000753579,0.6458377915685855,0.2328359085067725,0.11284130240102823
0.6975,0.8786737000753579,0.6460517868606891,0.23262191321466885,0.11283768628540918
0.6976666666666667,0.8794272795779955,0.6460517868606891,0.2333754927173064,0.11282437367455764
0.6978333333333333,0.8794272795779955,0.6462657821527926,0.23316149742520287,0.11280346234288942
0.698,0.8794272795779955,0.6464797774448963,0.23294750213309923,0.11277854598309574
0.6981666666666667,0.8794272795779955,0.6466937727369998,0.2327335068409957,0.11276738166059194
0.6983333333333334,0.8794272795779955,0.6469077680291033,0.23251951154889217,0.1127557874201672
0.6985,0.8794272795779955,0.647121763321207,0.23230551625678852,0.1127333060766171
0.6986666666666667,0.8794272795779955,0.6473357586133105,0.232091520964685,0.11271690491435614
0.6988333333333333,0.8794272795779955,0.647549753905414,0.23187752567258146,0.11269957572582669
0.699,0.8794272795779955,0.6477637491975177,0.23166353038047782,0.1126827681081947
0.6991666666666667,0.8794272795779955,0.6479777444896212,0.2314495350883743,0.11263794053887888
0.6993333333333334,0.8794272795779955,0.6481917397817248,0.23123553979627065,0.11263729477324314
0.6995,0.8794272795779955,0.6484057350738284,0.23102154450416712,0.11259939719279412
0.6996666666666667,0.8794272795779955,0.6486197303659319,0.2308075492120636,0.11258156621208197
0.6998333333333333,0.8794272795779955,0.6488337256580355,0.23059355391995995,0.11253935480755868
0.7,0.8794272795779955,0.6490477209501391,0.23037955862785642,0.11252944761804876
0.7001666666666667,0.8794272795779955,0.6492617162422427,0.23016556333575278,0.11243501850684223
0.7003333333333334,0.8794272795779955,0.6494757115343462,0.22995156804364925,0.11236013842303505
0.7005,0.8794272795779955,0.6496897068264498,0.22973757275154572,0.11234124391492954
0.7006666666666667,0.8794272795779955,0.6499037021185534,0.22952357745944207,0.11233683598577439
0.7008333333333333,0.8794272795779955,0.650117697410657,0.22930958216733854,0.11231950366148333
0.701,0.8794272795779955,0.6503316927027606,0.2290955868752349,0.1123150399921872
0.7011666666666667,0.8794272795779955,0.6505456879948641,0.22888159158313137,0.11230106440427613
0.7013333333333334,0.8794272795779955,0.6507596832869676,0.22866759629102784,0.11229911955644925
0.7015,0.8794272795779955,0.6509736785790713,0.2284536009989242,0.11227544891458315
0.7016666666666667,0.8794272795779955,0.6511876738711748,0.22823960570682067,0.11227104398381378
0.7018333333333333,0.8794272795779955,0.6514016691632785,0.22802561041471703,0.11223532043368403
0.702,0.8794272795779955,0.651615664455382,0.2278116151226135,0.11219506266698319
0.7021666666666667,0.8794272795779955,0.6518296597474855,0.22759761983050997,0.112169998306014
0.7023333333333334,0.880180859080633,0.6518296597474855,0.22835119933314751,0.11212445175494608
0.7025,0.880180859080633,0.6520436550395892,0.22813720404104387,0.11204619029171271
0.7026666666666667,0.880180859080633,0.6522576503316927,0.22792320874894034,0.1120117695824808
0.7028333333333333,0.880180859080633,0.6524716456237962,0.2277092134568368,0.11193643558873674
0.703,0.8809344385832706,0.6524716456237962,0.22846279295947436,0.11192682866505448
0.7031666666666667,0.8809344385832706,0.6526856409158999,0.22824879766737072,0.1119229893527696
0.7033333333333334,0.8809344385832706,0.6528996362080034,0.2280348023752672,0.11191928285107312
0.7035,0.8809344385832706,0.653113631500107,0.22782080708316355,0.11191761272964731
0.7036666666666667,0.8809344385832706,0.6533276267922106,0.22760681179106002,0.11190409392798994
0.7038333333333333,0.8809344385832706,0.6535416220843141,0.22739281649895648,0.11183257635572541
0.704,0.8809344385832706,0.6537556173764177,0.22717882120685284,0.11182044378166262
0.7041666666666667,0.8809344385832706,0.6539696126685213,0.2269648259147493,0.11181962629471608
0.7043333333333334,0.8809344385832706,0.6541836079606249,0.22675083062264567,0.111805965058432
0.7045,0.8809344385832706,0.6543976032527284,0.22653683533054214,0.11176521998621533
0.7046666666666667,0.8809344385832706,0.654611598544832,0.2263228400384386,0.11175953716399674
0.7048333333333333,0.8809344385832706,0.6548255938369356,0.22610884474633497,0.11174871293033944
0.705,0.881688018085908,0.6548255938369356,0.2268624242489724,0.11172110315770041
0.7051666666666667,0.881688018085908,0.6550395891290391,0.22664842895686887,0.11172014094789176
0.7053333333333334,0.881688018085908,0.6552535844211428,0.22643443366476523,0.1117198789509548
0.7055,0.881688018085908,0.6554675797132463,0.2262204383726617,0.1116056323263074
0.7056666666666667,0.881688018085908,0.6556815750053498,0.22600644308055817,0.1115909303108367
0.7058333333333333,0.8824415975885456,0.6556815750053498,0.22676002258319572,0.11158568513498372
0.706,0.8824415975885456,0.6558955702974535,0.22654602729109208,0.11157127888926083
0.7061666666666667,0.8824415975885456,0.656109565589557,0.22633203199898855,0.11156140675303729
0.7063333333333334,0.8824415975885456,0.6563235608816606,0.22611803670688502,0.11154347975546157
0.7065,0.8824415975885456,0.6565375561737642,0.22590404141478138,0.11153601138381933
0.7066666666666667,0.8824415975885456,0.6567515514658677,0.22569004612267785,0.11151894349476758
0.7068333333333333,0.8824415975885456,0.6569655467579714,0.2254760508305742,0.11151766339066564
0.707,0.8824415975885456,0.6571795420500749,0.22526205553847067,0.11150421634111392
0.7071666666666667,0.8824415975885456,0.6573935373421784,0.22504806024636714,0.11149713192152265
0.7073333333333334,0.8824415975885456,0.6576075326342821,0.2248340649542635,0.11148241146577315
0.7075,0.8824415975885456,0.6578215279263856,0.22462006966215997,0.11147668136357371
0.7076666666666667,0.8824415975885456,0.6580355232184892,0.22440607437005633,0.11147645331050653
0.7078333333333333,0.8824415975885456,0.6582495185105928,0.2241920790779528,0.11147356280631494
0.708,0.8831951770911831,0.6582495185105928,0.22494565858059035,0.1114642164256588
0.7081666666666667,0.8831951770911831,0.6584635138026963,0.22473166328848682,0.1113704155268029
0.7083333333333334,0.8831951770911831,0.6586775090947999,0.22451766799638317,0.11136873736865886
0.7085,0.8831951770911831,0.6588915043869035,0.22430367270427964,0.1113516837755011
0.7086666666666667,0.8831951770911831,0.6591054996790071,0.224089677412176,0.11131813697484458
0.7088333333333333,0.8831951770911831,0.6593194949711106,0.22387568212007247,0.1112804588796106
0.709,0.8831951770911831,0.6595334902632142,0.22366168682796894,0.11122579475242617
0.7091666666666666,0.8831951770911831,0.6597474855553178,0.2234476915358653,0.11122201172029555
0.7093333333333334,0.8839487565938207,0.6597474855553178,0.22420127103850285,0.11121951349533654
0.7095,0.8839487565938207,0.6599614808474213,0.22398727574639932,0.1112108604273217
0.7096666666666667,0.8847023360964582,0.6599614808474213,0.22474085524903686,0.11116558751221135
0.7098333333333333,0.8847023360964582,0.6601754761395249,0.22452685995693333,0.11109956825138079
0.71,0.8854559155990958,0.6601754761395249,0.22528043945957088,0.11108624660026088
0.7101666666666666,0.8854559155990958,0.6603894714316285,0.22506644416746724,0.11107151515927698
0.7103333333333334,0.8854559155990958,0.660603466723732,0.2248524488753637,0.11106535423479046
0.7105,0.8854559155990958,0.6608174620158357,0.22463845358326007,0.11104619444069222
0.7106666666666667,0.8854559155990958,0.6610314573079392,0.22442445829115654,0.11103328112222467
0.7108333333333333,0.8854559155990958,0.6612454526000427,0.224210462999053,0.11096770583987352
0.711,0.8854559155990958,0.6614594478921464,0.22399646770694936,0.1109310844557269
0.7111666666666666,0.8862094951017332,0.6614594478921464,0.2247500472095868,0.11091053865063899
0.7113333333333334,0.8869630746043707,0.6614594478921464,0.22550362671222435,0.11089455729014565
0.7115,0.8869630746043707,0.6616734431842499,0.22528963142012082,0.11089419401176041
0.7116666666666667,0.8869630746043707,0.6618874384763536,0.22507563612801718,0.11088423193837858
0.7118333333333333,0.8869630746043707,0.6621014337684571,0.22486164083591365,0.11088324017079297
0.712,0.8869630746043707,0.6623154290605606,0.22464764554381011,0.1108613629431333
0.7121666666666666,0.8877166541070083,0.6623154290605606,0.22540122504644766,0.11085819753014996
0.7123333333333334,0.8884702336096458,0.6623154290605606,0.2261548045490852,0.11082850302817687
0.7125,0.8884702336096458,0.6625294243526643,0.22594080925698157,0.11080187623138883
0.7126666666666667,0.8884702336096458,0.6627434196447678,0.22572681396487804,0.11075825796779057
0.7128333333333333,0.8884702336096458,0.6629574149368714,0.2255128186727744,0.11074830210876155
0.713,0.8884702336096458,0.663171410228975,0.22529882338067087,0.11072864898175987
0.7131666666666666,0.8884702336096458,0.6633854055210785,0.22508482808856733,0.11072145747432031
0.7133333333333334,0.8884702336096458,0.6635994008131821,0.2248708327964637,0.11071629244012775
0.7135,0.8884702336096458,0.6638133961052857,0.22465683750436016,0.11070899537602637
0.7136666666666667,0.8884702336096458,0.6640273913973893,0.22444284221225652,0.11070811144518775
0.7138333333333333,0.8884702336096458,0.6642413866894928,0.224228846920153,0.11066551548586788
0.714,0.8884702336096458,0.6644553819815964,0.22401485162804946,0.11063509807741369
0.7141666666666666,0.8884702336096458,0.6646693772737,0.22380085633594582,0.11059230365448734
0.7143333333333334,0.8884702336096458,0.6648833725658035,0.2235868610438423,0.11058284529330005
0.7145,0.8884702336096458,0.6650973678579071,0.22337286575173876,0.11058273279271523
0.7146666666666667,0.8884702336096458,0.6653113631500107,0.22315887045963512,0.11058077409355503
0.7148333333333333,0.8884702336096458,0.6655253584421142,0.2229448751675316,0.11054802756551389
0.715,0.8884702336096458,0.6657393537342179,0.22273087987542795,0.11054148045827854
0.7151666666666666,0.8884702336096458,0.6659533490263214,0.22251688458332441,0.11053297881123397
0.7153333333333334,0.8892238131122834,0.6659533490263214,0.22327046408596196,0.11042448311228308
0.7155,0.8892238131122834,0.666167344318425,0.22305646879385843,0.1103796220758311
0.7156666666666667,0.8892238131122834,0.6663813396105286,0.2228424735017548,0.11030933614710035
0.7158333333333333,0.8892238131122834,0.6665953349026321,0.22262847820965126,0.11027498911404084
0.716,0.8892238131122834,0.6668093301947358,0.22241448291754762,0.11024004808410212
0.7161666666666666,0.8892238131122834,0.6670233254868393,0.2222004876254441,0.11022722052383492
0.7163333333333334,0.8892238131122834,0.6672373207789428,0.22198649233334056,0.11021435541770791
0.7165,0.8892238131122834,0.6674513160710465,0.22177249704123692,0.11021363275993862
0.7166666666666667,0.8892238131122834,0.66766531136315,0.22155850174913339,0.11019037054772698
0.7168333333333333,0.8892238131122834,0.6678793066552536,0.22134450645702974,0.11003049715942961
0.717,0.8892238131122834,0.6680933019473572,0.2211305111649262,0.10996913608926957
0.7171666666666666,0.8892238131122834,0.6683072972394607,0.22091651587282268,0.10996798185344277
0.7173333333333334,0.8899773926149209,0.6683072972394607,0.22167009537546023,0.10994051587165533
0.7175,0.8899773926149209,0.6685212925315643,0.2214561000833566,0.1099374780627602
0.7176666666666667,0.8899773926149209,0.6687352878236679,0.22124210479125306,0.1098847822599936
0.7178333333333333,0.8899773926149209,0.6689492831157714,0.22102810949914953,0.10987624226125803
0.718,0.8907309721175584,0.6689492831157714,0.22178168900178696,0.10987389877241933
0.7181666666666666,0.8907309721175584,0.669163278407875,0.22156769370968332,0.10980475420352875
0.7183333333333334,0.8907309721175584,0.6693772736999786,0.2213536984175798,0.10979486276697495
0.7185,0.8907309721175584,0.6695912689920822,0.22113970312547615,0.10975964496491618
0.7186666666666667,0.8907309721175584,0.6698052642841857,0.22092570783337262,0.10975017433058784
0.7188333333333333,0.8907309721175584,0.6700192595762893,0.2207117125412691,0.10973203063786995
0.719,0.8914845516201959,0.6700192595762893,0.22146529204390664,0.10972884055035356
0.7191666666666666,0.8922381311228335,0.6700192595762893,0.22221887154654418,0.10971129708613342
0.7193333333333334,0.892991710625471,0.6700192595762893,0.22297245104918173,0.10969335433231595
0.7195,0.892991710625471,0.6702332548683929,0.2227584557570781,0.10967538919414851
0.7196666666666667,0.892991710625471,0.6704472501604964,0.22254446046497456,0.10965141399635207
0.7198333333333333,0.892991710625471,0.6706612454526001,0.22233046517287092,0.10961366942017305
0.72,0.892991710625471,0.6708752407447036,0.2221164698807674,0.10961281714947682
0.7201666666666666,0.892991710625471,0.6710892360368071,0.22190247458866386,0.10955202980931074
0.7203333333333334,0.892991710625471,0.6713032313289108,0.22168847929656021,0.1095351122370847
0.7205,0.892991710625471,0.6715172266210143,0.22147448400445668,0.10953308587732921
0.7206666666666667,0.892991710625471,0.671731221913118,0.22126048871235304,0.10952810032971659
0.7208333333333333,0.892991710625471,0.6719452172052215,0.2210464934202495,0.10950765229081619
0.721,0.892991710625471,0.672159212497325,0.22083249812814598,0.10949457417272128
0.7211666666666666,0.892991710625471,0.6723732077894287,0.22061850283604234,0.10946298255252272
0.7213333333333334,0.892991710625471,0.6725872030815322,0.2204045075439388,0.10945582649548456
0.7215,0.892991710625471,0.6728011983736358,0.22019051225183517,0.10939605819527633
0.7216666666666667,0.892991710625471,0.6730151936657394,0.21997651695973164,0.10934968337885827
0.7218333333333333,0.892991710625471,0.6732291889578429,0.2197625216676281,0.10934214372948084
0.722,0.892991710625471,0.6734431842499465,0.21954852637552447,0.1092900416154759
0.7221666666666666,0.892991710625471,0.6736571795420501,0.21933453108342094,0.10927154033589455
0.7223333333333334,0.892991710625471,0.6738711748341536,0.2191205357913174,0.10923452956039313
0.7225,0.892991710625471,0.6740851701262572,0.21890654049921376,0.10920950123409807
0.7226666666666667,0.8937452901281085,0.6740851701262572,0.2196601200018513,0.10917080020773158
0.7228333333333333,0.8937452901281085,0.6742991654183608,0.21944612470974778,0.10914026141047589
0.723,0.8944988696307461,0.6742991654183608,0.22019970421238533,0.1091141810101754
0.7231666666666666,0.8944988696307461,0.6745131607104644,0.2199857089202817,0.10909500348540617
0.7233333333333334,0.8944988696307461,0.6747271560025679,0.21977171362817816,0.10908302841386852
0.7235,0.8944988696307461,0.6749411512946715,0.21955771833607463,0.10907609450279179
0.7236666666666667,0.8944988696307461,0.6751551465867751,0.21934372304397098,0.1090101923118479
0.7238333333333333,0.8944988696307461,0.6753691418788786,0.21912972775186745,0.10900278236393036
0.724,0.8944988696307461,0.6755831371709823,0.2189157324597638,0.10895621418326824
0.7241666666666666,0.8944988696307461,0.6757971324630858,0.21870173716766028,0.10895205688728615
0.7243333333333334,0.8944988696307461,0.6760111277551893,0.21848774187555675,0.10894602141845687
0.7245,0.8944988696307461,0.676225123047293,0.2182737465834531,0.10892189175700782
0.7246666666666667,0.8944988696307461,0.6764391183393965,0.21805975129134958,0.10886707574303471
0.7248333333333333,0.8944988696307461,0.6766531136315002,0.21784575599924594,0.10885782231182303
0.725,0.8944988696307461,0.6768671089236037,0.2176317607071424,0.10884805195254356
0.7251666666666666,0.8944988696307461,0.6770811042157072,0.21741776541503888,0.1088285083117573
0.7253333333333334,0.8952524491333835,0.6770811042157072,0.2181713449176763,0.10882281680221588
0.7255,0.8952524491333835,0.6772950995078109,0.21795734962557267,0.10881562378134928
0.7256666666666667,0.8952524491333835,0.6775090947999144,0.21774335433346914,0.10877788993953844
0.7258333333333333,0.8952524491333835,0.6777230900920179,0.2175293590413656,0.10877443309761185
0.726,0.8960060286360211,0.6777230900920179,0.21828293854400316,0.10877202455601305
0.7261666666666666,0.8960060286360211,0.6779370853841216,0.21806894325189952,0.10875008879367518
0.7263333333333334,0.8960060286360211,0.6781510806762251,0.21785494795979599,0.10873787763916724
0.7265,0.8960060286360211,0.6783650759683287,0.21764095266769234,0.10872653261127478
0.7266666666666667,0.8960060286360211,0.6785790712604323,0.21742695737558881,0.10871054574760983
0.7268333333333333,0.8960060286360211,0.6787930665525358,0.21721296208348528,0.10868061259374019
0.727,0.8960060286360211,0.6790070618446394,0.21699896679138164,0.10863711333241496
0.7271666666666666,0.8967596081386586,0.6790070618446394,0.2177525462940192,0.1086063293408295
0.7273333333333334,0.8967596081386586,0.679221057136743,0.21753855100191566,0.10851382495113787
0.7275,0.8975131876412962,0.679221057136743,0.2182921305045532,0.10851268271160733
0.7276666666666667,0.8975131876412962,0.6794350524288466,0.21807813521244956,0.10849430633138851
0.7278333333333333,0.8975131876412962,0.6796490477209501,0.21786413992034603,0.10847705690957676
0.728,0.8975131876412962,0.6798630430130537,0.2176501446282425,0.1084765924562435
0.7281666666666666,0.8975131876412962,0.6800770383051573,0.21743614933613886,0.10847502004467335
0.7283333333333334,0.8975131876412962,0.6802910335972608,0.21722215404403533,0.10846870703796825
0.7285,0.8975131876412962,0.6805050288893645,0.2170081587519317,0.10845248983362324
0.7286666666666667,0.8975131876412962,0.680719024181468,0.21679416345982816,0.10845068757468182
0.7288333333333333,0.8975131876412962,0.6809330194735715,0.21658016816772463,0.10844254069071874
0.729,0.8975131876412962,0.6811470147656752,0.216366172875621,0.10840816254912956
0.7291666666666666,0.8975131876412962,0.6813610100577787,0.21615217758351746,0.10839718024151242
0.7293333333333333,0.8975131876412962,0.6815750053498824,0.21593818229141382,0.10839402099217409
0.7295,0.8982667671439337,0.6815750053498824,0.21669176179405136,0.108365709803399
0.7296666666666667,0.8982667671439337,0.6817890006419859,0.21647776650194783,0.10829368754707605
0.7298333333333333,0.8982667671439337,0.6820029959340894,0.2162637712098443,0.10827073096606153
0.73,0.8982667671439337,0.6822169912261931,0.21604977591774066,0.10819065715682531
0.7301666666666666,0.8982667671439337,0.6824309865182966,0.21583578062563713,0.10816155921456955
0.7303333333333333,0.8982667671439337,0.6826449818104001,0.2156217853335336,0.1081436214191416
0.7305,0.8982667671439337,0.6828589771025038,0.21540779004142996,0.10808622639348428
0.7306666666666667,0.8982667671439337,0.6830729723946073,0.21519379474932643,0.10796083181993599
0.7308333333333333,0.8982667671439337,0.6832869676867109,0.2149797994572228,0.1079340307796941
0.731,0.8982667671439337,0.6835009629788145,0.21476580416511926,0.10792826279789933
0.7311666666666666,0.8982667671439337,0.683714958270918,0.21455180887301573,0.10790678763839401
0.7313333333333333,0.8990203466465713,0.683714958270918,0.21530538837565327,0.10783732788084527
0.7315,0.8990203466465713,0.6839289535630216,0.21509139308354963,0.1078311426139718
0.7316666666666667,0.8990203466465713,0.6841429488551252,0.2148773977914461,0.10780096456017624
0.7318333333333333,0.8990203466465713,0.6843569441472288,0.21466340249934246,0.10776660075944589
0.732,0.8990203466465713,0.6845709394393323,0.21444940720723893,0.10772956082831728
0.7321666666666666,0.8990203466465713,0.6847849347314359,0.2142354119151354,0.1076927634017315
0.7323333333333333,0.8990203466465713,0.6849989300235395,0.21402141662303176,0.10768115073779023
0.7325,0.8990203466465713,0.685212925315643,0.21380742133092823,0.10767259612946084
0.7326666666666667,0.8990203466465713,0.6854269206077467,0.21359342603882459,0.10766461528418475
0.7328333333333333,0.8990203466465713,0.6856409158998502,0.21337943074672105,0.10764679626639807
0.733,0.8990203466465713,0.6858549111919537,0.21316543545461752,0.10764131956291782
0.7331666666666666,0.8990203466465713,0.6860689064840574,0.21295144016251388,0.1076270239341313
0.7333333333333333,0.8990203466465713,0.6862829017761609,0.21273744487041035,0.1076127049716512
0.7335,0.8990203466465713,0.6864968970682644,0.21252344957830682,0.10756637027572807
0.7336666666666667,0.8990203466465713,0.6867108923603681,0.21230945428620318,0.10756284245904767
0.7338333333333333,0.8990203466465713,0.6869248876524716,0.21209545899409965,0.10755821865198902
0.734,0.8990203466465713,0.6871388829445753,0.211881463701996,0.1075565036923667
0.7341666666666666,0.8990203466465713,0.6873528782366788,0.21166746840989248,0.1074968216639493
0.7343333333333333,0.8997739261492087,0.6873528782366788,0.21242104791252991,0.10744978158056245
0.7345,0.8997739261492087,0.6875668735287823,0.21220705262042638,0.1074413636435729
0.7346666666666667,0.8997739261492087,0.687780868820886,0.21199305732832274,0.10744044072823093
0.7348333333333333,0.8997739261492087,0.6879948641129895,0.2117790620362192,0.10739124292462301
0.735,0.8997739261492087,0.6882088594050931,0.21156506674411557,0.10737468937464478
0.7351666666666666,0.9005275056518462,0.6882088594050931,0.21231864624675312,0.10732871728725184
0.7353333333333333,0.9005275056518462,0.6884228546971967,0.2121046509546496,0.10731914932114575
0.7355,0.9005275056518462,0.6886368499893002,0.21189065566254606,0.10723168849472527
0.7356666666666667,0.9005275056518462,0.6888508452814038,0.21167666037044242,0.10723001917013504
0.7358333333333333,0.9005275056518462,0.6890648405735074,0.21146266507833889,0.10722377061489866
0.736,0.9012810851544838,0.6890648405735074,0.21221624458097643,0.10722123973168325
0.7361666666666666,0.9012810851544838,0.689278835865611,0.2120022492888728,0.10720151350695455
0.7363333333333333,0.9012810851544838,0.6894928311577145,0.21178825399676926,0.10719247939031032
0.7365,0.9012810851544838,0.6897068264498181,0.21157425870466573,0.10715825822732991
0.7366666666666667,0.9012810851544838,0.6899208217419217,0.2113602634125621,0.10713591201508643
0.7368333333333333,0.9012810851544838,0.6901348170340252,0.21114626812045856,0.10710211120227742
0.737,0.9012810851544838,0.6903488123261289,0.21093227282835492,0.10707830863630745
0.7371666666666666,0.9012810851544838,0.6905628076182324,0.21071827753625139,0.10703021775445697
0.7373333333333333,0.9012810851544838,0.6907768029103359,0.21050428224414786,0.10702665609423898
0.7375,0.9012810851544838,0.6909907982024396,0.21029028695204421,0.10700596260887926
0.7376666666666667,0.9012810851544838,0.6912047934945431,0.21007629165994068,0.10691270865639535
0.7378333333333333,0.9012810851544838,0.6914187887866466,0.20986229636783715,0.1069076632579879
0.738,0.9012810851544838,0.6916327840787503,0.2096483010757335,0.10689953747753098
0.7381666666666666,0.9012810851544838,0.6918467793708538,0.20943430578362998,0.10686208186401475
0.7383333333333333,0.9012810851544838,0.6920607746629575,0.20922031049152634,0.10682335889877673
0.7385,0.9012810851544838,0.692274769955061,0.2090063151994228,0.1067883924377837
0.7386666666666667,0.9020346646571213,0.692274769955061,0.20975989470206036,0.10678098898845559
0.7388333333333333,0.9020346646571213,0.6924887652471645,0.20954589940995683,0.10675291881140235
0.739,0.9020346646571213,0.6927027605392682,0.20933190411785318,0.10670944483587591
0.7391666666666666,0.9020346646571213,0.6929167558313717,0.20911790882574965,0.1066808325495552
0.7393333333333333,0.9020346646571213,0.6931307511234753,0.208903913533646,0.10664766086018856
0.7395,0.9027882441597589,0.6931307511234753,0.20965749303628356,0.1066266676478934
0.7396666666666667,0.9027882441597589,0.6933447464155789,0.20944349774418003,0.10660387439522497
0.7398333333333333,0.9027882441597589,0.6935587417076824,0.2092295024520765,0.10659885684529628
0.74,0.9027882441597589,0.693772736999786,0.20901550715997286,0.10657173791749297
0.7401666666666666,0.9027882441597589,0.6939867322918896,0.20880151186786933,0.10656943213452132
0.7403333333333333,0.9027882441597589,0.6942007275839932,0.20858751657576569,0.10653475281620653
0.7405,0.9027882441597589,0.6944147228760967,0.20837352128366216,0.10646594759033033
0.7406666666666667,0.9027882441597589,0.6946287181682003,0.20815952599155862,0.10646253540382307
0.7408333333333333,0.9027882441597589,0.6948427134603039,0.20794553069945498,0.1064453594586673
0.741,0.9027882441597589,0.6950567087524074,0.20773153540735145,0.10642266633633314
0.7411666666666666,0.9027882441597589,0.695270704044511,0.20751754011524792,0.10641904868672053
0.7413333333333333,0.9035418236623964,0.695270704044511,0.20827111961788547,0.10641752704212983
0.7415,0.9035418236623964,0.6954846993366146,0.20805712432578183,0.10640884679104136
0.7416666666666667,0.9035418236623964,0.6956986946287181,0.2078431290336783,0.10631113431523795
0.7418333333333333,0.9035418236623964,0.6959126899208218,0.20762913374157466,0.10626104697239253
0.742,0.9035418236623964,0.6961266852129253,0.20741513844947113,0.10625266800660262
0.7421666666666666,0.9035418236623964,0.6963406805050288,0.2072011431573676,0.10623896962972733
0.7423333333333333,0.9035418236623964,0.6965546757971325,0.20698714786526395,0.10622281413756329
0.7425,0.9035418236623964,0.696768671089236,0.20677315257316042,0.10620155315838145
0.7426666666666667,0.9042954031650339,0.696768671089236,0.20752673207579786,0.10614877161188666
0.7428333333333333,0.9042954031650339,0.6969826663813397,0.20731273678369422,0.1060715469760646
0.743,0.9050489826676714,0.6969826663813397,0.20806631628633177,0.10605277807340793
0.7431666666666666,0.9050489826676714,0.6971966616734432,0.20785232099422823,0.10605193095062056
0.7433333333333333,0.905802562170309,0.6971966616734432,0.20860590049686578,0.10602442256224874
0.7435,0.9065561416729465,0.6971966616734432,0.20935947999950333,0.10597892959898787
0.7436666666666667,0.9065561416729465,0.6974106569655467,0.2091454847073998,0.10594283786708333
0.7438333333333333,0.9065561416729465,0.6976246522576504,0.20893148941529616,0.1058917873939398
0.744,0.9065561416729465,0.6978386475497539,0.20871749412319263,0.10585821407193044
0.7441666666666666,0.9065561416729465,0.6980526428418575,0.20850349883108898,0.10585620599407146
0.7443333333333333,0.9065561416729465,0.6982666381339611,0.20828950353898545,0.10582010740691104
0.7445,0.9065561416729465,0.6984806334260646,0.20807550824688192,0.1057771593599804
0.7446666666666667,0.9065561416729465,0.6986946287181682,0.20786151295477828,0.10577591678741731
0.7448333333333333,0.9065561416729465,0.6989086240102718,0.20764751766267475,0.10574409555683179
0.745,0.9065561416729465,0.6991226193023754,0.2074335223705711,0.10574047955375658
0.7451666666666666,0.9065561416729465,0.6993366145944789,0.20721952707846758,0.10573944059051024
0.7453333333333333,0.9065561416729465,0.6995506098865825,0.20700553178636405,0.10572520940176726
0.7455,0.9065561416729465,0.6997646051786861,0.2067915364942604,0.10570311041004668
0.7456666666666667,0.9073097211755841,0.6997646051786861,0.20754511599689796,0.10566592459210923
0.7458333333333333,0.9073097211755841,0.6999786004707896,0.20733112070479442,0.10564773546261308
0.746,0.9073097211755841,0.7001925957628932,0.2071171254126909,0.10560574470324652
0.7461666666666666,0.9073097211755841,0.7004065910549968,0.20690313012058725,0.10553351850522195
0.7463333333333333,0.9080633006782216,0.7004065910549968,0.2076567096232248,0.10553177803891012
0.7465,0.9080633006782216,0.7006205863471003,0.20744271433112127,0.10553151167368888
0.7466666666666667,0.9080633006782216,0.700834581639204,0.20722871903901763,0.10546765574864572
0.7468333333333333,0.9080633006782216,0.7010485769313075,0.2070147237469141,0.10545445123313997
0.747,0.9080633006782216,0.701262572223411,0.20680072845481057,0.10541736354132684
0.7471666666666666,0.908816880180859,0.701262572223411,0.207554307957448,0.10541483349270876
0.7473333333333333,0.908816880180859,0.7014765675155147,0.20734031266534436,0.10538916755600905
0.7475,0.908816880180859,0.7016905628076182,0.20712631737324083,0.10534126259620952
0.7476666666666667,0.908816880180859,0.7019045580997219,0.2069123220811372,0.10532802639861132
0.7478333333333333,0.908816880180859,0.7021185533918254,0.20669832678903366,0.10524793262122825
0.748,0.908816880180859,0.7023325486839289,0.20648433149693013,0.10524239513415641
0.7481666666666666,0.908816880180859,0.7025465439760326,0.2062703362048265,0.1052314152282015
0.7483333333333333,0.908816880180859,0.7027605392681361,0.20605634091272296,0.10520138887224934
0.7485,0.908816880180859,0.7029745345602397,0.20584234562061932,0.10517567464555096
0.7486666666666667,0.908816880180859,0.7031885298523433,0.20562835032851579,0.10510243310293928
0.7488333333333334,0.9095704596834966,0.7031885298523433,0.20638192983115333,0.10501807352301731
0.749,0.9095704596834966,0.7034025251444468,0.2061679345390498,0.10496728967038997
0.7491666666666666,0.9095704596834966,0.7036165204365504,0.20595393924694616,0.10492184077788427
0.7493333333333333,0.9095704596834966,0.703830515728654,0.20573994395484263,0.10487751512793389
0.7495,0.9095704596834966,0.7040445110207575,0.2055259486627391,0.10486857409903098
0.7496666666666667,0.9095704596834966,0.7042585063128611,0.20531195337063546,0.10483405460062259
0.7498333333333334,0.9095704596834966,0.7044725016049647,0.20509795807853193,0.10479012189069323
0.75,0.9095704596834966,0.7046864968970683,0.2048839627864283,0.10477164400766735
0.7501666666666666,0.9103240391861341,0.7046864968970683,0.20563754228906583,0.10476272594365174
0.7503333333333333,0.9103240391861341,0.7049004921891718,0.2054235469969623,0.10475200598591758
0.7505,0.9103240391861341,0.7051144874812754,0.20520955170485877,0.10474616635346269
0.7506666666666667,0.9103240391861341,0.705328482773379,0.20499555641275513,0.10469720921764174
0.7508333333333334,0.9103240391861341,0.7055424780654825,0.2047815611206516,0.10467522514221675
0.751,0.9103240391861341,0.7057564733575862,0.20456756582854796,0.10466573001474395
0.7511666666666666,0.9110776186887717,0.7057564733575862,0.2053211453311855,0.10465392937190847
0.7513333333333333,0.9110776186887717,0.7059704686496897,0.20510715003908198,0.10465088938214319
0.7515,0.9110776186887717,0.7061844639417932,0.20489315474697845,0.10464886113097305
0.7516666666666667,0.9110776186887717,0.7063984592338969,0.2046791594548748,0.10464666819001861
0.7518333333333334,0.9110776186887717,0.7066124545260004,0.20446516416277127,0.10460960662215835
0.752,0.9118311981914092,0.7066124545260004,0.20521874366540882,0.10459927286699987
0.7521666666666667,0.9125847776940467,0.7066124545260004,0.20597232316804626,0.10457558986953049
0.7523333333333333,0.9125847776940467,0.706826449818104,0.20575832787594261,0.1045750687599506
0.7525,0.9125847776940467,0.7070404451102076,0.20554433258383908,0.10456048462889794
0.7526666666666667,0.9125847776940467,0.7072544404023111,0.20533033729173555,0.10455378249522261
0.7528333333333334,0.9125847776940467,0.7074684356944148,0.2051163419996319,0.10454148281420157
0.753,0.9125847776940467,0.7076824309865183,0.20490234670752838,0.10453465524777852
0.7531666666666667,0.9125847776940467,0.7078964262786218,0.20468835141542485,0.10444182978449199
0.7533333333333333,0.9125847776940467,0.7081104215707255,0.2044743561233212,0.10443356641787858
0.7535,0.9125847776940467,0.708324416862829,0.20426036083121768,0.10442278344740219
0.7536666666666667,0.9125847776940467,0.7085384121549326,0.20404636553911404,0.10432843743588815
0.7538333333333334,0.9125847776940467,0.7087524074470362,0.2038323702470105,0.10428258955568181
0.754,0.9125847776940467,0.7089664027391397,0.20361837495490698,0.1042680474417251
0.7541666666666667,0.9125847776940467,0.7091803980312433,0.20340437966280334,0.10425849477406315
0.7543333333333333,0.9133383571966842,0.7091803980312433,0.20415795916544088,0.10423179516154767
0.7545,0.9133383571966842,0.7093943933233469,0.20394396387333735,0.10422883062942997
0.7546666666666667,0.9133383571966842,0.7096083886154505,0.2037299685812337,0.10421305696888082
0.7548333333333334,0.9133383571966842,0.709822383907554,0.20351597328913018,0.10418429186190564
0.755,0.9133383571966842,0.7100363791996576,0.20330197799702665,0.10418259241215341
0.7551666666666667,0.9133383571966842,0.7102503744917612,0.203087982704923,0.1041728696416403
0.7553333333333333,0.9133383571966842,0.7104643697838647,0.20287398741281948,0.1041653351687445
0.7555,0.9133383571966842,0.7106783650759684,0.20265999212071584,0.10416278526249531
0.7556666666666667,0.9133383571966842,0.7108923603680719,0.2024459968286123,0.10416240480042567
0.7558333333333334,0.9133383571966842,0.7111063556601754,0.20223200153650878,0.10413652382944819
0.756,0.9133383571966842,0.7113203509522791,0.20201800624440513,0.10411791985677693
0.7561666666666667,0.9133383571966842,0.7115343462443826,0.2018040109523016,0.1041021987415572
0.7563333333333333,0.9133383571966842,0.7117483415364863,0.20159001566019796,0.10408678496835272
0.7565,0.9140919366993218,0.7117483415364863,0.2023435951628355,0.10408431646764256
0.7566666666666667,0.9140919366993218,0.7119623368285898,0.20212959987073198,0.10406987994633271
0.7568333333333334,0.9140919366993218,0.7121763321206933,0.20191560457862845,0.1039924997786919
0.757,0.9140919366993218,0.712390327412797,0.2017016092865248,0.10397838724042281
0.7571666666666667,0.9140919366993218,0.7126043227049005,0.20148761399442128,0.10396091568422967
0.7573333333333333,0.9148455162019593,0.7126043227049005,0.20224119349705882,0.10393564742914908
0.7575,0.9148455162019593,0.712818317997004,0.2020271982049553,0.10392129083777087
0.7576666666666667,0.9148455162019593,0.7130323132891077,0.20181320291285165,0.10388893543743696
0.7578333333333334,0.9148455162019593,0.7132463085812112,0.20159920762074812,0.10386927775754183
0.758,0.9148455162019593,0.7134603038733148,0.20138521232864448,0.10382591107950483
0.7581666666666667,0.9155990957045969,0.7134603038733148,0.20213879183128203,0.10382331269912012
0.7583333333333333,0.9155990957045969,0.7136742991654184,0.2019247965391785,0.1038203064650017
0.7585,0.9155990957045969,0.7138882944575219,0.20171080124707497,0.10381131732240226
0.7586666666666667,0.9155990957045969,0.7141022897496255,0.20149680595497133,0.10370727225874243
0.7588333333333334,0.9155990957045969,0.7143162850417291,0.2012828106628678,0.10367513803555689
0.759,0.9155990957045969,0.7145302803338327,0.20106881537076415,0.10366105494968081
0.7591666666666667,0.9155990957045969,0.7147442756259362,0.20085482007866062,0.10363283128599035
0.7593333333333333,0.9155990957045969,0.7149582709180398,0.2006408247865571,0.10360942050160694
0.7595,0.9155990957045969,0.7151722662101434,0.20042682949445345,0.1035498108478087
0.7596666666666667,0.9155990957045969,0.7153862615022469,0.20021283420234992,0.10354392705509573
0.7598333333333334,0.9155990957045969,0.7156002567943506,0.19999883891024628,0.10352654952436176
0.76,0.9155990957045969,0.7158142520864541,0.19978484361814275,0.10352381332819327
0.7601666666666667,0.9163526752072344,0.7158142520864541,0.2005384231207803,0.10346972666960996
0.7603333333333333,0.9163526752072344,0.7160282473785576,0.20032442782867677,0.10344163397146597
0.7605,0.9163526752072344,0.7162422426706613,0.20011043253657312,0.10343285824696331
0.7606666666666667,0.9163526752072344,0.7164562379627648,0.1998964372444696,0.10342356295958509
0.7608333333333334,0.9163526752072344,0.7166702332548683,0.19968244195236606,0.10341698727354283
0.761,0.9163526752072344,0.716884228546972,0.19946844666026242,0.1033964015192765
0.7611666666666667,0.9163526752072344,0.7170982238390755,0.1992544513681589,0.10337039617093698
0.7613333333333333,0.9171062547098718,0.7170982238390755,0.20000803087079633,0.10329331711106687
0.7615,0.9171062547098718,0.7173122191311792,0.19979403557869269,0.10324950266627937
0.7616666666666667,0.9171062547098718,0.7175262144232827,0.19958004028658916,0.1031175052212167
0.7618333333333334,0.9171062547098718,0.7177402097153862,0.19936604499448562,0.10309141424901432
0.762,0.9171062547098718,0.7179542050074899,0.19915204970238198,0.1030481459855356
0.7621666666666667,0.9171062547098718,0.7181682002995934,0.19893805441027845,0.10303772187467329
0.7623333333333333,0.9171062547098718,0.718382195591697,0.1987240591181748,0.10297142274251943
0.7625,0.9171062547098718,0.7185961908838006,0.19851006382607128,0.10294241926333224
0.7626666666666667,0.9171062547098718,0.7188101861759041,0.19829606853396775,0.10292652611226641
0.7628333333333334,0.9171062547098718,0.7190241814680077,0.1980820732418641,0.10289003449938532
0.763,0.9171062547098718,0.7192381767601113,0.19786807794976058,0.1028144295551057
0.7631666666666667,0.9171062547098718,0.7194521720522149,0.19765408265765694,0.10275831622783073
0.7633333333333333,0.9171062547098718,0.7196661673443184,0.1974400873655534,0.10275219691657689
0.7635,0.9171062547098718,0.719880162636422,0.19722609207344988,0.10273394028262177
0.7636666666666667,0.9171062547098718,0.7200941579285256,0.19701209678134624,0.10269399913810434
0.7638333333333334,0.9171062547098718,0.7203081532206291,0.1967981014892427,0.1026545176237553
0.764,0.9171062547098718,0.7205221485127328,0.19658410619713906,0.10261056494747628
0.7641666666666667,0.9171062547098718,0.7207361438048363,0.19637011090503553,0.1025892685533129
0.7643333333333333,0.9171062547098718,0.7209501390969398,0.196156115612932,0.10257407094154959
0.7645,0.9171062547098718,0.7211641343890435,0.19594212032082836,0.10255034349139892
0.7646666666666667,0.9171062547098718,0.721378129681147,0.19572812502872483,0.1025282148456754
0.7648333333333334,0.9171062547098718,0.7215921249732505,0.1955141297366213,0.10250547883891292
0.765,0.9171062547098718,0.7218061202653542,0.19530013444451766,0.10248726975219585
0.7651666666666667,0.9171062547098718,0.7220201155574577,0.19508613915241413,0.10245144504195633
0.7653333333333333,0.9171062547098718,0.7222341108495614,0.1948721438603105,0.10242616705148722
0.7655,0.9171062547098718,0.7224481061416649,0.19465814856820696,0.10239948468556366
0.7656666666666667,0.9171062547098718,0.7226621014337684,0.19444415327610343,0.10232805433650606
0.7658333333333334,0.9171062547098718,0.722876096725872,0.19423015798399978,0.10223654561364565
0.766,0.9171062547098718,0.7230900920179756,0.19401616269189625,0.10223028561073808
0.7661666666666667,0.9171062547098718,0.7233040873100792,0.1938021673997926,0.10220842200751978
0.7663333333333333,0.9171062547098718,0.7235180826021828,0.19358817210768908,0.10218621920275037
0.7665,0.9171062547098718,0.7237320778942863,0.19337417681558555,0.1021730587548707
0.7666666666666667,0.9171062547098718,0.7239460731863899,0.1931601815234819,0.10211097259995718
0.7668333333333334,0.9171062547098718,0.7241600684784935,0.19294618623137838,0.10210997886718914
0.767,0.9171062547098718,0.7243740637705971,0.19273219093927474,0.10210499774023063
0.7671666666666667,0.9171062547098718,0.7245880590627006,0.1925181956471712,0.10209251661704996
0.7673333333333333,0.9171062547098718,0.7248020543548042,0.19230420035506768,0.10207940252902269
0.7675,0.9171062547098718,0.7250160496469078,0.19209020506296404,0.10192774250161037
0.7676666666666667,0.9171062547098718,0.7252300449390113,0.1918762097708605,0.10188365752460599
0.7678333333333334,0.9171062547098718,0.7254440402311149,0.19166221447875698,0.10186753189791421
0.768,0.9171062547098718,0.7256580355232185,0.19144821918665333,0.101861058142738
0.7681666666666667,0.9171062547098718,0.725872030815322,0.1912342238945498,0.10185205747277193
0.7683333333333333,0.9171062547098718,0.7260860261074257,0.19102022860244616,0.10183753544204034
0.7685,0.9171062547098718,0.7263000213995292,0.19080623331034263,0.10183641638588097
0.7686666666666667,0.9171062547098718,0.7265140166916327,0.1905922380182391,0.10182373030288032
0.7688333333333334,0.9171062547098718,0.7267280119837364,0.19037824272613546,0.10181207229191475
0.769,0.9178598342125094,0.7267280119837364,0.191131822228773,0.10177284750653456
0.7691666666666667,0.9178598342125094,0.7269420072758399,0.19091782693666948,0.1017571970074031
0.7693333333333333,0.9178598342125094,0.7271560025679435,0.19070383164456584,0.10162148138931662
0.7695,0.9178598342125094,0.7273699978600471,0.1904898363524623,0.10160393211141124
0.7696666666666667,0.9178598342125094,0.7275839931521506,0.19027584106035877,0.10156281429309726
0.7698333333333334,0.9186134137151469,0.7275839931521506,0.19102942056299632,0.10155184966206246
0.77,0.9186134137151469,0.7277979884442543,0.19081542527089268,0.10152530861004459
0.7701666666666667,0.9186134137151469,0.7280119837363578,0.19060142997878915,0.10150494997203957
0.7703333333333333,0.9186134137151469,0.7282259790284614,0.1903874346866855,0.10149799282763136
0.7705,0.9186134137151469,0.728439974320565,0.19017343939458198,0.10147724991162002
0.7706666666666667,0.9186134137151469,0.7286539696126685,0.18995944410247845,0.10141170136222309
0.7708333333333334,0.9186134137151469,0.7288679649047721,0.1897454488103748,0.1013164978940299
0.771,0.9186134137151469,0.7290819601968757,0.18953145351827128,0.10129514914311095
0.7711666666666667,0.9193669932177845,0.7290819601968757,0.19028503302090882,0.10129234728620042
0.7713333333333333,0.920120572720422,0.7290819601968757,0.19103861252354637,0.10127477867664872
0.7715,0.920120572720422,0.7292959554889793,0.19082461723144273,0.10123577334882294
0.7716666666666666,0.920120572720422,0.7295099507810828,0.1906106219393392,0.10122471813287175
0.7718333333333334,0.920120572720422,0.7297239460731864,0.19039662664723567,0.10122438917063502
0.772,0.920120572720422,0.72993794136529,0.19018263135513203,0.1012173317088977
0.7721666666666667,0.9208741522230596,0.72993794136529,0.19093621085776957,0.10116096839652453
0.7723333333333333,0.9208741522230596,0.7301519366573935,0.19072221556566604,0.10114694444041156
0.7725,0.9208741522230596,0.7303659319494971,0.1905082202735625,0.10114491245445485
0.7726666666666666,0.9208741522230596,0.7305799272416007,0.19029422498145887,0.10112347632677131
0.7728333333333334,0.9208741522230596,0.7307939225337042,0.19008022968935534,0.10109884567627947
0.773,0.9208741522230596,0.7310079178258079,0.1898662343972517,0.10109341622276986
0.7731666666666667,0.921627731725697,0.7310079178258079,0.19061981389988913,0.10108424212930238
0.7733333333333333,0.921627731725697,0.7312219131179114,0.1904058186077856,0.10108326241487367
0.7735,0.921627731725697,0.7314359084100149,0.19019182331568207,0.10103663017381713
0.7736666666666666,0.921627731725697,0.7316499037021186,0.18997782802357843,0.10100079100434671
0.7738333333333334,0.921627731725697,0.7318638989942221,0.1897638327314749,0.10096626786593757
0.774,0.921627731725697,0.7320778942863257,0.18954983743937126,0.10088548202439158
0.7741666666666667,0.921627731725697,0.7322918895784293,0.18933584214726773,0.1008424773614322
0.7743333333333333,0.921627731725697,0.7325058848705328,0.1891218468551642,0.10081871300505577
0.7745,0.921627731725697,0.7327198801626364,0.18890785156306056,0.10078856374224285
0.7746666666666666,0.921627731725697,0.73293387545474,0.18869385627095703,0.10073758206328808
0.7748333333333334,0.9223813112283346,0.73293387545474,0.18944743577359457,0.10070411011770747
0.775,0.9223813112283346,0.7331478707468436,0.18923344048149093,0.10070186261903197
0.7751666666666667,0.9223813112283346,0.7333618660389472,0.1890194451893874,0.10069794241507962
0.7753333333333333,0.9223813112283346,0.7335758613310507,0.18880544989728387,0.10069516780677149
0.7755,0.9223813112283346,0.7337898566231543,0.18859145460518023,0.10068237728800596
0.7756666666666666,0.9223813112283346,0.7340038519152579,0.1883774593130767,0.10067741299141346
0.7758333333333334,0.9223813112283346,0.7342178472073614,0.18816346402097317,0.10065631266013303
0.776,0.9223813112283346,0.734431842499465,0.18794946872886953,0.10064679459970424
0.7761666666666667,0.9223813112283346,0.7346458377915686,0.187735473436766,0.10063642341132951
0.7763333333333333,0.9223813112283346,0.7348598330836722,0.18752147814466236,0.10060330662210683
0.7765,0.9223813112283346,0.7350738283757757,0.18730748285255883,0.10059329942118728
0.7766666666666666,0.9223813112283346,0.7352878236678793,0.1870934875604553,0.10058732626460823
0.7768333333333334,0.9223813112283346,0.7355018189599829,0.18687949226835165,0.10051892872784685
0.777,0.9223813112283346,0.7357158142520864,0.18666549697624812,0.1004932872203829
0.7771666666666667,0.9223813112283346,0.7359298095441901,0.18645150168414448,0.1004866902786971
0.7773333333333333,0.9223813112283346,0.7361438048362936,0.18623750639204095,0.10046275794110152
0.7775,0.9223813112283346,0.7363578001283971,0.18602351109993742,0.10046005091765084
0.7776666666666666,0.9223813112283346,0.7365717954205008,0.18580951580783378,0.100459859216499
0.7778333333333334,0.9231348907309721,0.7365717954205008,0.18656309531047133,0.10042949620443056
0.778,0.9238884702336096,0.7365717954205008,0.18731667481310887,0.10042790479927292
0.7781666666666667,0.9238884702336096,0.7367857907126043,0.18710267952100534,0.10042073355601222
0.7783333333333333,0.9238884702336096,0.736999786004708,0.1868886842289017,0.10042027504053991
0.7785,0.9238884702336096,0.7372137812968115,0.18667468893679817,0.10038086870498313
0.7786666666666666,0.9238884702336096,0.737427776588915,0.18646069364469464,0.10037135050559651
0.7788333333333334,0.9238884702336096,0.7376417718810186,0.186246698352591,0.10036116909299266
0.779,0.9238884702336096,0.7378557671731222,0.18603270306048747,0.10036079622511046
0.7791666666666667,0.9238884702336096,0.7380697624652258,0.18581870776838383,0.10034915399238488
0.7793333333333333,0.9238884702336096,0.7382837577573294,0.1856047124762803,0.10034596529183742
0.7795,0.9238884702336096,0.7384977530494329,0.18539071718417677,0.10032771983273754
0.7796666666666666,0.9238884702336096,0.7387117483415365,0.18517672189207313,0.10029481982347767
0.7798333333333334,0.9238884702336096,0.73892574363364,0.1849627265999696,0.1002716701101303
0.78,0.9238884702336096,0.7391397389257436,0.18474873130786607,0.10021317638083689
0.7801666666666667,0.9238884702336096,0.7393537342178472,0.18453473601576242,0.10015817532645696
0.7803333333333333,0.9238884702336096,0.7395677295099508,0.1843207407236589,0.10012082374233329
0.7805,0.9238884702336096,0.7397817248020544,0.18410674543155525,0.10012082111526142
0.7806666666666666,0.9238884702336096,0.7399957200941579,0.18389275013945172,0.10010370836725971
0.7808333333333334,0.9238884702336096,0.7402097153862615,0.1836787548473482,0.10005963841271624
0.781,0.9238884702336096,0.7404237106783651,0.18346475955524455,0.10005945389382151
0.7811666666666667,0.9238884702336096,0.7406377059704686,0.18325076426314102,0.10005252156073773
0.7813333333333333,0.9238884702336096,0.7408517012625723,0.18303676897103738,0.10004819945782432
0.7815,0.9238884702336096,0.7410656965546758,0.18282277367893385,0.10004325681001185
0.7816666666666666,0.9238884702336096,0.7412796918467793,0.18260877838683032,0.10002966558395983
0.7818333333333334,0.9238884702336096,0.741493687138883,0.18239478309472668,0.10002813361333045
0.782,0.9238884702336096,0.7417076824309865,0.18218078780262315,0.09995422092958844
0.7821666666666667,0.9238884702336096,0.7419216777230901,0.1819667925105195,0.09983662899125528
0.7823333333333333,0.9238884702336096,0.7421356730151937,0.18175279721841597,0.09979272981682606
0.7825,0.9238884702336096,0.7423496683072972,0.18153880192631244,0.09974734178782187
0.7826666666666666,0.9238884702336096,0.7425636635994008,0.1813248066342088,0.09972972542430007
0.7828333333333334,0.9238884702336096,0.7427776588915044,0.18111081134210527,0.09969395265295358
0.783,0.9238884702336096,0.7429916541836079,0.18089681605000174,0.09965234034830138
0.7831666666666667,0.9238884702336096,0.7432056494757115,0.1806828207578981,0.09961726443024227
0.7833333333333333,0.9238884702336096,0.7434196447678151,0.18046882546579457,0.09957487456174657
0.7835,0.9238884702336096,0.7436336400599187,0.18025483017369093,0.09957386879106209
0.7836666666666666,0.9238884702336096,0.7438476353520223,0.1800408348815874,0.09956000734627138
0.7838333333333334,0.9238884702336096,0.7440616306441258,0.17982683958948387,0.09949712246387207
0.784,0.9238884702336096,0.7442756259362294,0.17961284429738023,0.09945558376813966
0.7841666666666667,0.9238884702336096,0.744489621228333,0.1793988490052767,0.09942256555782918
0.7843333333333333,0.9238884702336096,0.7447036165204366,0.17918485371317305,0.09941372892511356
0.7845,0.9238884702336096,0.7449176118125401,0.17897085842106952,0.09927273160212903
0.7846666666666666,0.9238884702336096,0.7451316071046437,0.178756863128966,0.09921970848885923
0.7848333333333334,0.9238884702336096,0.7453456023967473,0.17854286783686235,0.09921723115173564
0.785,0.9238884702336096,0.7455595976888508,0.17832887254475882,0.09919559329297015
0.7851666666666667,0.9238884702336096,0.7457735929809545,0.17811487725265518,0.09917737080133304
0.7853333333333333,0.9246420497362472,0.7457735929809545,0.17886845675529273,0.09917361839064766
0.7855,0.9246420497362472,0.745987588273058,0.1786544614631892,0.09914752793625098
0.7856666666666666,0.9246420497362472,0.7462015835651615,0.17844046617108567,0.09912567113090788
0.7858333333333334,0.9246420497362472,0.7464155788572652,0.17822647087898202,0.09911847728632352
0.786,0.9246420497362472,0.7466295741493687,0.1780124755868785,0.09909829908232955
0.7861666666666667,0.9246420497362472,0.7468435694414722,0.17779848029477496,0.09896006985184608
0.7863333333333333,0.9246420497362472,0.7470575647335759,0.17758448500267132,0.09895906244945965
0.7865,0.9246420497362472,0.7472715600256794,0.1773704897105678,0.09892137258953092
0.7866666666666666,0.9246420497362472,0.747485555317783,0.17715649441846415,0.09890052197476566
0.7868333333333334,0.9246420497362472,0.7476995506098866,0.17694249912636062,0.09889237676666766
0.787,0.9246420497362472,0.7479135459019901,0.1767285038342571,0.0988734397498359
0.7871666666666667,0.9246420497362472,0.7481275411940937,0.17651450854215345,0.09882747095175758
0.7873333333333333,0.9246420497362472,0.7483415364861973,0.17630051325004992,0.09880692307619084
0.7875,0.9246420497362472,0.7485555317783009,0.17608651795794628,0.09877223356206402
0.7876666666666666,0.9246420497362472,0.7487695270704045,0.17587252266584275,0.09873433452150246
0.7878333333333334,0.9246420497362472,0.748983522362508,0.17565852737373921,0.09870298229952366
0.788,0.9246420497362472,0.7491975176546116,0.17544453208163557,0.09869519894871126
0.7881666666666667,0.9246420497362472,0.7494115129467152,0.17523053678953204,0.09869400297665468
0.7883333333333333,0.9246420497362472,0.7496255082388188,0.1750165414974284,0.0986935051285148
0.7885,0.9253956292388847,0.7496255082388188,0.17577012100006595,0.09869073371159426
0.7886666666666666,0.9261492087415222,0.7496255082388188,0.17652370050270338,0.09867787768106259
0.7888333333333334,0.9261492087415222,0.7498395035309223,0.17630970521059985,0.09866682254734471
0.789,0.9261492087415222,0.7500534988230259,0.17609570991849632,0.09864536104897714
0.7891666666666667,0.9261492087415222,0.7502674941151295,0.17588171462639268,0.09863394770033455
0.7893333333333333,0.9269027882441597,0.7502674941151295,0.17663529412903023,0.09861472795283593
0.7895,0.9269027882441597,0.750481489407233,0.1764212988369267,0.09858628082707191
0.7896666666666666,0.9269027882441597,0.7506954846993367,0.17620730354482306,0.09857974511298023
0.7898333333333334,0.9269027882441597,0.7509094799914402,0.17599330825271953,0.09857379518524383
0.79,0.9269027882441597,0.7511234752835437,0.175779312960616,0.09856140143512986
0.7901666666666667,0.9269027882441597,0.7513374705756474,0.17556531766851236,0.09855293423333814
0.7903333333333333,0.9269027882441597,0.7515514658677509,0.17535132237640882,0.09854062461059418
0.7905,0.9269027882441597,0.7517654611598544,0.1751373270843053,0.09847813040981171
0.7906666666666666,0.9269027882441597,0.7519794564519581,0.17492333179220165,0.09846783773032643
0.7908333333333334,0.9269027882441597,0.7521934517440616,0.17470933650009812,0.09846084415675205
0.791,0.9269027882441597,0.7524074470361652,0.17449534120799448,0.09837446487597097
0.7911666666666667,0.9269027882441597,0.7526214423282688,0.17428134591589095,0.09832032582698307
0.7913333333333333,0.9276563677467973,0.7526214423282688,0.1750349254185285,0.09831733834730366
0.7915,0.9276563677467973,0.7528354376203723,0.17482093012642497,0.09830352700114164
0.7916666666666666,0.9276563677467973,0.753049432912476,0.17460693483432133,0.0982849262681879
0.7918333333333333,0.9276563677467973,0.7532634282045795,0.1743929395422178,0.09826170761536902
0.792,0.9276563677467973,0.7534774234966831,0.17417894425011415,0.09822816856645938
0.7921666666666667,0.9276563677467973,0.7536914187887866,0.17396494895801062,0.0982184749510498
0.7923333333333333,0.9276563677467973,0.7539054140808902,0.1737509536659071,0.09817644987232353
0.7925,0.9276563677467973,0.7541194093729938,0.17353695837380345,0.09816086533680486
0.7926666666666666,0.9276563677467973,0.7543334046650974,0.17332296308169992,0.09808252345423923
0.7928333333333333,0.9276563677467973,0.754547399957201,0.17310896778959628,0.0980817716961236
0.793,0.9276563677467973,0.7547613952493045,0.17289497249749275,0.09807523580054343
0.7931666666666667,0.9276563677467973,0.754975390541408,0.17268097720538922,0.0980266495800227
0.7933333333333333,0.9276563677467973,0.7551893858335117,0.17246698191328558,0.09800984684247084
0.7935,0.9276563677467973,0.7554033811256152,0.17225298662118205,0.09799786439529731
0.7936666666666666,0.9276563677467973,0.7556173764177188,0.17203899132907852,0.09799760868259812
0.7938333333333333,0.9276563677467973,0.7558313717098224,0.17182499603697488,0.09796652488538062
0.794,0.9276563677467973,0.7560453670019259,0.17161100074487134,0.09794958333614939
0.7941666666666667,0.9276563677467973,0.7562593622940296,0.1713970054527677,0.09791305589960571
0.7943333333333333,0.9276563677467973,0.7564733575861331,0.17118301016066417,0.09788314318311958
0.7945,0.9276563677467973,0.7566873528782366,0.17096901486856064,0.09786636564130807
0.7946666666666666,0.9276563677467973,0.7569013481703403,0.170755019576457,0.0978637561591119
0.7948333333333333,0.9284099472494348,0.7569013481703403,0.17150859907909455,0.09782290860191373
0.795,0.9291635267520724,0.7569013481703403,0.1722621785817321,0.09782023769496419
0.7951666666666667,0.9291635267520724,0.7571153434624438,0.17204818328962856,0.09771593973838752
0.7953333333333333,0.9291635267520724,0.7573293387545474,0.17183418799752492,0.09769849250301389
0.7955,0.9291635267520724,0.757543334046651,0.1716201927054214,0.09768101227462186
0.7956666666666666,0.9291635267520724,0.7577573293387545,0.17140619741331786,0.09767156050668556
0.7958333333333333,0.9291635267520724,0.7579713246308581,0.17119220212121422,0.09759799876635705
0.796,0.9291635267520724,0.7581853199229617,0.1709782068291107,0.09758452144385286
0.7961666666666667,0.9291635267520724,0.7583993152150653,0.17076421153700705,0.09756708319477216
0.7963333333333333,0.9291635267520724,0.7586133105071688,0.17055021624490352,0.09755655082730348
0.7965,0.9291635267520724,0.7588273057992724,0.1703362209528,0.0975560328841592
0.7966666666666666,0.9291635267520724,0.759041301091376,0.17012222566069635,0.09755406451106792
0.7968333333333333,0.9291635267520724,0.7592552963834795,0.16990823036859282,0.09747692720922882
0.797,0.9291635267520724,0.7594692916755832,0.16969423507648917,0.09746295320971421
0.7971666666666667,0.9291635267520724,0.7596832869676867,0.16948023978438564,0.09745782968342624
0.7973333333333333,0.9291635267520724,0.7598972822597903,0.16926624449228211,0.09741815787120663
0.7975,0.9291635267520724,0.7601112775518939,0.16905224920017847,0.0974157709990576
0.7976666666666666,0.9291635267520724,0.7603252728439974,0.16883825390807494,0.09739789832792041
0.7978333333333333,0.9291635267520724,0.760539268136101,0.1686242586159714,0.09737525639051374
0.798,0.9291635267520724,0.7607532634282046,0.16841026332386777,0.09735085042408842
0.7981666666666667,0.9291635267520724,0.7609672587203081,0.16819626803176424,0.09733422669595379
0.7983333333333333,0.9291635267520724,0.7611812540124118,0.1679822727396606,0.09731762153862562
0.7985,0.9299171062547099,0.7611812540124118,0.16873585224229815,0.09731440024184045
0.7986666666666666,0.9306706857573473,0.7611812540124118,0.16948943174493558,0.0973022433372961
0.7988333333333333,0.9306706857573473,0.7613952493045153,0.16927543645283205,0.09725239147122886
0.799,0.9306706857573473,0.7616092445966188,0.16906144116072852,0.09719328984952906
0.7991666666666667,0.9306706857573473,0.7618232398887225,0.16884744586862488,0.09711881809544892
0.7993333333333333,0.9306706857573473,0.762037235180826,0.16863345057652135,0.09708613212257235
0.7995,0.9306706857573473,0.7622512304729296,0.1684194552844177,0.09707214959079989
0.7996666666666666,0.9306706857573473,0.7624652257650332,0.16820545999231418,0.09706312079460623
0.7998333333333333,0.9306706857573473,0.7626792210571367,0.16799146470021065,0.09694908196885732
0.8,0.9306706857573473,0.7628932163492403,0.167777469408107,0.0969411003098126
0.8001666666666667,0.9314242652599849,0.7628932163492403,0.16853104891074455,0.09692767629245466
0.8003333333333333,0.9314242652599849,0.7631072116413439,0.16831705361864102,0.09688359405216551
0.8005,0.9314242652599849,0.7633212069334475,0.16810305832653738,0.09684344419669948
0.8006666666666666,0.9321778447626224,0.7633212069334475,0.16885663782917493,0.09683234783029494
0.8008333333333333,0.9321778447626224,0.763535202225551,0.1686426425370714,0.0968145031935391
0.801,0.93293142426526,0.763535202225551,0.16939622203970894,0.09679941994611552
0.8011666666666667,0.93293142426526,0.7637491975176546,0.1691822267476054,0.09677430136036075
0.8013333333333333,0.93293142426526,0.7639631928097582,0.16896823145550177,0.09676312731424568
0.8015,0.93293142426526,0.7641771881018617,0.16875423616339824,0.0967368935565301
0.8016666666666666,0.93293142426526,0.7643911833939653,0.1685402408712947,0.0967223894486468
0.8018333333333333,0.93293142426526,0.7646051786860689,0.16832624557919107,0.09671664299545911
0.802,0.93293142426526,0.7648191739781725,0.16811225028708754,0.09652784001795083
0.8021666666666667,0.93293142426526,0.7650331692702761,0.1678982549949839,0.09648756957168023
0.8023333333333333,0.93293142426526,0.7652471645623796,0.16768425970288037,0.09647774542977848
0.8025,0.93293142426526,0.7654611598544832,0.16747026441077684,0.09643739363334547
0.8026666666666666,0.93293142426526,0.7656751551465868,0.1672562691186732,0.09627938991603176
0.8028333333333333,0.93293142426526,0.7658891504386903,0.16704227382656966,0.09625019664322876
0.803,0.93293142426526,0.766103145730794,0.16682827853446602,0.09622403958717093
0.8031666666666667,0.93293142426526,0.7663171410228975,0.1666142832423625,0.09621893399481936
0.8033333333333333,0.93293142426526,0.766531136315001,0.16640028795025896,0.09615206871731234
0.8035,0.93293142426526,0.7667451316071047,0.16618629265815532,0.09613115776511194
0.8036666666666666,0.93293142426526,0.7669591268992082,0.1659722973660518,0.09607272557402789
0.8038333333333333,0.93293142426526,0.7671731221913118,0.16575830207394815,0.09607040203011574
0.804,0.93293142426526,0.7673871174834154,0.16554430678184462,0.09606057836556786
0.8041666666666667,0.93293142426526,0.7676011127755189,0.1653303114897411,0.09598750319790787
0.8043333333333333,0.93293142426526,0.7678151080676225,0.16511631619763745,0.09596629409359801
0.8045,0.93293142426526,0.7680291033597261,0.16490232090553392,0.09593911221937884
0.8046666666666666,0.93293142426526,0.7682430986518297,0.16468832561343028,0.09590641180279015
0.8048333333333333,0.93293142426526,0.7684570939439332,0.16447433032132674,0.095904153876197
0.805,0.93293142426526,0.7686710892360368,0.16426033502922321,0.09589538836952612
0.8051666666666667,0.93293142426526,0.7688850845281404,0.16404633973711957,0.09585730055140161
0.8053333333333333,0.93293142426526,0.769099079820244,0.16383234444501604,0.09583242757404434
0.8055,0.93293142426526,0.7693130751123475,0.1636183491529125,0.09583225003355413
0.8056666666666666,0.93293142426526,0.7695270704044511,0.16340435386080887,0.09578485145812324
0.8058333333333333,0.93293142426526,0.7697410656965546,0.16319035856870534,0.09576127596621353
0.806,0.93293142426526,0.7699550609886583,0.1629763632766017,0.09573948569230702
0.8061666666666667,0.93293142426526,0.7701690562807618,0.16276236798449817,0.0957390548548178
0.8063333333333333,0.93293142426526,0.7703830515728654,0.16254837269239464,0.09570752211850254
0.8065,0.93293142426526,0.770597046864969,0.162334377400291,0.09566168516819776
0.8066666666666666,0.93293142426526,0.7708110421570725,0.16212038210818747,0.09566154345436392
0.8068333333333333,0.93293142426526,0.7710250374491762,0.16190638681608382,0.09562194733965218
0.807,0.93293142426526,0.7712390327412797,0.1616923915239803,0.09560617360002933
0.8071666666666667,0.93293142426526,0.7714530280333832,0.16147839623187676,0.0955878957745083
0.8073333333333333,0.93293142426526,0.7716670233254869,0.16126440093977312,0.0955863543658016
0.8075,0.93293142426526,0.7718810186175904,0.1610504056476696,0.0955393983807739
0.8076666666666666,0.93293142426526,0.772095013909694,0.16083641035556595,0.09549735439000258
0.8078333333333333,0.93293142426526,0.7723090092017976,0.16062241506346242,0.0954744369174214
0.808,0.93293142426526,0.7725230044939011,0.1604084197713589,0.09544328207400116
0.8081666666666667,0.9336850037678975,0.7725230044939011,0.16116199927399644,0.0954370846002134
0.8083333333333333,0.9336850037678975,0.7727369997860047,0.1609480039818928,0.09542678593428637
0.8085,0.9336850037678975,0.7729509950781083,0.16073400868978927,0.09541186363235367
0.8086666666666666,0.9336850037678975,0.7731649903702118,0.16052001339768573,0.09539387270332704
0.8088333333333333,0.9336850037678975,0.7733789856623154,0.1603060181055821,0.09539169858095599
0.809,0.9336850037678975,0.773592980954419,0.16009202281347856,0.09537701028185225
0.8091666666666667,0.9336850037678975,0.7738069762465226,0.15987802752137492,0.09528513068882759
0.8093333333333333,0.9336850037678975,0.7740209715386261,0.1596640322292714,0.09527823051730351
0.8095,0.9336850037678975,0.7742349668307297,0.15945003693716786,0.09523406252593254
0.8096666666666666,0.9336850037678975,0.7744489621228333,0.15923604164506422,0.09523350073283705
0.8098333333333333,0.9336850037678975,0.7746629574149368,0.1590220463529607,0.09518101971442416
0.81,0.9336850037678975,0.7748769527070405,0.15880805106085705,0.09517512100638684
0.8101666666666667,0.9336850037678975,0.775090947999144,0.15859405576875352,0.09516646850886734
0.8103333333333333,0.9336850037678975,0.7753049432912476,0.15838006047665,0.09514503492482893
0.8105,0.9336850037678975,0.7755189385833512,0.15816606518454635,0.09513420129384409
0.8106666666666666,0.9336850037678975,0.7757329338754547,0.15795206989244281,0.09512009360150894
0.8108333333333333,0.9336850037678975,0.7759469291675584,0.15773807460033917,0.09509659051741336
0.811,0.9336850037678975,0.7761609244596619,0.15752407930823564,0.09507976407841716
0.8111666666666667,0.9336850037678975,0.7763749197517654,0.1573100840161321,0.09503562705348402
0.8113333333333334,0.9344385832705351,0.7763749197517654,0.15806366351876966,0.09502740306494172
0.8115,0.9344385832705351,0.7765889150438691,0.15784966822666602,0.09496712210352774
0.8116666666666666,0.9344385832705351,0.7768029103359726,0.1576356729345625,0.09493148827516609
0.8118333333333333,0.9344385832705351,0.7770169056280762,0.15742167764245885,0.09492888525114324
0.812,0.9351921627731725,0.7770169056280762,0.15817525714509628,0.09489264181324407
0.8121666666666667,0.9351921627731725,0.7772309009201798,0.15796126185299275,0.09489249343636931
0.8123333333333334,0.9351921627731725,0.7774448962122833,0.15774726656088922,0.0948809617371628
0.8125,0.9351921627731725,0.7776588915043869,0.15753327126878558,0.09483826780677106
0.8126666666666666,0.9351921627731725,0.7778728867964905,0.15731927597668205,0.09482403121074286
0.8128333333333333,0.9351921627731725,0.778086882088594,0.15710528068457852,0.09482318456622449
0.813,0.9351921627731725,0.7783008773806976,0.15689128539247488,0.09480883890310395
0.8131666666666667,0.9351921627731725,0.7785148726728012,0.15667729010037135,0.09480222843798419
0.8133333333333334,0.9351921627731725,0.7787288679649048,0.1564632948082677,0.09474959326303828
0.8135,0.9351921627731725,0.7789428632570083,0.15624929951616418,0.09466883761764346
0.8136666666666666,0.9351921627731725,0.7791568585491119,0.15603530422406064,0.09466470534798943
0.8138333333333333,0.9351921627731725,0.7793708538412155,0.155821308931957,0.09463466521346553
0.814,0.9351921627731725,0.779584849133319,0.15560731363985347,0.09462414898276592
0.8141666666666667,0.9351921627731725,0.7797988444254227,0.15539331834774983,0.09456369671592797
0.8143333333333334,0.9351921627731725,0.7800128397175262,0.1551793230556463,0.09454594434131422
0.8145,0.9351921627731725,0.7802268350096297,0.15496532776354277,0.09454466204761346
0.8146666666666667,0.9359457422758101,0.7802268350096297,0.15571890726618032,0.09454273687114838
0.8148333333333333,0.9366993217784476,0.7802268350096297,0.15647248676881786,0.09440652107902962
0.815,0.9366993217784476,0.7804408303017334,0.15625849147671422,0.09440636887472448
0.8151666666666667,0.9366993217784476,0.7806548255938369,0.1560444961846107,0.09432452516080794
0.8153333333333334,0.9366993217784476,0.7808688208859406,0.15583050089250705,0.09431765071503698
0.8155,0.9366993217784476,0.7810828161780441,0.15561650560040352,0.09426965005780434
0.8156666666666667,0.9366993217784476,0.7812968114701476,0.1554025103083,0.09425656970010678
0.8158333333333333,0.9366993217784476,0.7815108067622513,0.15518851501619635,0.09417841354923416
0.816,0.9366993217784476,0.7817248020543548,0.15497451972409282,0.09409567586703528
0.8161666666666667,0.9366993217784476,0.7819387973464583,0.1547605244319893,0.09408482552945877
0.8163333333333334,0.9366993217784476,0.782152792638562,0.15454652913988565,0.09408092863378363
0.8165,0.9366993217784476,0.7823667879306655,0.15433253384778212,0.09406652846356449
0.8166666666666667,0.9366993217784476,0.7825807832227691,0.15411853855567847,0.0940600819768307
0.8168333333333333,0.9366993217784476,0.7827947785148727,0.15390454326357494,0.09405749892066306
0.817,0.9366993217784476,0.7830087738069762,0.15369054797147141,0.09404845674895594
0.8171666666666667,0.9366993217784476,0.7832227690990798,0.15347655267936777,0.09403009876197864
0.8173333333333334,0.9366993217784476,0.7834367643911834,0.15326255738726424,0.09400315248390284
0.8175,0.9366993217784476,0.783650759683287,0.1530485620951606,0.09400044425136868
0.8176666666666667,0.9366993217784476,0.7838647549753905,0.15283456680305707,0.09397099255896
0.8178333333333333,0.9366993217784476,0.7840787502674941,0.15262057151095354,0.09396686961580832
0.818,0.9366993217784476,0.7842927455595977,0.1524065762188499,0.09395094552537168
0.8181666666666667,0.9366993217784476,0.7845067408517012,0.15219258092674637,0.09392989826094018
0.8183333333333334,0.9366993217784476,0.7847207361438049,0.15197858563464273,0.09392740218321602
0.8185,0.9366993217784476,0.7849347314359084,0.1517645903425392,0.09391899014229967
0.8186666666666667,0.9366993217784476,0.785148726728012,0.15155059505043567,0.09385198996504363
0.8188333333333333,0.9366993217784476,0.7853627220201156,0.15133659975833202,0.09384939526170913
0.819,0.9366993217784476,0.7855767173122191,0.1511226044662285,0.09382941295119981
0.8191666666666667,0.9366993217784476,0.7857907126043226,0.15090860917412496,0.09379607871002268
0.8193333333333334,0.9366993217784476,0.7860047078964263,0.15069461388202132,0.0937876901610996
0.8195,0.9366993217784476,0.7862187031885298,0.1504806185899178,0.09371922047675545
0.8196666666666667,0.9366993217784476,0.7864326984806335,0.15026662329781415,0.09368147395301633
0.8198333333333333,0.9374529012810852,0.7864326984806335,0.1510202028004517,0.09363049326728501
0.82,0.9374529012810852,0.786646693772737,0.15080620750834817,0.09362618101628649
0.8201666666666667,0.9374529012810852,0.7868606890648405,0.15059221221624464,0.09360331470244643
0.8203333333333334,0.9374529012810852,0.7870746843569442,0.150378216924141,0.09358754323689121
0.8205,0.9374529012810852,0.7872886796490477,0.15016422163203746,0.09355847903225854
0.8206666666666667,0.9374529012810852,0.7875026749411513,0.14995022633993382,0.09353567660174172
0.8208333333333333,0.9374529012810852,0.7877166702332549,0.1497362310478303,0.09350881888663255
0.821,0.9374529012810852,0.7879306655253584,0.14952223575572676,0.09349057382857459
0.8211666666666667,0.9374529012810852,0.788144660817462,0.14930824046362312,0.09341573294022587
0.8213333333333334,0.9374529012810852,0.7883586561095656,0.1490942451715196,0.09336313551991093
0.8215,0.9382064807837227,0.7883586561095656,0.14984782467415714,0.09335213117999103
0.8216666666666667,0.9382064807837227,0.7885726514016692,0.1496338293820535,0.09334559118126337
0.8218333333333333,0.9389600602863603,0.7885726514016692,0.15038740888469104,0.09321174869854373
0.822,0.9389600602863603,0.7887866466937727,0.1501734135925875,0.09318859661414673
0.8221666666666667,0.9389600602863603,0.7890006419858763,0.14995941830048398,0.09318097630299996
0.8223333333333334,0.9397136397889977,0.7890006419858763,0.15071299780312142,0.09316661571844333
0.8225,0.9397136397889977,0.7892146372779799,0.15049900251101778,0.0931372016905746
0.8226666666666667,0.9397136397889977,0.7894286325700834,0.15028500721891425,0.09305978367538736
0.8228333333333333,0.9397136397889977,0.7896426278621871,0.1500710119268106,0.09305766717271083
0.823,0.9397136397889977,0.7898566231542906,0.14985701663470707,0.09297672028460884
0.8231666666666667,0.9397136397889977,0.7900706184463941,0.14964302134260354,0.09293361649628192
0.8233333333333334,0.9397136397889977,0.7902846137384978,0.1494290260504999,0.09285848839403077
0.8235,0.9397136397889977,0.7904986090306013,0.14921503075839637,0.09283952700863655
0.8236666666666667,0.9397136397889977,0.7907126043227048,0.14900103546629284,0.09283620448646131
0.8238333333333333,0.9397136397889977,0.7909265996148085,0.1487870401741892,0.09281865479946881
0.824,0.9397136397889977,0.791140594906912,0.14857304488208567,0.09277834506603691
0.8241666666666667,0.9397136397889977,0.7913545901990157,0.14835904958998203,0.09270439004204133
0.8243333333333334,0.9397136397889977,0.7915685854911192,0.1481450542978785,0.09270288505260083
0.8245,0.9404672192916352,0.7915685854911192,0.14889863380051604,0.09269702416519067
0.8246666666666667,0.9404672192916352,0.7917825807832227,0.14868463850841251,0.09264755736989856
0.8248333333333333,0.9404672192916352,0.7919965760753264,0.14847064321630887,0.0926141120485168
0.825,0.9404672192916352,0.7922105713674299,0.14825664792420534,0.09251861980115371
0.8251666666666667,0.9404672192916352,0.7924245666595335,0.1480426526321017,0.09251243137217924
0.8253333333333334,0.9404672192916352,0.7926385619516371,0.14782865733999817,0.09249852680610121
0.8255,0.9404672192916352,0.7928525572437406,0.14761466204789464,0.0924959287494107
0.8256666666666667,0.9404672192916352,0.7930665525358442,0.147400666755791,0.09249339839902934
0.8258333333333333,0.9404672192916352,0.7932805478279478,0.14718667146368747,0.09248725935813984
0.826,0.9404672192916352,0.7934945431200514,0.14697267617158383,0.09247341579792713
0.8261666666666667,0.9412207987942728,0.7934945431200514,0.14772625567422137,0.0924501321937066
0.8263333333333334,0.9412207987942728,0.7937085384121549,0.14751226038211784,0.09242058173163885
0.8265,0.9412207987942728,0.7939225337042585,0.1472982650900143,0.09241400772982447
0.8266666666666667,0.9412207987942728,0.7941365289963621,0.14708426979791067,0.09237567321514303
0.8268333333333333,0.9412207987942728,0.7943505242884656,0.14687027450580714,0.09232594399133655
0.827,0.9412207987942728,0.7945645195805692,0.1466562792137036,0.09231388041623526
0.8271666666666667,0.9419743782969103,0.7945645195805692,0.14740985871634116,0.09231344615523289
0.8273333333333334,0.9419743782969103,0.7947785148726728,0.14719586342423752,0.09230409961033666
0.8275,0.9419743782969103,0.7949925101647763,0.14698186813213399,0.0922579875238989
0.8276666666666667,0.9419743782969103,0.79520650545688,0.14676787284003034,0.09224065963245817
0.8278333333333333,0.9419743782969103,0.7954205007489835,0.14655387754792681,0.09222860243802046
0.828,0.9419743782969103,0.795634496041087,0.14633988225582328,0.09221867081737514
0.8281666666666667,0.9419743782969103,0.7958484913331907,0.14612588696371964,0.09219315115439257
0.8283333333333334,0.9419743782969103,0.7960624866252942,0.1459118916716161,0.092138501293086
0.8285,0.9419743782969103,0.7962764819173979,0.14569789637951247,0.09199906308973278
0.8286666666666667,0.9419743782969103,0.7964904772095014,0.14548390108740894,0.09197347200048553
0.8288333333333333,0.9419743782969103,0.7967044725016049,0.1452699057953054,0.09195663449228533
0.829,0.9419743782969103,0.7969184677937086,0.14505591050320177,0.09195016580954571
0.8291666666666667,0.9419743782969103,0.7971324630858121,0.14484191521109824,0.09194630310519598
0.8293333333333334,0.9419743782969103,0.7973464583779157,0.1446279199189946,0.09194425146301717
0.8295,0.9419743782969103,0.7975604536700193,0.14441392462689107,0.09192887701614008
0.8296666666666667,0.9419743782969103,0.7977744489621228,0.14419992933478754,0.09192442446377216
0.8298333333333333,0.9419743782969103,0.7979884442542264,0.1439859340426839,0.0918670377961348
0.83,0.9419743782969103,0.79820243954633,0.14377193875058036,0.09184721538190323
0.8301666666666667,0.9419743782969103,0.7984164348384336,0.14355794345847672,0.09180806712946966
0.8303333333333334,0.9427279577995479,0.7984164348384336,0.14431152296111427,0.09178590705214004
0.8305,0.9427279577995479,0.7986304301305371,0.14409752766901074,0.09176913759211142
0.8306666666666667,0.9427279577995479,0.7988444254226407,0.1438835323769072,0.09176317350570912
0.8308333333333333,0.9427279577995479,0.7990584207147443,0.14366953708480357,0.09175779386227328
0.831,0.9427279577995479,0.7992724160068478,0.14345554179270004,0.09174236360368522
0.8311666666666667,0.9427279577995479,0.7994864112989514,0.1432415465005965,0.09174067688986104
0.8313333333333334,0.9427279577995479,0.799700406591055,0.14302755120849286,0.09171633829768865
0.8315,0.9434815373021854,0.799700406591055,0.1437811307111304,0.09167716725834803
0.8316666666666667,0.9434815373021854,0.7999144018831585,0.14356713541902688,0.09162507179905569
0.8318333333333333,0.9434815373021854,0.8001283971752622,0.14335314012692324,0.0916177351014237
0.832,0.9434815373021854,0.8003423924673657,0.1431391448348197,0.0916173339514921
0.8321666666666667,0.9434815373021854,0.8005563877594692,0.14292514954271618,0.09161299379238567
0.8323333333333334,0.9434815373021854,0.8007703830515729,0.14271115425061254,0.09156855798654187
0.8325,0.9434815373021854,0.8009843783436764,0.142497158958509,0.09155748689354586
0.8326666666666667,0.9434815373021854,0.8011983736357801,0.14228316366640537,0.09155285675096404
0.8328333333333333,0.9434815373021854,0.8014123689278836,0.14206916837430184,0.09155074779719143
0.833,0.9434815373021854,0.8016263642199871,0.1418551730821983,0.09154018475076392
0.8331666666666667,0.9434815373021854,0.8018403595120908,0.14164117779009466,0.09151162390249673
0.8333333333333334,0.9434815373021854,0.8020543548041943,0.14142718249799113,0.09147542753917137
0.8335,0.9434815373021854,0.8022683500962979,0.1412131872058875,0.09145990473264787
0.8336666666666667,0.9434815373021854,0.8024823453884015,0.14099919191378396,0.09143738314619061
0.8338333333333333,0.9434815373021854,0.802696340680505,0.14078519662168043,0.09143021645452343
0.834,0.9434815373021854,0.8029103359726086,0.1405712013295768,0.09142883405191644
0.8341666666666666,0.9434815373021854,0.8031243312647122,0.14035720603747326,0.09139041277895685
0.8343333333333334,0.9434815373021854,0.8033383265568157,0.14014321074536973,0.0913624307194762
0.8345,0.9434815373021854,0.8035523218489193,0.1399292154532661,0.09135739141327723
0.8346666666666667,0.9434815373021854,0.8037663171410229,0.13971522016116256,0.09135186424459256
0.8348333333333333,0.9434815373021854,0.8039803124331265,0.13950122486905892,0.09134868455350911
0.835,0.9434815373021854,0.80419430772523,0.13928722957695538,0.0912242343896268
0.8351666666666666,0.9434815373021854,0.8044083030173336,0.13907323428485185,0.09114198608019987
0.8353333333333334,0.9434815373021854,0.8046222983094372,0.1388592389927482,0.09112443623145197
0.8355,0.9434815373021854,0.8048362936015407,0.13864524370064468,0.09110593585090178
0.8356666666666667,0.9434815373021854,0.8050502888936444,0.13843124840854104,0.09108829584777849
0.8358333333333333,0.9434815373021854,0.8052642841857479,0.1382172531164375,0.09108459518546934
0.836,0.9434815373021854,0.8054782794778514,0.13800325782433398,0.09105992505084745
0.8361666666666666,0.9434815373021854,0.8056922747699551,0.13778926253223034,0.09104264272400733
0.8363333333333334,0.9434815373021854,0.8059062700620586,0.1375752672401268,0.09103892961835618
0.8365,0.9434815373021854,0.8061202653541623,0.13736127194802317,0.09100845251014504
0.8366666666666667,0.9434815373021854,0.8063342606462658,0.13714727665591964,0.0909838924650283
0.8368333333333333,0.9434815373021854,0.8065482559383693,0.1369332813638161,0.09093131545754277
0.837,0.9434815373021854,0.806762251230473,0.13671928607171246,0.09092902862901882
0.8371666666666666,0.9434815373021854,0.8069762465225765,0.13650529077960893,0.09092628511404256
0.8373333333333334,0.9434815373021854,0.8071902418146801,0.1362912954875053,0.0909186541876423
0.8375,0.9434815373021854,0.8074042371067837,0.13607730019540176,0.09090925608675865
0.8376666666666667,0.9434815373021854,0.8076182323988872,0.13586330490329823,0.09088783293077783
0.8378333333333333,0.9434815373021854,0.8078322276909908,0.1356493096111946,0.09086859148833684
0.838,0.9434815373021854,0.8080462229830944,0.13543531431909106,0.09084809801791273
0.8381666666666666,0.9434815373021854,0.8082602182751979,0.13522131902698753,0.09081452391962411
0.8383333333333334,0.9434815373021854,0.8084742135673015,0.1350073237348839,0.0908094552895332
0.8385,0.9434815373021854,0.8086882088594051,0.13479332844278036,0.09077052734150312
0.8386666666666667,0.9434815373021854,0.8089022041515087,0.13457933315067672,0.09075690173408862
0.8388333333333333,0.9434815373021854,0.8091161994436122,0.1343653378585732,0.09074756637742289
0.839,0.9442351168048229,0.8091161994436122,0.13511891736121062,0.09070925239456834
0.8391666666666666,0.9442351168048229,0.8093301947357158,0.1349049220691071,0.0907056311770974
0.8393333333333334,0.9442351168048229,0.8095441900278194,0.13469092677700345,0.09064468176318645
0.8395,0.9442351168048229,0.8097581853199229,0.13447693148489992,0.09061967562456887
0.8396666666666667,0.9442351168048229,0.8099721806120266,0.13426293619279628,0.09059735254858352
0.8398333333333333,0.9442351168048229,0.8101861759041301,0.13404894090069275,0.09058891747797897
0.84,0.9449886963074604,0.8101861759041301,0.1348025204033303,0.09056404574244444
0.8401666666666666,0.945742275810098,0.8101861759041301,0.13555609990596784,0.09054757764341434
0.8403333333333334,0.945742275810098,0.8104001711962336,0.1353421046138643,0.09043043789057931
0.8405,0.945742275810098,0.8106141664883373,0.13512810932176067,0.09042505538475681
0.8406666666666667,0.945742275810098,0.8108281617804408,0.13491411402965714,0.09042189811998858
0.8408333333333333,0.945742275810098,0.8110421570725445,0.1347001187375535,0.09036835435830555
0.841,0.945742275810098,0.811256152364648,0.13448612344544997,0.09031367917346776
0.8411666666666666,0.945742275810098,0.8114701476567515,0.13427212815334644,0.09030890793644222
0.8413333333333334,0.945742275810098,0.8116841429488552,0.1340581328612428,0.09025038782985974
0.8415,0.9464958553127355,0.8116841429488552,0.13481171236388034,0.09011719619126979
0.8416666666666667,0.9464958553127355,0.8118981382409587,0.1345977170717768,0.09011398304951272
0.8418333333333333,0.9464958553127355,0.8121121335330622,0.13438372177967328,0.0900959720039133
0.842,0.9464958553127355,0.8123261288251659,0.13416972648756964,0.08997866276140153
0.8421666666666666,0.9464958553127355,0.8125401241172694,0.1339557311954661,0.08997308197683554
0.8423333333333334,0.9464958553127355,0.812754119409373,0.13374173590336247,0.08996258321910662
0.8425,0.9464958553127355,0.8129681147014766,0.13352774061125894,0.08992780035437194
0.8426666666666667,0.9464958553127355,0.8131821099935801,0.1333137453191554,0.08991722176015621
0.8428333333333333,0.9464958553127355,0.8133961052856837,0.13309975002705177,0.08990725568626298
0.843,0.9464958553127355,0.8136101005777873,0.13288575473494824,0.08986286156915807
0.8431666666666666,0.9464958553127355,0.8138240958698909,0.1326717594428446,0.0898621992995247
0.8433333333333334,0.9464958553127355,0.8140380911619944,0.13245776415074106,0.08982741244601705
0.8435,0.9464958553127355,0.814252086454098,0.13224376885863753,0.08982096651224522
0.8436666666666667,0.9464958553127355,0.8144660817462016,0.1320297735665339,0.0898108052230251
0.8438333333333333,0.9464958553127355,0.8146800770383051,0.13181577827443036,0.08980974017329883
0.844,0.947249434815373,0.8146800770383051,0.1325693577770679,0.08980580555824576
0.8441666666666666,0.947249434815373,0.8148940723304088,0.13235536248496427,0.08975738037081459
0.8443333333333334,0.947249434815373,0.8151080676225123,0.13214136719286074,0.08972581260236127
0.8445,0.947249434815373,0.8153220629146158,0.1319273719007572,0.08964094573394545
0.8446666666666667,0.9480030143180106,0.8153220629146158,0.13268095140339475,0.08963504934187526
0.8448333333333333,0.9480030143180106,0.8155360582067195,0.1324669561112911,0.08958717633362458
0.845,0.9480030143180106,0.815750053498823,0.13225296081918758,0.08957226812589221
0.8451666666666666,0.9480030143180106,0.8159640487909267,0.13203896552708394,0.08947820165793213
0.8453333333333334,0.948756593820648,0.8159640487909267,0.13279254502972138,0.0894432340527022
0.8455,0.948756593820648,0.8161780440830302,0.13257854973761785,0.08943377328056974
0.8456666666666667,0.948756593820648,0.8163920393751337,0.13236455444551432,0.08940103949738677
0.8458333333333333,0.948756593820648,0.8166060346672374,0.13215055915341067,0.08938276385973407
0.846,0.948756593820648,0.8168200299593409,0.13193656386130714,0.08936882824260589
0.8461666666666666,0.948756593820648,0.8170340252514444,0.1317225685692036,0.08928033840277823
0.8463333333333334,0.9495101733232856,0.8170340252514444,0.13247614807184116,0.0892664912782114
0.8465,0.9495101733232856,0.8172480205435481,0.13226215277973752,0.08925149711569072
0.8466666666666667,0.9495101733232856,0.8174620158356516,0.132048157487634,0.08921085198112354
0.8468333333333333,0.9495101733232856,0.8176760111277552,0.13183416219553035,0.08919924891334491
0.847,0.9502637528259231,0.8176760111277552,0.1325877416981679,0.08919396831880681
0.8471666666666666,0.9502637528259231,0.8178900064198588,0.13237374640606436,0.08917504328943228
0.8473333333333334,0.9502637528259231,0.8181040017119623,0.13215975111396083,0.08917488684817122
0.8475,0.9502637528259231,0.8183179970040659,0.1319457558218572,0.08904469696871728
0.8476666666666667,0.9502637528259231,0.8185319922961695,0.13173176052975366,0.08900657151444959
0.8478333333333333,0.9502637528259231,0.8187459875882731,0.13151776523765002,0.08900124401049543
0.848,0.9502637528259231,0.8189599828803766,0.1313037699455465,0.08899360066117433
0.8481666666666666,0.9502637528259231,0.8191739781724802,0.13108977465344296,0.08899180906000638
0.8483333333333334,0.9510173323285607,0.8191739781724802,0.1318433541560805,0.08890580282089498
0.8485,0.9517709118311982,0.8191739781724802,0.13259693365871805,0.08887306878146792
0.8486666666666667,0.9517709118311982,0.8193879734645838,0.1323829383666144,0.08876395020430199
0.8488333333333333,0.9517709118311982,0.8196019687566873,0.13216894307451088,0.08875796236895564
0.849,0.9517709118311982,0.819815964048791,0.13195494778240724,0.08875048383690748
0.8491666666666666,0.9517709118311982,0.8200299593408945,0.1317409524903037,0.08872011711442741
0.8493333333333334,0.9517709118311982,0.820243954632998,0.13152695719820018,0.08869701470491982
0.8495,0.9517709118311982,0.8204579499251017,0.13131296190609654,0.08866392999614714
0.8496666666666667,0.9517709118311982,0.8206719452172052,0.131098966613993,0.08858769720976324
0.8498333333333333,0.9517709118311982,0.8208859405093087,0.13088497132188948,0.088564902200013
0.85,0.9517709118311982,0.8210999358014124,0.13067097602978583,0.08856269201730813
0.8501666666666666,0.9517709118311982,0.8213139310935159,0.1304569807376823,0.08851729124587876
0.8503333333333334,0.9517709118311982,0.8215279263856196,0.13024298544557866,0.08851224659523549
0.8505,0.9517709118311982,0.8217419216777231,0.13002899015347513,0.08849876212665218
0.8506666666666667,0.9517709118311982,0.8219559169698266,0.1298149948613716,0.08849702186733312
0.8508333333333333,0.9517709118311982,0.8221699122619303,0.12960099956926796,0.08845385438569187
0.851,0.9517709118311982,0.8223839075540338,0.12938700427716443,0.08844160378131019
0.8511666666666666,0.9517709118311982,0.8225979028461374,0.1291730089850608,0.08842666858013486
0.8513333333333334,0.9517709118311982,0.822811898138241,0.12895901369295726,0.08842150210242562
0.8515,0.9517709118311982,0.8230258934303445,0.12874501840085373,0.08840063250276235
0.8516666666666667,0.9517709118311982,0.8232398887224481,0.1285310231087501,0.08839878677187551
0.8518333333333333,0.9517709118311982,0.8234538840145517,0.12831702781664656,0.08835037849333467
0.852,0.9517709118311982,0.8236678793066553,0.12810303252454291,0.08834612084194496
0.8521666666666666,0.9517709118311982,0.8238818745987588,0.12788903723243938,0.08831736756064924
0.8523333333333334,0.9517709118311982,0.8240958698908624,0.12767504194033585,0.08831220239606065
0.8525,0.9517709118311982,0.824309865182966,0.1274610466482322,0.08830036108042931
0.8526666666666667,0.9517709118311982,0.8245238604750695,0.12724705135612868,0.08825284462390227
0.8528333333333333,0.9517709118311982,0.8247378557671731,0.12703305606402515,0.08824819749387063
0.853,0.9517709118311982,0.8249518510592767,0.1268190607719215,0.08822597238081588
0.8531666666666666,0.9517709118311982,0.8251658463513802,0.12660506547981798,0.08817966481476924
0.8533333333333334,0.9517709118311982,0.8253798416434839,0.12639107018771434,0.08817759785640794
0.8535,0.9517709118311982,0.8255938369355874,0.1261770748956108,0.08815923722364369
0.8536666666666667,0.9517709118311982,0.8258078322276909,0.12596307960350728,0.08813888751900655
0.8538333333333333,0.9517709118311982,0.8260218275197946,0.12574908431140364,0.08810759440734793
0.854,0.9517709118311982,0.8262358228118981,0.1255350890193001,0.08808727684472065
0.8541666666666666,0.9517709118311982,0.8264498181040018,0.12532109372719646,0.08805009128839734
0.8543333333333333,0.9517709118311982,0.8266638133961053,0.12510709843509293,0.08802386324388911
0.8545,0.9525244913338358,0.8266638133961053,0.12586067793773048,0.08797915430172291
0.8546666666666667,0.9532780708364732,0.8266638133961053,0.12661425744036792,0.08797231270792374
0.8548333333333333,0.9532780708364732,0.8268778086882088,0.1264002621482644,0.08794178067593598
0.855,0.9532780708364732,0.8270918039803125,0.12618626685616074,0.08789362333161121
0.8551666666666666,0.9532780708364732,0.827305799272416,0.12597227156405721,0.08786221591525574
0.8553333333333333,0.9532780708364732,0.8275197945645196,0.12575827627195357,0.08782877239872165
0.8555,0.9532780708364732,0.8277337898566232,0.12554428097985004,0.08780500193992419
0.8556666666666667,0.9532780708364732,0.8279477851487267,0.1253302856877465,0.0878014262549828
0.8558333333333333,0.9532780708364732,0.8281617804408303,0.12511629039564287,0.08775683275272739
0.856,0.9532780708364732,0.8283757757329339,0.12490229510353934,0.08773357155270316
0.8561666666666666,0.9532780708364732,0.8285897710250375,0.1246882998114357,0.08772388991605472
0.8563333333333333,0.9532780708364732,0.828803766317141,0.12447430451933217,0.08769825782663618
0.8565,0.9532780708364732,0.8290177616092446,0.12426030922722864,0.08768646437700177
0.8566666666666667,0.9532780708364732,0.8292317569013482,0.124046313935125,0.08766884670044538
0.8568333333333333,0.9532780708364732,0.8294457521934517,0.12383231864302147,0.08765624765940588
0.857,0.9532780708364732,0.8296597474855553,0.12361832335091794,0.08763478183847422
0.8571666666666666,0.9532780708364732,0.8298737427776589,0.1234043280588143,0.08761504672532283
0.8573333333333333,0.9532780708364732,0.8300877380697624,0.12319033276671076,0.08761490178302027
0.8575,0.9532780708364732,0.8303017333618661,0.12297633747460712,0.0875953541464081
0.8576666666666667,0.9532780708364732,0.8305157286539696,0.12276234218250359,0.08759506362748022
0.8578333333333333,0.9532780708364732,0.8307297239460731,0.12254834689040006,0.08757322893091911
0.858,0.9532780708364732,0.8309437192381768,0.12233435159829642,0.08756302575377047
0.8581666666666666,0.9540316503391107,0.8309437192381768,0.12308793110093397,0.08756018368627727
0.8583333333333333,0.9540316503391107,0.8311577145302803,0.12287393580883044,0.08755893883273629
0.8585,0.9540316503391107,0.831371709822384,0.1226599405167268,0.08753546396350276
0.8586666666666667,0.9540316503391107,0.8315857051144875,0.12244594522462326,0.08749813363550225
0.8588333333333333,0.9540316503391107,0.831799700406591,0.12223194993251973,0.08747628831809284
0.859,0.9540316503391107,0.8320136956986947,0.1220179546404161,0.08747198297051957
0.8591666666666666,0.9540316503391107,0.8322276909907982,0.12180395934831256,0.0873453771316017
0.8593333333333333,0.9540316503391107,0.8324416862829018,0.12158996405620892,0.08730733844748544
0.8595,0.9547852298417483,0.8324416862829018,0.12234354355884647,0.08726896744357926
0.8596666666666667,0.9547852298417483,0.8326556815750054,0.12212954826674294,0.08723158227482924
0.8598333333333333,0.9547852298417483,0.8328696768671089,0.12191555297463941,0.08722811666900081
0.86,0.9547852298417483,0.8330836721592125,0.12170155768253577,0.0871557385329658
0.8601666666666666,0.9547852298417483,0.8332976674513161,0.12148756239043224,0.08715543648839069
0.8603333333333333,0.9547852298417483,0.8335116627434196,0.1212735670983287,0.08713346088751098
0.8605,0.9547852298417483,0.8337256580355232,0.12105957180622506,0.08710641901895069
0.8606666666666667,0.9547852298417483,0.8339396533276268,0.12084557651412153,0.08709989194128252
0.8608333333333333,0.9547852298417483,0.8341536486197304,0.12063158122201789,0.08709156580513298
0.861,0.9547852298417483,0.8343676439118339,0.12041758592991436,0.0870474136207068
0.8611666666666666,0.9547852298417483,0.8345816392039375,0.12020359063781083,0.08704647369581227
0.8613333333333333,0.9555388093443858,0.8345816392039375,0.12095717014044838,0.08704596481287058
0.8615,0.9555388093443858,0.8347956344960411,0.12074317484834474,0.08701725014469068
0.8616666666666667,0.9555388093443858,0.8350096297881446,0.1205291795562412,0.08698683052645588
0.8618333333333333,0.9555388093443858,0.8352236250802483,0.12031518426413756,0.08694791827021153
0.862,0.9555388093443858,0.8354376203723518,0.12010118897203403,0.08686465484576555
0.8621666666666666,0.9555388093443858,0.8356516156644553,0.1198871936799305,0.08682299604757324
0.8623333333333333,0.9555388093443858,0.835865610956559,0.11967319838782686,0.08681207247936412
0.8625,0.9555388093443858,0.8360796062486625,0.11945920309572333,0.0868088940519803
0.8626666666666667,0.9555388093443858,0.8362936015407662,0.11924520780361969,0.08675138960333813
0.8628333333333333,0.9555388093443858,0.8365075968328697,0.11903121251151616,0.08672458278033282
0.863,0.9555388093443858,0.8367215921249732,0.11881721721941263,0.08671902608847308
0.8631666666666666,0.9555388093443858,0.8369355874170769,0.11860322192730899,0.08670350277330281
0.8633333333333333,0.9555388093443858,0.8371495827091804,0.11838922663520546,0.08666775857119816
0.8635,0.9562923888470234,0.8371495827091804,0.119142806137843,0.08665785124967781
0.8636666666666667,0.9562923888470234,0.837363578001284,0.11892881084573936,0.08665545669269141
0.8638333333333333,0.9562923888470234,0.8375775732933876,0.11871481555363583,0.08664306499067012
0.864,0.9562923888470234,0.8377915685854911,0.1185008202615323,0.08663056079046184
0.8641666666666666,0.9562923888470234,0.8380055638775947,0.11828682496942866,0.08659906244939489
0.8643333333333333,0.9562923888470234,0.8382195591696983,0.11807282967732513,0.08656968143302618
0.8645,0.9562923888470234,0.8384335544618018,0.1178588343852216,0.08656294294468105
0.8646666666666667,0.9562923888470234,0.8386475497539054,0.11764483909311796,0.0865588501972088
0.8648333333333333,0.9570459683496609,0.8386475497539054,0.1183984185957555,0.08652239771175911
0.865,0.9570459683496609,0.838861545046009,0.11818442330365198,0.0864175852479199
0.8651666666666666,0.9577995478522984,0.838861545046009,0.11893800280628941,0.08638668557161466
0.8653333333333333,0.9577995478522984,0.8390755403381126,0.11872400751418577,0.08638229201210172
0.8655,0.9577995478522984,0.8392895356302161,0.11851001222208224,0.08623047924993235
0.8656666666666667,0.9577995478522984,0.8395035309223197,0.11829601692997871,0.08622543528893009
0.8658333333333333,0.9577995478522984,0.8397175262144233,0.11808202163787507,0.08616038264470742
0.866,0.9577995478522984,0.8399315215065268,0.11786802634577154,0.08614775028986629
0.8661666666666666,0.9577995478522984,0.8401455167986305,0.1176540310536679,0.08610895876717686
0.8663333333333333,0.9577995478522984,0.840359512090734,0.11744003576156437,0.0860192418040369
0.8665,0.9585531273549359,0.840359512090734,0.11819361526420191,0.08601377450473914
0.8666666666666667,0.9585531273549359,0.8405735073828375,0.11797961997209838,0.08594471578965068
0.8668333333333333,0.9585531273549359,0.8407875026749412,0.11776562467999474,0.08581997524091238
0.867,0.9585531273549359,0.8410014979670447,0.11755162938789121,0.08581691496356121
0.8671666666666666,0.9585531273549359,0.8412154932591484,0.11733763409578757,0.08573827873092683
0.8673333333333333,0.9585531273549359,0.8414294885512519,0.11712363880368404,0.08573442698182981
0.8675,0.9585531273549359,0.8416434838433554,0.11690964351158051,0.08570177227946542
0.8676666666666667,0.9585531273549359,0.841857479135459,0.11669564821947687,0.0856799261442275
0.8678333333333333,0.9585531273549359,0.8420714744275626,0.11648165292737334,0.08566056438771118
0.868,0.9585531273549359,0.8422854697196661,0.1162676576352698,0.08565899198612847
0.8681666666666666,0.9585531273549359,0.8424994650117698,0.11605366234316616,0.08565450725613862
0.8683333333333333,0.9585531273549359,0.8427134603038733,0.11583966705106263,0.08552225892585229
0.8685,0.9585531273549359,0.8429274555959769,0.11562567175895899,0.08551105497754581
0.8686666666666667,0.9585531273549359,0.8431414508880805,0.11541167646685546,0.08549914563770303
0.8688333333333333,0.9585531273549359,0.843355446180184,0.11519768117475193,0.085482686803845
0.869,0.9585531273549359,0.8435694414722876,0.11498368588264829,0.08548018692052642
0.8691666666666666,0.9585531273549359,0.8437834367643912,0.11476969059054476,0.08547712445639832
0.8693333333333333,0.9585531273549359,0.8439974320564948,0.11455569529844112,0.08546685103304041
0.8695,0.9585531273549359,0.8442114273485983,0.11434170000633759,0.08546193872297657
0.8696666666666667,0.9585531273549359,0.8444254226407019,0.11412770471423406,0.08546188675420228
0.8698333333333333,0.9593067068575735,0.8444254226407019,0.1148812842168716,0.08539189842187841
0.87,0.9593067068575735,0.8446394179328055,0.11466728892476796,0.08536450462142539
0.8701666666666666,0.9593067068575735,0.844853413224909,0.11445329363266443,0.08535789186215137
0.8703333333333333,0.9593067068575735,0.8450674085170127,0.11423929834056079,0.08529582569097115
0.8705,0.9593067068575735,0.8452814038091162,0.11402530304845726,0.08527271086895813
0.8706666666666667,0.9593067068575735,0.8454953991012197,0.11381130775635373,0.08525575757608672
0.8708333333333333,0.9593067068575735,0.8457093943933234,0.11359731246425009,0.08520145581723822
0.871,0.9593067068575735,0.8459233896854269,0.11338331717214656,0.0852005195199948
0.8711666666666666,0.960060286360211,0.8459233896854269,0.1141368966747841,0.08512132227298486
0.8713333333333333,0.960060286360211,0.8461373849775305,0.11392290138268046,0.08511239035833502
0.8715,0.9608138658628486,0.8461373849775305,0.11467648088531801,0.08508670763332532
0.8716666666666667,0.9608138658628486,0.8463513802696341,0.11446248559321448,0.08507354673777583
0.8718333333333333,0.9608138658628486,0.8465653755617376,0.11424849030111095,0.0849927280955717
0.872,0.9608138658628486,0.8467793708538413,0.11403449500900731,0.08498336292468679
0.8721666666666666,0.9608138658628486,0.8469933661459448,0.11382049971690378,0.0849279946400631
0.8723333333333333,0.9608138658628486,0.8472073614380483,0.11360650442480025,0.08491396629281231
0.8725,0.9608138658628486,0.847421356730152,0.1133925091326966,0.08491020413015969
0.8726666666666667,0.9608138658628486,0.8476353520222555,0.11317851384059308,0.08488746228524743
0.8728333333333333,0.9608138658628486,0.8478493473143591,0.11296451854848943,0.08487342805317251
0.873,0.9608138658628486,0.8480633426064627,0.1127505232563859,0.08483258539283432
0.8731666666666666,0.9608138658628486,0.8482773378985662,0.11253652796428237,0.0848170108134944
0.8733333333333333,0.9608138658628486,0.8484913331906698,0.11232253267217873,0.08477100827041811
0.8735,0.9608138658628486,0.8487053284827734,0.1121085373800752,0.08476712997786147
0.8736666666666667,0.9608138658628486,0.848919323774877,0.11189454208797156,0.08474852769901711
0.8738333333333334,0.9608138658628486,0.8491333190669805,0.11168054679586803,0.08471289107703317
0.874,0.9608138658628486,0.8493473143590841,0.1114665515037645,0.08468677565973201
0.8741666666666666,0.9608138658628486,0.8495613096511877,0.11125255621166086,0.08465068169089844
0.8743333333333333,0.9608138658628486,0.8497753049432912,0.11103856091955733,0.08462506109103834
0.8745,0.9608138658628486,0.8499893002353949,0.11082456562745369,0.08461690945926842
0.8746666666666667,0.9608138658628486,0.8502032955274984,0.11061057033535016,0.08457006570946965
0.8748333333333334,0.9615674453654861,0.8502032955274984,0.1113641498379877,0.08447893702631917
0.875,0.9615674453654861,0.8504172908196019,0.11115015454588417,0.08444097700135508
0.8751666666666666,0.9623210248681235,0.8504172908196019,0.11190373404852161,0.08442908780369182
0.8753333333333333,0.9623210248681235,0.8506312861117056,0.11168973875641797,0.08441737331904492
0.8755,0.9623210248681235,0.8508452814038091,0.11147574346431444,0.08441130769202723
0.8756666666666667,0.9623210248681235,0.8510592766959126,0.1112617481722109,0.08433324664419549
0.8758333333333334,0.9623210248681235,0.8512732719880163,0.11104775288010726,0.08426958686760923
0.876,0.9623210248681235,0.8514872672801198,0.11083375758800373,0.08426837066573167
0.8761666666666666,0.9623210248681235,0.8517012625722234,0.11061976229590009,0.08424345349737411
0.8763333333333333,0.9623210248681235,0.851915257864327,0.11040576700379656,0.0842387195756147
0.8765,0.9623210248681235,0.8521292531564305,0.11019177171169303,0.08408298823489088
0.8766666666666667,0.9623210248681235,0.8523432484485342,0.10997777641958939,0.08402038747379396
0.8768333333333334,0.9623210248681235,0.8525572437406377,0.10976378112748586,0.0839285771878032
0.877,0.9623210248681235,0.8527712390327413,0.10954978583538222,0.0838884208593183
0.8771666666666667,0.9623210248681235,0.8529852343248449,0.10933579054327869,0.08381343696731929
0.8773333333333333,0.9623210248681235,0.8531992296169484,0.10912179525117516,0.083796842878728
0.8775,0.9623210248681235,0.853413224909052,0.10890779995907152,0.08374324375932224
0.8776666666666667,0.9623210248681235,0.8536272202011556,0.10869380466696799,0.08367701292911757
0.8778333333333334,0.9623210248681235,0.8538412154932592,0.10847980937486434,0.08367411304941658
0.878,0.9623210248681235,0.8540552107853627,0.10826581408276081,0.08367252759570276
0.8781666666666667,0.9623210248681235,0.8542692060774663,0.10805181879065728,0.08367052555155062
0.8783333333333333,0.9630746043707611,0.8542692060774663,0.10880539829329483,0.08364579051565864
0.8785,0.9638281838733986,0.8542692060774663,0.10955897779593238,0.08355473844955638
0.8786666666666667,0.9638281838733986,0.8544832013695699,0.10934498250382874,0.08350322355672689
0.8788333333333334,0.9638281838733986,0.8546971966616734,0.1091309872117252,0.083472578662398
0.879,0.9638281838733986,0.8549111919537771,0.10891699191962156,0.08345448158627652
0.8791666666666667,0.9638281838733986,0.8551251872458806,0.10870299662751803,0.08344176642345973
0.8793333333333333,0.9638281838733986,0.8553391825379841,0.1084890013354145,0.08337651646224278
0.8795,0.9638281838733986,0.8555531778300878,0.10827500604331086,0.0833611704169776
0.8796666666666667,0.9645817633760362,0.8555531778300878,0.10902858554594841,0.08334726815664278
0.8798333333333334,0.9645817633760362,0.8557671731221913,0.10881459025384488,0.08333294304864565
0.88,0.9653353428786737,0.8557671731221913,0.10956816975648243,0.08333192881043767
0.8801666666666667,0.9653353428786737,0.8559811684142948,0.1093541744643789,0.08332793525693954
0.8803333333333333,0.9653353428786737,0.8561951637063985,0.10914017917227525,0.08330817077612315
0.8805,0.9653353428786737,0.856409158998502,0.10892618388017172,0.08326238876849125
0.8806666666666667,0.9653353428786737,0.8566231542906056,0.10871218858806808,0.08322436584056815
0.8808333333333334,0.9653353428786737,0.8568371495827092,0.10849819329596455,0.0832089564213307
0.881,0.9653353428786737,0.8570511448748127,0.10828419800386102,0.08310566230678167
0.8811666666666667,0.9653353428786737,0.8572651401669164,0.10807020271175738,0.08305971287593128
0.8813333333333333,0.9653353428786737,0.8574791354590199,0.10785620741965385,0.08304640911759796
0.8815,0.9653353428786737,0.8576931307511235,0.10764221212755021,0.08303854668708466
0.8816666666666667,0.9653353428786737,0.857907126043227,0.10742821683544668,0.08302980719890972
0.8818333333333334,0.9653353428786737,0.8581211213353306,0.10721422154334315,0.0830087843000536
0.882,0.9653353428786737,0.8583351166274342,0.1070002262512395,0.08296501577179692
0.8821666666666667,0.9660889223813113,0.8583351166274342,0.10775380575387705,0.08296023250902675
0.8823333333333333,0.9660889223813113,0.8585491119195378,0.10753981046177352,0.08293148163890256
0.8825,0.9660889223813113,0.8587631072116414,0.10732581516966988,0.08290850586460598
0.8826666666666667,0.9660889223813113,0.8589771025037449,0.10711181987756635,0.08283935621076739
0.8828333333333334,0.9660889223813113,0.8591910977958485,0.10689782458546282,0.08283595802576454
0.883,0.9660889223813113,0.8594050930879521,0.10668382929335918,0.08282005513302522
0.8831666666666667,0.9660889223813113,0.8596190883800556,0.10646983400125565,0.08280030672722816
0.8833333333333333,0.9660889223813113,0.8598330836721592,0.10625583870915212,0.08277438563357195
0.8835,0.9660889223813113,0.8600470789642628,0.10604184341704848,0.08276104254069733
0.8836666666666667,0.9660889223813113,0.8602610742563663,0.10582784812494495,0.08275046972271231
0.8838333333333334,0.9660889223813113,0.86047506954847,0.1056138528328413,0.08270411242274013
0.884,0.9660889223813113,0.8606890648405735,0.10539985754073777,0.08268386016139447
0.8841666666666667,0.9660889223813113,0.860903060132677,0.10518586224863424,0.08265500760071322
0.8843333333333333,0.9660889223813113,0.8611170554247807,0.1049718669565306,0.08263889642457267
0.8845,0.9660889223813113,0.8613310507168842,0.10475787166442707,0.08258720812728365
0.8846666666666667,0.9660889223813113,0.8615450460089878,0.10454387637232343,0.08256568322079354
0.8848333333333334,0.9660889223813113,0.8617590413010914,0.1043298810802199,0.08240693442636587
0.885,0.9660889223813113,0.8619730365931949,0.10411588578811637,0.08236386482235702
0.8851666666666667,0.9660889223813113,0.8621870318852985,0.10390189049601273,0.0823298585616058
0.8853333333333333,0.9660889223813113,0.8624010271774021,0.1036878952039092,0.08231741317553236
0.8855,0.9660889223813113,0.8626150224695057,0.10347389991180556,0.08230737869381681
0.8856666666666667,0.9660889223813113,0.8628290177616093,0.10325990461970203,0.08225743821772206
0.8858333333333334,0.9660889223813113,0.8630430130537128,0.1030459093275985,0.08223649848506318
0.886,0.9660889223813113,0.8632570083458164,0.10283191403549485,0.08217680823788093
0.8861666666666667,0.9668425018839487,0.8632570083458164,0.10358549353813229,0.08212073974999907
0.8863333333333333,0.9668425018839487,0.86347100363792,0.10337149824602876,0.08211487466172963
0.8865,0.9668425018839487,0.8636849989300235,0.10315750295392523,0.08207626939201786
0.8866666666666667,0.9668425018839487,0.8638989942221271,0.10294350766182159,0.08206659622946051
0.8868333333333334,0.9668425018839487,0.8641129895142307,0.10272951236971806,0.08205911938321366
0.887,0.9668425018839487,0.8643269848063343,0.10251551707761442,0.08203974162517569
0.8871666666666667,0.9668425018839487,0.8645409800984378,0.10230152178551088,0.08203615607587794
0.8873333333333333,0.9668425018839487,0.8647549753905414,0.10208752649340735,0.08201560405881293
0.8875,0.9668425018839487,0.864968970682645,0.10187353120130371,0.08200282937649318
0.8876666666666667,0.9668425018839487,0.8651829659747485,0.10165953590920018,0.08200094352761825
0.8878333333333334,0.9675960813865863,0.8651829659747485,0.10241311541183773,0.0819797234204738
0.888,0.9675960813865863,0.8653969612668522,0.10219912011973409,0.08194956879581737
0.8881666666666667,0.9675960813865863,0.8656109565589557,0.10198512482763056,0.08194432553298053
0.8883333333333333,0.9675960813865863,0.8658249518510592,0.10177112953552703,0.08178528605866278
0.8885,0.9675960813865863,0.8660389471431629,0.10155713424342339,0.08168929299505777
0.8886666666666667,0.9675960813865863,0.8662529424352664,0.10134313895131986,0.08168496863558444
0.8888333333333334,0.9675960813865863,0.86646693772737,0.10112914365921621,0.08162179071033868
0.889,0.9675960813865863,0.8666809330194736,0.10091514836711268,0.08161941197879097
0.8891666666666667,0.9675960813865863,0.8668949283115771,0.10070115307500915,0.08156224719449917
0.8893333333333333,0.9675960813865863,0.8671089236036807,0.10048715778290551,0.08154880898252982
0.8895,0.9675960813865863,0.8673229188957843,0.10027316249080198,0.08146576114258752
0.8896666666666667,0.9675960813865863,0.8675369141878879,0.10005916719869834,0.08142375919819864
0.8898333333333334,0.9683496608892238,0.8675369141878879,0.10081274670133589,0.08139457737951802
0.89,0.9683496608892238,0.8677509094799915,0.10059875140923236,0.08137843968659818
0.8901666666666667,0.9683496608892238,0.867964904772095,0.10038475611712883,0.08136023038853635
0.8903333333333333,0.9683496608892238,0.8681789000641986,0.10017076082502518,0.08135182021244677
0.8905,0.9683496608892238,0.8683928953563022,0.09995676553292165,0.08128694014590021
0.8906666666666667,0.9683496608892238,0.8686068906484057,0.09974277024081812,0.08126965117424786
0.8908333333333334,0.9683496608892238,0.8688208859405093,0.09952877494871448,0.08126424040225429
0.891,0.9683496608892238,0.8690348812326129,0.09931477965661095,0.08126174580547658
0.8911666666666667,0.9683496608892238,0.8692488765247165,0.09910078436450731,0.0812300650380455
0.8913333333333333,0.9683496608892238,0.86946287181682,0.09888678907240378,0.08112401979652357
0.8915,0.9683496608892238,0.8696768671089236,0.09867279378030025,0.08108067354769524
0.8916666666666667,0.9683496608892238,0.8698908624010272,0.09845879848819661,0.08097472203141069
0.8918333333333334,0.9683496608892238,0.8701048576931307,0.09824480319609308,0.08096231682970756
0.892,0.9683496608892238,0.8703188529852344,0.09803080790398944,0.08094447001760528
0.8921666666666667,0.9683496608892238,0.8705328482773379,0.0978168126118859,0.08093492201140957
0.8923333333333333,0.9683496608892238,0.8707468435694414,0.09760281731978238,0.08093109632500763
0.8925,0.9683496608892238,0.8709608388615451,0.09738882202767873,0.08092130027946134
0.8926666666666667,0.9683496608892238,0.8711748341536486,0.0971748267355752,0.08091895873300706
0.8928333333333334,0.9683496608892238,0.8713888294457522,0.09696083144347156,0.08089419416422396
0.893,0.9683496608892238,0.8716028247378558,0.09674683615136803,0.08080026957473048
0.8931666666666667,0.9683496608892238,0.8718168200299593,0.0965328408592645,0.0807742311613927
0.8933333333333333,0.9683496608892238,0.872030815322063,0.09631884556716086,0.08073231789853208
0.8935,0.9683496608892238,0.8722448106141665,0.09610485027505733,0.08066719214052705
0.8936666666666667,0.9683496608892238,0.87245880590627,0.0958908549829538,0.08066643295433237
0.8938333333333334,0.9683496608892238,0.8726728011983736,0.09567685969085016,0.0806431956324553
0.894,0.9683496608892238,0.8728867964904772,0.09546286439874663,0.08063426808806429
0.8941666666666667,0.9683496608892238,0.8731007917825808,0.09524886910664299,0.08061592046432552
0.8943333333333333,0.9683496608892238,0.8733147870746844,0.09503487381453946,0.0805544524004482
0.8945,0.9683496608892238,0.8735287823667879,0.09482087852243593,0.08052412776893181
0.8946666666666667,0.9683496608892238,0.8737427776588915,0.09460688323033228,0.08051361071600129
0.8948333333333334,0.9683496608892238,0.873956772950995,0.09439288793822875,0.08050651449935295
0.895,0.9683496608892238,0.8741707682430987,0.09417889264612511,0.0804820331301036
0.8951666666666667,0.9683496608892238,0.8743847635352022,0.09396489735402158,0.08041037182303143
0.8953333333333333,0.9683496608892238,0.8745987588273058,0.09375090206191805,0.0803858119012889
0.8955,0.9691032403918614,0.8745987588273058,0.0945044815645556,0.08037355542647504
0.8956666666666667,0.9691032403918614,0.8748127541194094,0.09429048627245196,0.08036927619524645
0.8958333333333334,0.9691032403918614,0.8750267494115129,0.09407649098034843,0.08036074486981525
0.896,0.9691032403918614,0.8752407447036166,0.09386249568824478,0.08034196997639449
0.8961666666666667,0.9691032403918614,0.8754547399957201,0.09364850039614125,0.08033647509720848
0.8963333333333333,0.9691032403918614,0.8756687352878236,0.09343450510403772,0.0803271622086415
0.8965,0.9698568198944989,0.8756687352878236,0.09418808460667527,0.08024532044507524
0.8966666666666666,0.9698568198944989,0.8758827305799273,0.09397408931457163,0.08020958459073939
0.8968333333333334,0.9698568198944989,0.8760967258720308,0.0937600940224681,0.08017346505911112
0.897,0.9698568198944989,0.8763107211641344,0.09354609873036446,0.0801728862293937
0.8971666666666667,0.9698568198944989,0.876524716456238,0.09333210343826093,0.08014490007602416
0.8973333333333333,0.9698568198944989,0.8767387117483415,0.0931181081461574,0.08012595312657898
0.8975,0.9698568198944989,0.8769527070404451,0.09290411285405376,0.08009469955649436
0.8976666666666666,0.9698568198944989,0.8771667023325487,0.09269011756195022,0.08009135668816095
0.8978333333333334,0.9698568198944989,0.8773806976246522,0.0924761222698467,0.08007620942285035
0.898,0.9698568198944989,0.8775946929167558,0.09226212697774305,0.08000256393424594
0.8981666666666667,0.9698568198944989,0.8778086882088594,0.09204813168563952,0.07999127307399963
0.8983333333333333,0.9698568198944989,0.878022683500963,0.09183413639353588,0.07998806144530031
0.8985,0.9698568198944989,0.8782366787930665,0.09162014110143235,0.0799829745222742
0.8986666666666666,0.9698568198944989,0.8784506740851701,0.09140614580932882,0.07998291747952427
0.8988333333333334,0.9698568198944989,0.8786646693772737,0.09119215051722518,0.07998131740920628
0.899,0.9698568198944989,0.8788786646693773,0.09097815522512165,0.07997735960317044
0.8991666666666667,0.9698568198944989,0.8790926599614809,0.09076415993301801,0.07979673616103786
0.8993333333333333,0.9706103993971364,0.8790926599614809,0.09151773943565555,0.0797681542143885
0.8995,0.9706103993971364,0.8793066552535844,0.09130374414355202,0.07976757110822698
0.8996666666666666,0.9706103993971364,0.879520650545688,0.0910897488514485,0.07967789543278474
0.8998333333333334,0.9706103993971364,0.8797346458377916,0.09087575355934485,0.07967225692792503
0.9,0.9713639788997739,0.8797346458377916,0.09162933306198229,0.07965094244524183
0.9001666666666667,0.9713639788997739,0.8799486411298951,0.09141533776987876,0.07957716847309161
0.9003333333333333,0.9713639788997739,0.8801626364219988,0.09120134247777512,0.07954923310217371
0.9005,0.9713639788997739,0.8803766317141023,0.09098734718567159,0.07952345497028288
0.9006666666666666,0.9713639788997739,0.8805906270062058,0.09077335189356806,0.07951930920825481
0.9008333333333334,0.9713639788997739,0.8808046222983095,0.09055935660146441,0.07951326859126286
0.901,0.9713639788997739,0.881018617590413,0.09034536130936088,0.07945780943762033
0.9011666666666667,0.9713639788997739,0.8812326128825165,0.09013136601725735,0.07933547019782905
0.9013333333333333,0.9713639788997739,0.8814466081746202,0.08991737072515371,0.07931769764348749
0.9015,0.9713639788997739,0.8816606034667237,0.08970337543305018,0.07929424568885898
0.9016666666666666,0.9713639788997739,0.8818745987588273,0.08948938014094654,0.07929127180217971
0.9018333333333334,0.9713639788997739,0.8820885940509309,0.08927538484884301,0.0792723614594462
0.902,0.9713639788997739,0.8823025893430344,0.08906138955673948,0.07925013064026802
0.9021666666666667,0.9713639788997739,0.882516584635138,0.08884739426463584,0.07921081456636514
0.9023333333333333,0.9713639788997739,0.8827305799272416,0.0886333989725323,0.07919936230078874
0.9025,0.9721175584024114,0.8827305799272416,0.08938697847516985,0.07914435521939005
0.9026666666666666,0.9721175584024114,0.8829445752193452,0.08917298318306621,0.07905390302212642
0.9028333333333334,0.9721175584024114,0.8831585705114487,0.08895898789096268,0.07904820637512858
0.903,0.9721175584024114,0.8833725658035523,0.08874499259885915,0.07901082309915464
0.9031666666666667,0.9721175584024114,0.8835865610956559,0.08853099730675551,0.07900795674757484
0.9033333333333333,0.9721175584024114,0.8838005563877595,0.08831700201465198,0.07900422819011647
0.9035,0.972871137905049,0.8838005563877595,0.08907058151728953,0.07900262512590914
0.9036666666666666,0.972871137905049,0.8840145516798631,0.08885658622518589,0.0789959860137019
0.9038333333333334,0.972871137905049,0.8842285469719666,0.08864259093308235,0.07896952662491591
0.904,0.972871137905049,0.8844425422640702,0.08842859564097882,0.0789510420158352
0.9041666666666667,0.972871137905049,0.8846565375561738,0.08821460034887518,0.07894033244982275
0.9043333333333333,0.972871137905049,0.8848705328482773,0.08800060505677165,0.07893778068272422
0.9045,0.972871137905049,0.885084528140381,0.08778660976466801,0.07888889033544194
0.9046666666666666,0.972871137905049,0.8852985234324845,0.08757261447256448,0.07887131737453293
0.9048333333333334,0.972871137905049,0.885512518724588,0.08735861918046095,0.0788416667936276
0.905,0.972871137905049,0.8857265140166917,0.08714462388835731,0.07877555408060447
0.9051666666666667,0.972871137905049,0.8859405093087952,0.08693062859625378,0.07874012068440374
0.9053333333333333,0.972871137905049,0.8861545046008987,0.08671663330415025,0.07873092567932836
0.9055,0.972871137905049,0.8863684998930024,0.0865026380120466,0.07869996411613271
0.9056666666666666,0.972871137905049,0.8865824951851059,0.08628864271994308,0.0786740072062269
0.9058333333333334,0.972871137905049,0.8867964904772095,0.08607464742783943,0.07859752206619573
0.906,0.972871137905049,0.8870104857693131,0.0858606521357359,0.07858977539188246
0.9061666666666667,0.972871137905049,0.8872244810614166,0.08564665684363237,0.0785859928005603
0.9063333333333333,0.972871137905049,0.8874384763535202,0.08543266155152873,0.0785077831406313
0.9065,0.972871137905049,0.8876524716456238,0.0852186662594252,0.07848178758637585
0.9066666666666666,0.972871137905049,0.8878664669377274,0.08500467096732156,0.07847630250667521
0.9068333333333334,0.972871137905049,0.888080462229831,0.08479067567521803,0.07844533056021813
0.907,0.972871137905049,0.8882944575219345,0.0845766803831145,0.07843505489534644
0.9071666666666667,0.972871137905049,0.8885084528140381,0.08436268509101086,0.07841565614868011
0.9073333333333333,0.972871137905049,0.8887224481061416,0.08414868979890733,0.07833895652847578
0.9075,0.972871137905049,0.8889364433982453,0.08393469450680369,0.07828561929899405
0.9076666666666666,0.972871137905049,0.8891504386903488,0.08372069921470016,0.07822458456782166
0.9078333333333334,0.972871137905049,0.8893644339824524,0.08350670392259663,0.07821768655389741
0.908,0.972871137905049,0.889578429274556,0.08329270863049298,0.07817926947040177
0.9081666666666667,0.972871137905049,0.8897924245666595,0.08307871333838945,0.07817900017668691
0.9083333333333333,0.972871137905049,0.890006419858763,0.08286471804628592,0.07810041843540295
0.9085,0.972871137905049,0.8902204151508667,0.08265072275418228,0.07799655387867416
0.9086666666666666,0.972871137905049,0.8904344104429702,0.08243672746207875,0.07798799754654955
0.9088333333333334,0.972871137905049,0.8906484057350739,0.08222273216997511,0.07798235983570835
0.909,0.972871137905049,0.8908624010271774,0.08200873687787158,0.07794766902244046
0.9091666666666667,0.972871137905049,0.8910763963192809,0.08179474158576805,0.07792668171571028
0.9093333333333333,0.972871137905049,0.8912903916113846,0.08158074629366441,0.07788841142735357
0.9095,0.972871137905049,0.8915043869034881,0.08136675100156088,0.07788207978087197
0.9096666666666666,0.972871137905049,0.8917183821955917,0.08115275570945724,0.07787084142773514
0.9098333333333334,0.972871137905049,0.8919323774876953,0.0809387604173537,0.07783093629515964
0.91,0.972871137905049,0.8921463727797988,0.08072476512525018,0.07782975969241426
0.9101666666666667,0.972871137905049,0.8923603680719024,0.08051076983314653,0.07781528040672737
0.9103333333333333,0.972871137905049,0.892574363364006,0.080296774541043,0.07769621918885282
0.9105,0.972871137905049,0.8927883586561096,0.08008277924893936,0.07768666653343918
0.9106666666666666,0.972871137905049,0.8930023539482131,0.07986878395683583,0.07749550419994776
0.9108333333333334,0.972871137905049,0.8932163492403167,0.0796547886647323,0.07748295236103293
0.911,0.972871137905049,0.8934303445324203,0.07944079337262866,0.07746857036976984
0.9111666666666667,0.972871137905049,0.8936443398245238,0.07922679808052513,0.07744110443017005
0.9113333333333333,0.972871137905049,0.8938583351166275,0.07901280278842149,0.07741197016209823
0.9115,0.972871137905049,0.894072330408731,0.07879880749631796,0.07733334719369539
0.9116666666666666,0.972871137905049,0.8942863257008346,0.07858481220421443,0.07732887782298675
0.9118333333333334,0.972871137905049,0.8945003209929382,0.07837081691211079,0.0773156154663809
0.912,0.972871137905049,0.8947143162850417,0.07815682162000726,0.07718269700637286
0.9121666666666667,0.972871137905049,0.8949283115771453,0.07794282632790372,0.07718064415578282
0.9123333333333333,0.972871137905049,0.8951423068692489,0.07772883103580008,0.07710816365010967
0.9125,0.972871137905049,0.8953563021613524,0.07751483574369655,0.07710760083335387
0.9126666666666666,0.972871137905049,0.8955702974534561,0.07730084045159291,0.07710488487663263
0.9128333333333334,0.972871137905049,0.8957842927455596,0.07708684515948938,0.07708923385154283
0.913,0.972871137905049,0.8959982880376631,0.07687284986738585,0.07708902106515675
0.9131666666666667,0.972871137905049,0.8962122833297668,0.07665885457528221,0.07707936253079643
0.9133333333333333,0.972871137905049,0.8964262786218703,0.07644485928317868,0.07705487239548901
0.9135,0.972871137905049,0.8966402739139739,0.07623086399107504,0.07704101149776464
0.9136666666666666,0.972871137905049,0.8968542692060775,0.07601686869897151,0.0770171387939579
0.9138333333333334,0.972871137905049,0.897068264498181,0.07580287340686798,0.07698783762674798
0.914,0.972871137905049,0.8972822597902846,0.07558887811476434,0.0769458597713947
0.9141666666666667,0.972871137905049,0.8974962550823882,0.0753748828226608,0.07691040228868502
0.9143333333333333,0.9736247174076865,0.8974962550823882,0.07612846232529835,0.0768181390863816
0.9145,0.9736247174076865,0.8977102503744918,0.07591446703319471,0.07677134722522135
0.9146666666666666,0.9736247174076865,0.8979242456665953,0.07570047174109118,0.07672778994986362
0.9148333333333334,0.9736247174076865,0.8981382409586989,0.07548647644898765,0.07669277163276317
0.915,0.9736247174076865,0.8983522362508025,0.07527248115688401,0.07667392029858017
0.9151666666666667,0.9736247174076865,0.898566231542906,0.07505848586478048,0.07663379828428307
0.9153333333333333,0.9736247174076865,0.8987802268350096,0.07484449057267695,0.07662230152590649
0.9155,0.9743782969103241,0.8987802268350096,0.0755980700753145,0.0766122044864015
0.9156666666666666,0.9743782969103241,0.8989942221271132,0.07538407478321085,0.076567673968599
0.9158333333333334,0.9743782969103241,0.8992082174192167,0.07517007949110732,0.07655993907308281
0.916,0.9743782969103241,0.8994222127113204,0.07495608419900368,0.0765517763211813
0.9161666666666667,0.9751318764129616,0.8994222127113204,0.07570966370164123,0.07655008601243415
0.9163333333333333,0.975885455915599,0.8994222127113204,0.07646324320427866,0.07653167373633193
0.9165,0.975885455915599,0.8996362080034239,0.07624924791217513,0.07649901448170188
0.9166666666666666,0.975885455915599,0.8998502032955275,0.0760352526200716,0.07643909286817503
0.9168333333333333,0.9766390354182366,0.8998502032955275,0.07678883212270915,0.07637535480834791
0.917,0.9773926149208741,0.8998502032955275,0.0775424116253467,0.07637087529064245
0.9171666666666667,0.9773926149208741,0.9000641985876311,0.07732841633324306,0.07634593815483007
0.9173333333333333,0.9773926149208741,0.9002781938797346,0.07711442104113952,0.07631796961870677
0.9175,0.9773926149208741,0.9004921891718383,0.07690042574903588,0.07631149449496183
0.9176666666666666,0.9773926149208741,0.9007061844639418,0.07668643045693235,0.07630325209389924
0.9178333333333333,0.9773926149208741,0.9009201797560453,0.07647243516482882,0.07629900809620355
0.918,0.9781461944235117,0.9009201797560453,0.07722601466746637,0.07623878585225609
0.9181666666666667,0.9781461944235117,0.901134175048149,0.07701201937536273,0.07623033208837607
0.9183333333333333,0.9781461944235117,0.9013481703402525,0.0767980240832592,0.07620552356342832
0.9185,0.9788997739261492,0.9013481703402525,0.07755160358589674,0.07619477106110496
0.9186666666666666,0.9788997739261492,0.9015621656323561,0.0773376082937931,0.07616635400627776
0.9188333333333333,0.9788997739261492,0.9017761609244597,0.07712361300168957,0.07611824718401534
0.919,0.9788997739261492,0.9019901562165632,0.07690961770958604,0.07609171326022549
0.9191666666666667,0.9788997739261492,0.9022041515086668,0.0766956224174824,0.07606204912780777
0.9193333333333333,0.9788997739261492,0.9024181468007704,0.07648162712537887,0.07604365836149016
0.9195,0.9788997739261492,0.9026321420928739,0.07626763183327534,0.0759947138356399
0.9196666666666666,0.9788997739261492,0.9028461373849775,0.0760536365411717,0.07598567648485467
0.9198333333333333,0.9788997739261492,0.9030601326770811,0.07583964124906817,0.07595249705359824
0.92,0.9788997739261492,0.9032741279691847,0.07562564595696453,0.07594259663727755
0.9201666666666667,0.9788997739261492,0.9034881232612882,0.075411650664861,0.07593160855334508
0.9203333333333333,0.9788997739261492,0.9037021185533918,0.07519765537275747,0.07589857982876348
0.9205,0.9788997739261492,0.9039161138454954,0.07498366008065382,0.0758819063347422
0.9206666666666666,0.9788997739261492,0.904130109137599,0.0747696647885503,0.07585454583695728
0.9208333333333333,0.9788997739261492,0.9043441044297026,0.07455566949644665,0.07584633652181308
0.921,0.9788997739261492,0.9045580997218061,0.07434167420434312,0.0758028487710908
0.9211666666666667,0.9788997739261492,0.9047720950139096,0.07412767891223959,0.07578502113020555
0.9213333333333333,0.9788997739261492,0.9049860903060133,0.07391368362013595,0.07575481536955947
0.9215,0.9788997739261492,0.9052000855981168,0.07369968832803242,0.07573900102477167
0.9216666666666666,0.9788997739261492,0.9054140808902205,0.07348569303592878,0.07573606439817966
0.9218333333333333,0.9788997739261492,0.905628076182324,0.07327169774382525,0.07566880033698521
0.922,0.9788997739261492,0.9058420714744275,0.07305770245172172,0.07563821251694697
0.9221666666666667,0.9788997739261492,0.9060560667665312,0.07284370715961808,0.07561828085894132
0.9223333333333333,0.9788997739261492,0.9062700620586347,0.07262971186751455,0.07561181753524546
0.9225,0.9788997739261492,0.9064840573507383,0.0724157165754109,0.07558952689498197
0.9226666666666666,0.9788997739261492,0.9066980526428419,0.07220172128330737,0.07554012839395102
0.9228333333333333,0.9788997739261492,0.9069120479349454,0.07198772599120384,0.07552066383865023
0.923,0.9788997739261492,0.907126043227049,0.0717737306991002,0.07548835881336341
0.9231666666666667,0.9788997739261492,0.9073400385191526,0.07155973540699667,0.07548533166200486
0.9233333333333333,0.9788997739261492,0.9075540338112561,0.07134574011489314,0.07547244668791621
0.9235,0.9788997739261492,0.9077680291033597,0.0711317448227895,0.07545254609940656
0.9236666666666666,0.9788997739261492,0.9079820243954633,0.07091774953068597,0.07539793001079072
0.9238333333333333,0.9796533534287868,0.9079820243954633,0.07167132903332352,0.07536738925507575
0.924,0.9804069329314242,0.9079820243954633,0.07242490853596095,0.07519644868930099
0.9241666666666667,0.9804069329314242,0.9081960196875669,0.07221091324385731,0.07510087530759658
0.9243333333333333,0.9804069329314242,0.9084100149796704,0.07199691795175378,0.07508993948798386
0.9245,0.9804069329314242,0.908624010271774,0.07178292265965025,0.07503271330543902
0.9246666666666666,0.9804069329314242,0.9088380055638776,0.07156892736754661,0.07499263836671514
0.9248333333333333,0.9811605124340618,0.9088380055638776,0.07232250687018416,0.07492060193183359
0.925,0.9811605124340618,0.9090520008559811,0.07210851157808063,0.07491361735597918
0.9251666666666667,0.9811605124340618,0.9092659961480848,0.07189451628597698,0.0748902222593571
0.9253333333333333,0.9811605124340618,0.9094799914401883,0.07168052099387345,0.07473946068315061
0.9255,0.9811605124340618,0.9096939867322918,0.07146652570176992,0.07464297935799741
0.9256666666666666,0.9811605124340618,0.9099079820243955,0.07125253040966628,0.0746402094513024
0.9258333333333333,0.9811605124340618,0.910121977316499,0.07103853511756275,0.07463850108027516
0.926,0.9811605124340618,0.9103359726086027,0.07082453982545911,0.07463512873350628
0.9261666666666667,0.9811605124340618,0.9105499679007062,0.07061054453335558,0.07459343573702999
0.9263333333333333,0.9811605124340618,0.9107639631928097,0.07039654924125205,0.07458466461594078
0.9265,0.9811605124340618,0.9109779584849134,0.07018255394914841,0.07458069167534928
0.9266666666666666,0.9811605124340618,0.9111919537770169,0.06996855865704488,0.07451394322547175
0.9268333333333333,0.9811605124340618,0.9114059490691204,0.06975456336494135,0.0745089811168663
0.927,0.9811605124340618,0.9116199443612241,0.0695405680728377,0.07446292862303698
0.9271666666666667,0.9811605124340618,0.9118339396533276,0.06932657278073417,0.074390875226973
0.9273333333333333,0.9811605124340618,0.9120479349454312,0.06911257748863053,0.07437955098083836
0.9275,0.9811605124340618,0.9122619302375348,0.068898582196527,0.07437225456501892
0.9276666666666666,0.9811605124340618,0.9124759255296383,0.06868458690442347,0.0743484735469018
0.9278333333333333,0.9811605124340618,0.9126899208217419,0.06847059161231983,0.07431700724373086
0.928,0.9811605124340618,0.9129039161138455,0.0682565963202163,0.0743025298425225
0.9281666666666667,0.9811605124340618,0.9131179114059491,0.06804260102811266,0.07426248457976899
0.9283333333333333,0.9811605124340618,0.9133319066980526,0.06782860573600913,0.07424590687981768
0.9285,0.9811605124340618,0.9135459019901562,0.0676146104439056,0.07424251900416538
0.9286666666666666,0.9811605124340618,0.9137598972822598,0.06740061515180196,0.07423784144442232
0.9288333333333333,0.9811605124340618,0.9139738925743633,0.06718661985969843,0.07420322279145077
0.929,0.9811605124340618,0.914187887866467,0.06697262456759479,0.07420012849581734
0.9291666666666667,0.9811605124340618,0.9144018831585705,0.06675862927549125,0.07409023211098856
0.9293333333333333,0.9811605124340618,0.914615878450674,0.06654463398338772,0.07399557142913177
0.9295,0.9811605124340618,0.9148298737427777,0.06633063869128408,0.0739705786446783
0.9296666666666666,0.9811605124340618,0.9150438690348812,0.06611664339918055,0.07395422136244556
0.9298333333333333,0.9811605124340618,0.9152578643269849,0.06590264810707691,0.07395107241058074
0.93,0.9819140919366993,0.9152578643269849,0.06665622760971446,0.07388676563092146
0.9301666666666667,0.9819140919366993,0.9154718596190884,0.06644223231761093,0.07374825350135816
0.9303333333333333,0.9819140919366993,0.9156858549111919,0.0662282370255074,0.0737215257968301
0.9305,0.9819140919366993,0.9158998502032956,0.06601424173340376,0.07371121883035879
0.9306666666666666,0.9819140919366993,0.9161138454953991,0.06580024644130023,0.07370950714737656
0.9308333333333333,0.9819140919366993,0.9163278407875026,0.0655862511491967,0.07366068293500158
0.931,0.9826676714393369,0.9163278407875026,0.06633983065183424,0.0736542121829159
0.9311666666666667,0.9826676714393369,0.9165418360796063,0.0661258353597306,0.07362814246967783
0.9313333333333333,0.9826676714393369,0.9167558313717098,0.06591184006762707,0.07360895498963342
0.9315,0.9826676714393369,0.9169698266638134,0.06569784477552343,0.07355979372879529
0.9316666666666666,0.9826676714393369,0.917183821955917,0.0654838494834199,0.07354425949056381
0.9318333333333333,0.9826676714393369,0.9173978172480205,0.06526985419131637,0.07353873263879657
0.932,0.9826676714393369,0.9176118125401241,0.06505585889921273,0.07350608303320248
0.9321666666666667,0.9826676714393369,0.9178258078322277,0.0648418636071092,0.073495899910767
0.9323333333333333,0.9826676714393369,0.9180398031243313,0.06462786831500555,0.07348019027701143
0.9325,0.9826676714393369,0.9182537984164348,0.06441387302290202,0.07340418426531116
0.9326666666666666,0.9826676714393369,0.9184677937085384,0.0641998777307985,0.07329168032301071
0.9328333333333333,0.9826676714393369,0.918681789000642,0.06398588243869485,0.07323039918761218
0.933,0.9826676714393369,0.9188957842927455,0.06377188714659132,0.0732226509032723
0.9331666666666667,0.9826676714393369,0.9191097795848492,0.06355789185448768,0.0731227489906931
0.9333333333333333,0.9826676714393369,0.9193237748769527,0.06334389656238415,0.07311974624319158
0.9335,0.9826676714393369,0.9195377701690562,0.06312990127028062,0.0731196603449518
0.9336666666666666,0.9826676714393369,0.9197517654611599,0.06291590597817698,0.073104498346271
0.9338333333333333,0.9826676714393369,0.9199657607532634,0.06270191068607345,0.07303478525836933
0.934,0.9826676714393369,0.920179756045367,0.06248791539396992,0.07298047467540612
0.9341666666666667,0.9834212509419744,0.920179756045367,0.06324149489660746,0.07296492741671351
0.9343333333333333,0.9834212509419744,0.9203937513374706,0.06302749960450382,0.07295170874634514
0.9345,0.9834212509419744,0.9206077466295741,0.06281350431240029,0.0729065522878185
0.9346666666666666,0.9834212509419744,0.9208217419216778,0.06259950902029665,0.0728969978473202
0.9348333333333333,0.9834212509419744,0.9210357372137813,0.06238551372819312,0.072868181609653
0.935,0.9834212509419744,0.9212497325058848,0.06217151843608959,0.0728337481675105
0.9351666666666667,0.9834212509419744,0.9214637277979885,0.06195752314398595,0.07276618291601719
0.9353333333333333,0.9834212509419744,0.921677723090092,0.06174352785188242,0.07270374232521652
0.9355,0.9834212509419744,0.9218917183821956,0.06152953255977878,0.07268050860157933
0.9356666666666666,0.9834212509419744,0.9221057136742992,0.061315537267675246,0.07267314622353627
0.9358333333333333,0.9834212509419744,0.9223197089664027,0.061101541975571716,0.07259063603531817
0.936,0.984174830444612,0.9223197089664027,0.06185512147820926,0.0725698018623013
0.9361666666666667,0.984174830444612,0.9225337042585063,0.06164112618610562,0.07254832301167254
0.9363333333333334,0.984174830444612,0.9227476995506099,0.06142713089400209,0.07253485396843075
0.9365,0.984174830444612,0.9229616948427135,0.06121313560189845,0.0725317616010323
0.9366666666666666,0.984174830444612,0.923175690134817,0.06099914030979492,0.07252955338513696
0.9368333333333333,0.984174830444612,0.9233896854269206,0.06078514501769139,0.07244374318243661
0.937,0.984174830444612,0.9236036807190242,0.06057114972558775,0.07243948859560882
0.9371666666666667,0.984174830444612,0.9238176760111277,0.06035715443348422,0.07240151315733831
0.9373333333333334,0.984174830444612,0.9240316713032314,0.060143159141380576,0.07235449575204439
0.9375,0.9849284099472494,0.9240316713032314,0.06089673864401801,0.07234140876576134
0.9376666666666666,0.9849284099472494,0.9242456665953349,0.06068274335191448,0.0723337686004611
0.9378333333333333,0.9849284099472494,0.9244596618874384,0.06046874805981095,0.07230727029989906
0.938,0.9856819894498869,0.9244596618874384,0.0612223275624485,0.07228503173693841
0.9381666666666667,0.9856819894498869,0.9246736571795421,0.061008332270344856,0.07226724704934023
0.9383333333333334,0.9856819894498869,0.9248876524716456,0.060794336978241326,0.0722380834704806
0.9385,0.9856819894498869,0.9251016477637491,0.060580341686137795,0.07203657989159881
0.9386666666666666,0.9864355689525245,0.9251016477637491,0.06133392118877534,0.07202821118631761
0.9388333333333333,0.9864355689525245,0.9253156430558528,0.0611199258966717,0.07200269864671519
0.939,0.9864355689525245,0.9255296383479563,0.06090593060456817,0.07189867319588053
0.9391666666666667,0.9864355689525245,0.92574363364006,0.06069193531246453,0.07185201445078748
0.9393333333333334,0.987189148455162,0.92574363364006,0.061445514815102076,0.07181980266471368
0.9395,0.987189148455162,0.9259576289321635,0.061231519522998545,0.07178960428215604
0.9396666666666667,0.987189148455162,0.926171624224267,0.061017524230895015,0.0717012001201082
0.9398333333333333,0.987189148455162,0.9263856195163707,0.060803528938791374,0.07163433197919082
0.94,0.987189148455162,0.9265996148084742,0.06058953364668784,0.07160092678100753
0.9401666666666667,0.987189148455162,0.9268136101005778,0.0603755383545842,0.07158814671331612
0.9403333333333334,0.987189148455162,0.9270276053926814,0.06016154306248067,0.07158622749193895
0.9405,0.987189148455162,0.9272416006847849,0.05994754777037714,0.07157807728623222
0.9406666666666667,0.987189148455162,0.9274555959768885,0.0597335524782735,0.07153646660869022
0.9408333333333333,0.987189148455162,0.9276695912689921,0.05951955718616997,0.07152540575394181
0.941,0.987189148455162,0.9278835865610957,0.05930556189406633,0.07148896572810162
0.9411666666666667,0.987189148455162,0.9280975818531992,0.0590915666019628,0.07148853320025089
0.9413333333333334,0.987189148455162,0.9283115771453028,0.05887757130985927,0.07146112560767141
0.9415,0.987189148455162,0.9285255724374064,0.058663576017755625,0.07144997792915657
0.9416666666666667,0.987189148455162,0.9287395677295099,0.058449580725652095,0.0714284410161052
0.9418333333333333,0.987189148455162,0.9289535630216135,0.058235585433548565,0.07140407143001687
0.942,0.987189148455162,0.9291675583137171,0.05802159014144492,0.0713883555145001
0.9421666666666667,0.987189148455162,0.9293815536058206,0.05780759484934139,0.07126875550295061
0.9423333333333334,0.987189148455162,0.9295955488979243,0.05759359955723775,0.0710699678449637
0.9425,0.987189148455162,0.9298095441900278,0.05737960426513422,0.07105101033908551
0.9426666666666667,0.987189148455162,0.9300235394821313,0.05716560897303069,0.07098666536205167
0.9428333333333333,0.987189148455162,0.930237534774235,0.05695161368092705,0.07098546363152337
0.943,0.987189148455162,0.9304515300663385,0.05673761838882352,0.07094883772798659
0.9431666666666667,0.987189148455162,0.9306655253584422,0.05652362309671988,0.07091665229523907
0.9433333333333334,0.987189148455162,0.9308795206505457,0.05630962780461635,0.07091246275763712
0.9435,0.987189148455162,0.9310935159426492,0.056095632512512816,0.07088355399682339
0.9436666666666667,0.987189148455162,0.9313075112347529,0.055881637220409175,0.07087437319931005
0.9438333333333333,0.987189148455162,0.9315215065268564,0.055667641928305645,0.07079633715591892
0.944,0.987189148455162,0.93173550181896,0.055453646636202,0.0707788330264033
0.9441666666666667,0.987189148455162,0.9319494971110636,0.05523965134409847,0.0707474402965526
0.9443333333333334,0.987189148455162,0.9321634924031671,0.05502565605199494,0.07074668574743968
0.9445,0.987189148455162,0.9323774876952707,0.0548116607598913,0.07068999082703706
0.9446666666666667,0.987189148455162,0.9325914829873743,0.05459766546778777,0.07066253835554881
0.9448333333333333,0.987189148455162,0.9328054782794779,0.05438367017568413,0.07055261492660228
0.945,0.987189148455162,0.9330194735715814,0.0541696748835806,0.07040817700633742
0.9451666666666667,0.9879427279577996,0.9330194735715814,0.054923254386218145,0.07037289391934436
0.9453333333333334,0.9879427279577996,0.933233468863685,0.054709259094114615,0.07037244762565513
0.9455,0.9879427279577996,0.9334474641557886,0.054495263802010974,0.07027492315548622
0.9456666666666667,0.9879427279577996,0.9336614594478921,0.05428126850990744,0.07022427342714692
0.9458333333333333,0.9879427279577996,0.9338754547399957,0.05406727321780391,0.07022079080192563
0.946,0.9879427279577996,0.9340894500320993,0.05385327792570027,0.07020196160811858
0.9461666666666667,0.9879427279577996,0.9343034453242028,0.05363928263359674,0.0701717767059205
0.9463333333333334,0.9879427279577996,0.9345174406163065,0.0534252873414931,0.07015682624367822
0.9465,0.9879427279577996,0.93473143590841,0.05321129204938957,0.07015564865944365
0.9466666666666667,0.9886963074604371,0.93473143590841,0.053964871552027116,0.07014951384091983
0.9468333333333333,0.9886963074604371,0.9349454312005135,0.053750876259923586,0.070088628052831
0.947,0.9886963074604371,0.9351594264926172,0.053536880967819944,0.06998733103706634
0.9471666666666667,0.9886963074604371,0.9353734217847207,0.053322885675716414,0.06994990389861176
0.9473333333333334,0.9886963074604371,0.9355874170768244,0.05310889038361277,0.06993076821324
0.9475,0.9886963074604371,0.9358014123689279,0.05289489509150924,0.06987869650900268
0.9476666666666667,0.9886963074604371,0.9360154076610314,0.05268089979940571,0.0698452748908144
0.9478333333333333,0.9886963074604371,0.9362294029531351,0.05246690450730207,0.0698201973147203
0.948,0.9886963074604371,0.9364433982452386,0.05225290921519854,0.06977679678618066
0.9481666666666667,0.9894498869630746,0.9364433982452386,0.053006488717835976,0.06973785523256626
0.9483333333333334,0.9894498869630746,0.9366573935373422,0.052792493425732334,0.06957388233084619
0.9485,0.9894498869630746,0.9368713888294458,0.052578498133628804,0.06956645837037473
0.9486666666666667,0.9894498869630746,0.9370853841215493,0.05236450284152527,0.06952896015714506
0.9488333333333333,0.9894498869630746,0.9372993794136529,0.05215050754942163,0.06949976517433569
0.949,0.9902034664657121,0.9372993794136529,0.05290408705205918,0.06944239901415314
0.9491666666666667,0.9909570459683497,0.9372993794136529,0.053657666554696726,0.06939535854781015
0.9493333333333334,0.9909570459683497,0.9375133747057565,0.053443671262593195,0.06930456225275498
0.9495,0.9909570459683497,0.93772736999786,0.053229675970489665,0.06930261013129002
0.9496666666666667,0.9909570459683497,0.9379413652899636,0.053015680678386023,0.06924201347138335
0.9498333333333333,0.9909570459683497,0.9381553605820672,0.05280168538628249,0.06923090973176596
0.95,0.9909570459683497,0.9383693558741708,0.05258769009417885,0.06922437186135574
0.9501666666666667,0.9909570459683497,0.9385833511662743,0.05237369480207532,0.06921151541518147
0.9503333333333334,0.9909570459683497,0.9387973464583779,0.05215969950997179,0.0691917390228991
0.9505,0.9909570459683497,0.9390113417504815,0.05194570421786815,0.06918536945428376
0.9506666666666667,0.9909570459683497,0.939225337042585,0.05173170892576462,0.0691521881425438
0.9508333333333333,0.9909570459683497,0.9394393323346887,0.05151771363366098,0.06900489157260666
0.951,0.9909570459683497,0.9396533276267922,0.05130371834155745,0.06892578041609927
0.9511666666666667,0.9909570459683497,0.9398673229188957,0.05108972304945392,0.06891713200824462
0.9513333333333334,0.9909570459683497,0.9400813182109994,0.050875727757350275,0.06889306913558343
0.9515,0.9909570459683497,0.9402953135031029,0.050661732465246745,0.06888021933727999
0.9516666666666667,0.9909570459683497,0.9405093087952066,0.0504477371731431,0.06883159488043303
0.9518333333333333,0.9909570459683497,0.9407233040873101,0.05023374188103957,0.06879538888563869
0.952,0.9909570459683497,0.9409372993794136,0.05001974658893604,0.06875113417935373
0.9521666666666667,0.9909570459683497,0.9411512946715173,0.0498057512968324,0.06872387557625484
0.9523333333333334,0.9909570459683497,0.9413652899636208,0.04959175600472887,0.06871481353568595
0.9525,0.9909570459683497,0.9415792852557243,0.04937776071262534,0.06869534633564876
0.9526666666666667,0.9909570459683497,0.941793280547828,0.0491637654205217,0.0686142689407459
0.9528333333333333,0.9909570459683497,0.9420072758399315,0.04894977012841817,0.06854425036089559
0.953,0.9909570459683497,0.9422212711320351,0.04873577483631453,0.06852879240882659
0.9531666666666667,0.9909570459683497,0.9424352664241387,0.048521779544211,0.06851947734510644
0.9533333333333334,0.9909570459683497,0.9426492617162422,0.048307784252107466,0.06834039854454575
0.9535,0.9909570459683497,0.9428632570083458,0.048093788960003825,0.06829231766725428
0.9536666666666667,0.9909570459683497,0.9430772523004494,0.047879793667900294,0.06828952211248668
0.9538333333333333,0.9909570459683497,0.943291247592553,0.04766579837579665,0.06826868956881785
0.954,0.9909570459683497,0.9435052428846565,0.04745180308369312,0.06824391284749355
0.9541666666666667,0.9909570459683497,0.9437192381767601,0.04723780779158959,0.06821709208973721
0.9543333333333334,0.9909570459683497,0.9439332334688637,0.04702381249948595,0.06815700558862071
0.9545,0.9909570459683497,0.9441472287609672,0.04680981720738242,0.06807340526635793
0.9546666666666667,0.9909570459683497,0.9443612240530709,0.04659582191527878,0.06806457715193684
0.9548333333333333,0.9909570459683497,0.9445752193451744,0.04638182662317525,0.06805210872772975
0.955,0.9909570459683497,0.9447892146372779,0.04616783133107172,0.06801542786400183
0.9551666666666667,0.9909570459683497,0.9450032099293816,0.04595383603896808,0.06800945181949615
0.9553333333333334,0.9909570459683497,0.9452172052214851,0.045739840746864546,0.06796958539765464
0.9555,0.9909570459683497,0.9454312005135888,0.045525845454760905,0.06796691502476111
0.9556666666666667,0.9909570459683497,0.9456451958056923,0.045311850162657374,0.06796474518112185
0.9558333333333333,0.9909570459683497,0.9458591910977958,0.045097854870553844,0.06794244479452194
0.956,0.9909570459683497,0.9460731863898995,0.0448838595784502,0.06788299444701618
0.9561666666666667,0.9909570459683497,0.946287181682003,0.04466986428634667,0.06785778400456811
0.9563333333333334,0.9909570459683497,0.9465011769741065,0.04445586899424314,0.06782577346091188
0.9565,0.9909570459683497,0.9467151722662102,0.0442418737021395,0.06781439157748133
0.9566666666666667,0.9909570459683497,0.9469291675583137,0.04402787841003597,0.06777709851867925
0.9568333333333333,0.9909570459683497,0.9471431628504173,0.04381388311793233,0.067707093211726
0.957,0.9909570459683497,0.9473571581425209,0.0435998878258288,0.06770188109182333
0.9571666666666667,0.9909570459683497,0.9475711534346244,0.04338589253372527,0.06759286542881028
0.9573333333333334,0.9909570459683497,0.947785148726728,0.043171897241621626,0.06754422094586401
0.9575,0.9909570459683497,0.9479991440188316,0.042957901949518096,0.06749995575173945
0.9576666666666667,0.9909570459683497,0.9482131393109352,0.042743906657414454,0.06748593640894
0.9578333333333333,0.9909570459683497,0.9484271346030387,0.042529911365310924,0.06739550172332924
0.958,0.9909570459683497,0.9486411298951423,0.042315916073207394,0.06736487893610978
0.9581666666666667,0.9909570459683497,0.9488551251872459,0.04210192078110375,0.06735099457211716
0.9583333333333334,0.9909570459683497,0.9490691204793494,0.04188792548900022,0.06733690512258625
0.9585,0.9909570459683497,0.9492831157714531,0.04167393019689658,0.06730336867162758
0.9586666666666667,0.9909570459683497,0.9494971110635566,0.04145993490479305,0.06728991581942523
0.9588333333333333,0.9909570459683497,0.9497111063556601,0.04124593961268952,0.06723844865073558
0.959,0.9909570459683497,0.9499251016477638,0.04103194432058588,0.06714035631309676
0.9591666666666666,0.9909570459683497,0.9501390969398673,0.04081794902848235,0.06701164398164548
0.9593333333333334,0.9909570459683497,0.9503530922319708,0.04060395373637882,0.06690904069378684
0.9595,0.9909570459683497,0.9505670875240745,0.040389958444275176,0.06688794568923316
0.9596666666666667,0.9909570459683497,0.950781082816178,0.040175963152171645,0.066824897632336
0.9598333333333333,0.9909570459683497,0.9509950781082817,0.039961967860068004,0.06676305310211493
0.96,0.9909570459683497,0.9512090734003852,0.039747972567964474,0.06657475028179625
0.9601666666666666,0.9909570459683497,0.9514230686924887,0.03953397727586094,0.06652930838903305
0.9603333333333334,0.9909570459683497,0.9516370639845924,0.0393199819837573,0.06651364132083916
0.9605,0.9909570459683497,0.9518510592766959,0.03910598669165377,0.06647814332295009
0.9606666666666667,0.9909570459683497,0.9520650545687995,0.03889199139955013,0.06647611402109997
0.9608333333333333,0.9917106254709872,0.9520650545687995,0.03964557090218768,0.06643179530797143
0.961,0.9917106254709872,0.9522790498609031,0.039431575610084146,0.06631488843856573
0.9611666666666666,0.9917106254709872,0.9524930451530066,0.039217580317980616,0.06629138732435962
0.9613333333333334,0.9917106254709872,0.9527070404451102,0.039003585025876975,0.0662157564194617
0.9615,0.9917106254709872,0.9529210357372138,0.038789589733773444,0.06614545325644293
0.9616666666666667,0.9917106254709872,0.9531350310293174,0.0385755944416698,0.06605692657084353
0.9618333333333333,0.9917106254709872,0.9533490263214209,0.03836159914956627,0.06597284372596926
0.962,0.9917106254709872,0.9535630216135245,0.03814760385746274,0.0659208014099891
0.9621666666666666,0.9917106254709872,0.9537770169056281,0.0379336085653591,0.0658557533639315
0.9623333333333334,0.9917106254709872,0.9539910121977316,0.03771961327325557,0.0657690590119262
0.9625,0.9917106254709872,0.9542050074898353,0.03750561798115193,0.06565558544059989
0.9626666666666667,0.9917106254709872,0.9544190027819388,0.0372916226890484,0.06562921099779981
0.9628333333333333,0.9917106254709872,0.9546329980740423,0.03707762739694487,0.06557633954530868
0.963,0.9924642049736248,0.9546329980740423,0.037831206899582415,0.06550224023088834
0.9631666666666666,0.9924642049736248,0.954846993366146,0.03761721160747877,0.06545771985567234
0.9633333333333334,0.9924642049736248,0.9550609886582495,0.03740321631537524,0.06539003290610261
0.9635,0.9932177844762623,0.9550609886582495,0.03815679581801279,0.06533595091146162
0.9636666666666667,0.9932177844762623,0.955274983950353,0.03794280052590926,0.06531423919361579
0.9638333333333333,0.9932177844762623,0.9554889792424567,0.03772880523380562,0.06531336427158116
0.964,0.9932177844762623,0.9557029745345602,0.03751480994170209,0.06523119323542122
0.9641666666666666,0.9932177844762623,0.9559169698266639,0.037300814649598446,0.06522628091735422
0.9643333333333334,0.9932177844762623,0.9561309651187674,0.037086819357494916,0.06518215300630355
0.9645,0.9939713639788997,0.9561309651187674,0.03784039886013235,0.06515090198517072
0.9646666666666667,0.9939713639788997,0.9563449604108709,0.03762640356802882,0.06500392375378057
0.9648333333333333,0.9939713639788997,0.9565589557029746,0.03741240827592518,0.06495556254232207
0.965,0.9939713639788997,0.9567729509950781,0.03719841298382165,0.06493590882262751
0.9651666666666666,0.9939713639788997,0.9569869462871817,0.03698441769171801,0.06483717880703095
0.9653333333333334,0.9939713639788997,0.9572009415792853,0.03677042239961448,0.06480348317228549
0.9655,0.9939713639788997,0.9574149368713888,0.03655642710751095,0.06477219659800999
0.9656666666666667,0.9939713639788997,0.9576289321634924,0.036342431815407306,0.06467550484704561
0.9658333333333333,0.9939713639788997,0.957842927455596,0.036128436523303775,0.06465712677420239
0.966,0.9939713639788997,0.9580569227476996,0.035914441231200134,0.06450529351747307
0.9661666666666666,0.9939713639788997,0.9582709180398031,0.0357004459390966,0.06438551293280607
0.9663333333333334,0.9939713639788997,0.9584849133319067,0.03548645064699307,0.06434138248786715
0.9665,0.9939713639788997,0.9586989086240103,0.03527245535488943,0.06433793659553962
0.9666666666666667,0.9939713639788997,0.9589129039161138,0.0350584600627859,0.06433658469213929
0.9668333333333333,0.9939713639788997,0.9591268992082174,0.03484446477068237,0.0643061575807606
0.967,0.9939713639788997,0.959340894500321,0.03463046947857873,0.06418547225860476
0.9671666666666666,0.9939713639788997,0.9595548897924245,0.0344164741864752,0.06405579376680158
0.9673333333333334,0.9939713639788997,0.9597688850845282,0.03420247889437156,0.064048898573864
0.9675,0.9939713639788997,0.9599828803766317,0.03398848360226803,0.06403960622572849
0.9676666666666667,0.9939713639788997,0.9601968756687352,0.0337744883101645,0.06392893486361731
0.9678333333333333,0.9939713639788997,0.9604108709608389,0.033560493018060855,0.06389707207372236
0.968,0.9939713639788997,0.9606248662529424,0.033346497725957325,0.06362634423467609
0.9681666666666666,0.9939713639788997,0.960838861545046,0.03313250243385368,0.06359728517992286
0.9683333333333334,0.9939713639788997,0.9610528568371496,0.03291850714175015,0.06355311254504757
0.9685,0.9939713639788997,0.9612668521292531,0.03270451184964662,0.06349601654987368
0.9686666666666667,0.9939713639788997,0.9614808474213568,0.03249051655754298,0.06348466296502962
0.9688333333333333,0.9939713639788997,0.9616948427134603,0.03227652126543945,0.06346002765951171
0.969,0.9939713639788997,0.9619088380055639,0.03206252597333581,0.06325117942723654
0.9691666666666666,0.9947249434815373,0.9619088380055639,0.032816105475973356,0.06323851059215325
0.9693333333333334,0.9954785229841748,0.9619088380055639,0.0335696849786109,0.06313388095823608
0.9695,0.9954785229841748,0.9621228332976675,0.03335568968650737,0.06312931136809247
0.9696666666666667,0.9954785229841748,0.962336828589771,0.03314169439440384,0.06311590022787464
0.9698333333333333,0.9954785229841748,0.9625508238818746,0.0329276991023002,0.063084081369267
0.97,0.9954785229841748,0.9627648191739782,0.03271370381019667,0.06301783529151213
0.9701666666666666,0.9954785229841748,0.9629788144660818,0.03249970851809303,0.0629236666825818
0.9703333333333334,0.9954785229841748,0.9631928097581853,0.0322857132259895,0.06292043216736569
0.9705,0.9954785229841748,0.9634068050502889,0.03207171793388597,0.06288639349275905
0.9706666666666667,0.9954785229841748,0.9636208003423925,0.03185772264178233,0.06281837121883448
0.9708333333333333,0.9954785229841748,0.963834795634496,0.031643727349678796,0.06270940012997654
0.971,0.9954785229841748,0.9640487909265996,0.031429732057575266,0.06268879549459287
0.9711666666666666,0.9954785229841748,0.9642627862187032,0.031215736765471624,0.06266847658070697
0.9713333333333334,0.9954785229841748,0.9644767815108067,0.031001741473368094,0.06260122777842524
0.9715,0.9954785229841748,0.9646907768029104,0.030787746181264453,0.0625005063085355
0.9716666666666667,0.9954785229841748,0.9649047720950139,0.030573750889160922,0.06246275333308359
0.9718333333333333,0.9954785229841748,0.9651187673871174,0.030359755597057392,0.062361606878856585
0.972,0.9954785229841748,0.9653327626792211,0.03014576030495375,0.062326365204514685
0.9721666666666666,0.9954785229841748,0.9655467579713246,0.02993176501285022,0.06232521836341835
0.9723333333333334,0.9954785229841748,0.9657607532634283,0.02971776972074658,0.062291137423457904
0.9725,0.9954785229841748,0.9659747485555318,0.029503774428643048,0.062155328105526333
0.9726666666666667,0.9954785229841748,0.9661887438476353,0.029289779136539518,0.06210751116459273
0.9728333333333333,0.9954785229841748,0.966402739139739,0.029075783844435876,0.06206837967662872
0.973,0.9954785229841748,0.9666167344318425,0.028861788552332346,0.06204062980025793
0.9731666666666666,0.9954785229841748,0.9668307297239461,0.028647793260228704,0.06183643888985363
0.9733333333333334,0.9954785229841748,0.9670447250160497,0.028433797968125174,0.06181738605963516
0.9735,0.9954785229841748,0.9672587203081532,0.028219802676021644,0.06180026044163997
0.9736666666666667,0.9954785229841748,0.9674727156002568,0.028005807383918002,0.06171140891938824
0.9738333333333333,0.9954785229841748,0.9676867108923604,0.027791812091814472,0.061548227385444236
0.974,0.9954785229841748,0.9679007061844639,0.02757781679971094,0.06144794263884692
0.9741666666666666,0.9954785229841748,0.9681147014765675,0.0273638215076073,0.06142770364516532
0.9743333333333334,0.9954785229841748,0.9683286967686711,0.02714982621550377,0.061424109874663145
0.9745,0.9954785229841748,0.9685426920607747,0.026935830923400128,0.06134076470843704
0.9746666666666667,0.9954785229841748,0.9687566873528782,0.026721835631296598,0.06133029530596947
0.9748333333333333,0.9954785229841748,0.9689706826449818,0.026507840339193067,0.06131902698344119
0.975,0.9954785229841748,0.9691846779370854,0.026293845047089426,0.061128175712108955
0.9751666666666666,0.9954785229841748,0.9693986732291889,0.026079849754985895,0.06111727893674709
0.9753333333333334,0.9954785229841748,0.9696126685212926,0.025865854462882254,0.06101620072444862
0.9755,0.9954785229841748,0.9698266638133961,0.025651859170778724,0.06094399759933114
0.9756666666666667,0.9954785229841748,0.9700406591054996,0.025437863878675193,0.06092946103502416
0.9758333333333333,0.9954785229841748,0.9702546543976033,0.02522386858657155,0.060929303496218196
0.976,0.9954785229841748,0.9704686496897068,0.02500987329446802,0.060754353726935204
0.9761666666666666,0.9954785229841748,0.9706826449818104,0.02479587800236438,0.060720341195440404
0.9763333333333334,0.9954785229841748,0.970896640273914,0.02458188271026085,0.060681255737009505
0.9765,0.9954785229841748,0.9711106355660175,0.02436788741815732,0.06066161231249867
0.9766666666666667,0.9954785229841748,0.9713246308581212,0.024153892126053678,0.06062286356844915
0.9768333333333333,0.9954785229841748,0.9715386261502247,0.023939896833950147,0.06062085287010937
0.977,0.9954785229841748,0.9717526214423283,0.023725901541846506,0.06054248038733964
0.9771666666666666,0.9954785229841748,0.9719666167344319,0.023511906249742975,0.060535050864428994
0.9773333333333334,0.9954785229841748,0.9721806120265354,0.023297910957639445,0.06050810807114226
0.9775,0.9954785229841748,0.972394607318639,0.023083915665535804,0.060411886360125795
0.9776666666666667,0.9954785229841748,0.9726086026107426,0.022869920373432273,0.06038248012425243
0.9778333333333333,0.9954785229841748,0.9728225979028461,0.022655925081328743,0.06018625529424793
0.978,0.9954785229841748,0.9730365931949497,0.0224419297892251,0.060035213697519275
0.9781666666666666,0.9954785229841748,0.9732505884870533,0.02222793449712157,0.059865170608072726
0.9783333333333334,0.9954785229841748,0.9734645837791569,0.02201393920501793,0.05982589714100246
0.9785,0.9954785229841748,0.9736785790712604,0.0217999439129144,0.059824513358382174
0.9786666666666667,0.9954785229841748,0.973892574363364,0.02158594862081087,0.05976864242499647
0.9788333333333333,0.9954785229841748,0.9741065696554676,0.021371953328707227,0.05971752691910372
0.979,0.9954785229841748,0.9743205649475711,0.021157958036603697,0.0594960485564527
0.9791666666666666,0.9954785229841748,0.9745345602396748,0.020943962744500055,0.05930108798283243
0.9793333333333333,0.9954785229841748,0.9747485555317783,0.020729967452396525,0.05923120576190483
0.9795,0.9954785229841748,0.9749625508238818,0.020515972160292995,0.05911922220401441
0.9796666666666667,0.9954785229841748,0.9751765461159855,0.020301976868189353,0.059108358338042226
0.9798333333333333,0.9954785229841748,0.975390541408089,0.020087981576085823,0.05899279132536713
0.98,0.9954785229841748,0.9756045367001926,0.01987398628398218,0.058774533791014084
0.9801666666666666,0.9954785229841748,0.9758185319922962,0.01965999099187865,0.05871080543798454
0.9803333333333333,0.9954785229841748,0.9760325272843997,0.01944599569977512,0.05869928798881166
0.9805,0.9954785229841748,0.9762465225765034,0.01923200040767148,0.05869645943944068
0.9806666666666667,0.9954785229841748,0.9764605178686069,0.01901800511556795,0.05864609304501728
0.9808333333333333,0.9954785229841748,0.9766745131607104,0.018804009823464418,0.05863040410480908
0.981,0.9954785229841748,0.976888508452814,0.018590014531360777,0.05862120153427367
0.9811666666666666,0.9954785229841748,0.9771025037449176,0.018376019239257246,0.05838798791605427
0.9813333333333333,0.9954785229841748,0.9773164990370212,0.018162023947153605,0.058360286663274544
0.9815,0.9954785229841748,0.9775304943291248,0.017948028655050074,0.05832213515996253
0.9816666666666667,0.9954785229841748,0.9777444896212283,0.017734033362946544,0.058295522735266
0.9818333333333333,0.9954785229841748,0.9779584849133319,0.017520038070842903,0.058197692228933125
0.982,0.9954785229841748,0.9781724802054355,0.017306042778739372,0.05814853331966144
0.9821666666666666,0.9954785229841748,0.9783864754975391,0.01709204748663573,0.05813254858019046
0.9823333333333333,0.9954785229841748,0.9786004707896426,0.0168780521945322,0.05806345891529649
0.9825,0.9954785229841748,0.9788144660817462,0.01666405690242867,0.058051281267429165
0.9826666666666667,0.9954785229841748,0.9790284613738498,0.01645006161032503,0.05797829149413547
0.9828333333333333,0.9954785229841748,0.9792424566659533,0.016236066318221498,0.05791507103407869
0.983,0.9954785229841748,0.979456451958057,0.016022071026117857,0.057744017111359375
0.9831666666666666,0.9954785229841748,0.9796704472501605,0.015808075734014326,0.057487564572061514
0.9833333333333333,0.9954785229841748,0.979884442542264,0.015594080441910796,0.057356643607918804
0.9835,0.9954785229841748,0.9800984378343677,0.015380085149807154,0.05723059523842021
0.9836666666666667,0.9954785229841748,0.9803124331264712,0.015166089857703624,0.05722524803168815
0.9838333333333333,0.9954785229841748,0.9805264284185747,0.014952094565600094,0.057122519786565136
0.984,0.9954785229841748,0.9807404237106784,0.014738099273496452,0.05699592807752798
0.9841666666666666,0.9954785229841748,0.9809544190027819,0.014524103981392922,0.05677433153972449
0.9843333333333333,0.9954785229841748,0.9811684142948855,0.01431010868928928,0.05672141027213553
0.9845,0.9954785229841748,0.9813824095869891,0.01409611339718575,0.05671394890509414
0.9846666666666667,0.9954785229841748,0.9815964048790926,0.01388211810508222,0.056677743671193645
0.9848333333333333,0.9954785229841748,0.9818104001711963,0.013668122812978578,0.05665478424099826
0.985,0.9954785229841748,0.9820243954632998,0.013454127520875048,0.05664345934662227
0.9851666666666666,0.9954785229841748,0.9822383907554034,0.013240132228771406,0.0565570682593787
0.9853333333333333,0.9954785229841748,0.982452386047507,0.013026136936667876,0.05645645474837583
0.9855,0.9954785229841748,0.9826663813396105,0.012812141644564345,0.056388258101432845
0.9856666666666667,0.9954785229841748,0.9828803766317141,0.012598146352460704,0.05635087943376484
0.9858333333333333,0.9954785229841748,0.9830943719238177,0.012384151060357174,0.05628925468657727
0.986,0.9954785229841748,0.9833083672159213,0.012170155768253532,0.05626868062627549
0.9861666666666666,0.9954785229841748,0.9835223625080248,0.011956160476150002,0.0560188411390625
0.9863333333333333,0.9954785229841748,0.9837363578001284,0.011742165184046471,0.05596953255214934
0.9865,0.9954785229841748,0.983950353092232,0.01152816989194283,0.05591105088305648
0.9866666666666667,0.9954785229841748,0.9841643483843355,0.0113141745998393,0.055369020048404785
0.9868333333333333,0.9954785229841748,0.9843783436764392,0.011100179307735658,0.05519094482207684
0.987,0.9954785229841748,0.9845923389685427,0.010886184015632128,0.055179898141022754
0.9871666666666666,0.9962321024868124,0.9845923389685427,0.011639763518269675,0.05498278065194771
0.9873333333333333,0.9962321024868124,0.9848063342606462,0.011425768226166144,0.05492902458214139
0.9875,0.9962321024868124,0.9850203295527499,0.011211772934062503,0.0548876150335829
0.9876666666666667,0.9962321024868124,0.9852343248448534,0.010997777641958972,0.054859342451879824
0.9878333333333333,0.9962321024868124,0.9854483201369569,0.010783782349855442,0.05484509320228198
0.988,0.9962321024868124,0.9856623154290606,0.0105697870577518,0.054768391757540634
0.9881666666666666,0.9962321024868124,0.9858763107211641,0.01035579176564827,0.054719615433652245
0.9883333333333333,0.9969856819894499,0.9858763107211641,0.011109371268285817,0.05455080383329993
0.9885,0.9969856819894499,0.9860903060132677,0.010895375976182176,0.05402341869274111
0.9886666666666667,0.9969856819894499,0.9863043013053713,0.010681380684078645,0.05398180905738158
0.9888333333333333,0.9969856819894499,0.9865182965974748,0.010467385391975115,0.05388203398002467
0.989,0.9969856819894499,0.9867322918895785,0.010253390099871473,0.05368521200920819
0.9891666666666666,0.9969856819894499,0.986946287181682,0.010039394807767943,0.05350877712717477
0.9893333333333333,0.9969856819894499,0.9871602824737856,0.009825399515664301,0.05346039415181343
0.9895,0.9977392614920875,0.9871602824737856,0.010578979018301848,0.05345316060624162
0.9896666666666667,0.9977392614920875,0.9873742777658892,0.010364983726198318,0.05343955631678429
0.9898333333333333,0.9984928409947249,0.9873742777658892,0.011118563228835754,0.05323938935168467
0.99,0.9984928409947249,0.9875882730579927,0.010904567936732223,0.05317240549368861
0.9901666666666666,0.9984928409947249,0.9878022683500963,0.010690572644628582,0.05317169883813505
0.9903333333333333,0.9992464204973625,0.9878022683500963,0.011444152147266129,0.05315080317461341
0.9905,0.9992464204973625,0.9880162636421999,0.011230156855162599,0.052984546023863655
0.9906666666666667,0.9992464204973625,0.9882302589343035,0.011016161563058957,0.05293460365747607
0.9908333333333333,0.9992464204973625,0.988444254226407,0.010802166270955427,0.05260534244508267
0.991,0.9992464204973625,0.9886582495185106,0.010588170978851896,0.05259077680579961
0.9911666666666666,0.9992464204973625,0.9888722448106142,0.010374175686748255,0.05236048851341632
0.9913333333333333,0.9992464204973625,0.9890862401027177,0.010160180394644724,0.052310291755216766
0.9915,0.9992464204973625,0.9893002353948213,0.009946185102541194,0.05215424035175174
0.9916666666666667,0.9992464204973625,0.9895142306869249,0.009732189810437553,0.05215303265333529
0.9918333333333333,0.9992464204973625,0.9897282259790284,0.009518194518334022,0.051990051862721764
0.992,0.9992464204973625,0.9899422212711321,0.00930419922623038,0.05196609619995239
0.9921666666666666,0.9992464204973625,0.9901562165632356,0.00909020393412685,0.05187096856670272
0.9923333333333333,0.9992464204973625,0.9903702118553391,0.00887620864202332,0.05168946995464491
0.9925,0.9992464204973625,0.9905842071474428,0.008662213349919679,0.051331732889334014
0.9926666666666667,0.9992464204973625,0.9907982024395463,0.008448218057816148,0.05104869013726063
0.9928333333333333,0.9992464204973625,0.99101219773165,0.008234222765712507,0.051047609985156034
0.993,0.9992464204973625,0.9912261930237535,0.008020227473608976,0.05086335146533577
0.9931666666666666,0.9992464204973625,0.991440188315857,0.007806232181505446,0.050702800589263804
0.9933333333333333,0.9992464204973625,0.9916541836079606,0.007592236889401804,0.050601021473117194
0.9935,0.9992464204973625,0.9918681789000642,0.007378241597298274,0.05036938780240128
0.9936666666666667,0.9992464204973625,0.9920821741921678,0.007164246305194633,0.04993034140436824
0.9938333333333333,0.9992464204973625,0.9922961694842714,0.006950251013091102,0.049924305954129014
0.994,0.9992464204973625,0.9925101647763749,0.006736255720987572,0.049384145117532655
0.9941666666666666,0.9992464204973625,0.9927241600684785,0.00652226042888393,0.049302581003527454
0.9943333333333333,1.0,0.9927241600684785,0.007275839931521477,0.04920386004406607
0.9945,1.0,0.992938155360582,0.007061844639417947,0.04918516715252482
0.9946666666666667,1.0,0.9931521506526857,0.006847849347314305,0.04852290935660359
0.9948333333333333,1.0,0.9933661459447892,0.006633854055210775,0.04825289534063578
0.995,1.0,0.9935801412368928,0.006419858763107245,0.047861184513915696
0.9951666666666666,1.0,0.9937941365289964,0.006205863471003603,0.04776844568609149
0.9953333333333333,1.0,0.9940081318210999,0.005991868178900073,0.04768284337889449
0.9955,1.0,0.9942221271132035,0.005777872886796542,0.04716246086084512
0.9956666666666667,1.0,0.9944361224053071,0.005563877594692901,0.04670354075159396
0.9958333333333333,1.0,0.9946501176974106,0.0053498823025893705,0.04649939310638701
0.996,1.0,0.9948641129895143,0.005135887010485729,0.046229490912531916
0.9961666666666666,1.0,0.9950781082816178,0.004921891718382199,0.04607633226252605
0.9963333333333333,1.0,0.9952921035737213,0.004707896426278668,0.045366486108822004
0.9965,1.0,0.995506098865825,0.004493901134175027,0.045174345832440746
0.9966666666666667,1.0,0.9957200941579285,0.004279905842071496,0.04494146422077054
0.9968333333333333,1.0,0.9959340894500321,0.004065910549967855,0.04413747982010663
0.997,1.0,0.9961480847421357,0.0038519152578643245,0.04400298646490361
0.9971666666666666,1.0,0.9963620800342392,0.003637919965760794,0.043470752958094445
0.9973333333333333,1.0,0.9965760753263428,0.0034239246736571527,0.04242460114038884
0.9975,1.0,0.9967900706184464,0.0032099293815536223,0.042182048831459075
0.9976666666666667,1.0,0.99700406591055,0.002995934089449981,0.041550185199569246
0.9978333333333333,1.0,0.9972180612026535,0.0027819387973464504,0.040881883268654294
0.998,1.0,0.9974320564947571,0.00256794350524292,0.040175009026827684
0.9981666666666666,1.0,0.9976460517868607,0.0023539482131392786,0.04008916801886895
0.9983333333333333,1.0,0.9978600470789643,0.002139952921035748,0.03936790957262274
0.9985,1.0,0.9980740423710678,0.0019259576289322178,0.03919245489858237
0.9986666666666667,1.0,0.9982880376631714,0.0017119623368285763,0.03784454811580857
0.9988333333333334,1.0,0.998502032955275,0.001497967044725046,0.03780621187549937
0.999,1.0,0.9987160282473786,0.0012839717526214045,0.037096572227343874
0.9991666666666666,1.0,0.9989300235394821,0.001069976460517874,0.0354992790111153
0.9993333333333333,1.0,0.9991440188315857,0.0008559811684143437,0.035363061790928886
0.9995,1.0,0.9993580141236893,0.0006419858763107023,0.03475986981954204
0.9996666666666667,1.0,0.9995720094157928,0.00042799058420717184,0.034498400608196846
0.9998333333333334,1.0,0.9997860047078965,0.0002139952921035304,0.03432995990635342
1.0,1.0,1.0,0.0,0.0324514003670131
